ספר תהלים/צ	0	<noinclude>{{תבנית:טעמי המקרא באינטרנט}}//{{מ:שוליים|5}}//{{תבנית:משתמש:Dovi/טעמי המקרא}}//</noinclude>		
ספר תהלים/צ	א	{{רווח לספר בתהלים|ספר רביעי}}	{{מ:פסוק|תהלים|צ|א}}	תְּפִלָּה֮ לְמֹשֶׁ{{אתנח הפוך}}ה אִֽישׁ־הָאֱלֹ֫הִ֥ים{{נוסח|{{ר3}}|פרשה פתוחה}}אֲֽדֹנָ֗י מָע֣וֹן אַ֭תָּה הָיִ֥יתָ לָּ֗נוּ{{ר1}}בְּדֹ֣ר וָדֹֽר׃
ספר תהלים/צ	ב	{{ר4}}	{{מ:פסוק|תהלים|צ|ב}}	בְּטֶ֤רֶם{{מ:לגרמיה}}הָ֘רִ֤ים יֻלָּ֗דוּ{{ר1}}וַתְּח֣וֹלֵֽל אֶ֣רֶץ וְתֵבֵ֑ל{{ר2}}וּֽמֵעוֹלָ֥ם עַד־ע֝וֹלָ֗ם{{ר0}}אַתָּ֥ה אֵֽל׃
ספר תהלים/צ	ג	{{ר4}}	{{מ:פסוק|תהלים|צ|ג}}	תָּשֵׁ֣ב אֱ֭נוֹשׁ עַד־דַּכָּ֑א{{ר1}}וַ֝תֹּ֗אמֶר שׁ֣וּבוּ בְנֵֽי־אָדָֽם׃
ספר תהלים/צ	ד	{{ר4}}	{{מ:פסוק|תהלים|צ|ד}}	כִּ֤י אֶ{{גלגל}}לֶף שָׁנִ֡ים{{ר0}}בְּֽעֵינֶ֗יךָ{{ר1}}כְּי֣וֹם אֶ֭תְמוֹל כִּ֣י יַֽעֲבֹ֑ר{{ר2}}וְאַשְׁמוּרָ֥ה בַלָּֽיְלָה׃
ספר תהלים/צ	ה	{{ר4}}	{{מ:פסוק|תהלים|צ|ה}}	זְ֭רַמְתָּם שֵׁנָ֣ה יִהְי֑וּ{{ר1}}בַּ֝בֹּ֗קֶר כֶּחָצִ֥יר יַחֲלֹֽף׃
ספר תהלים/צ	ו	{{ר4}}	{{מ:פסוק|תהלים|צ|ו}}	בַּ֭בֹּקֶר יָצִ֣יץ וְחָלָ֑ף{{ר1}}לָ֝עֶ֗רֶב יְמוֹלֵ֥ל וְיָבֵֽשׁ׃
ספר תהלים/צ	ז	{{ר4}}	{{מ:פסוק|תהלים|צ|ז}}	כִּֽי־כָלִ֥ינוּ בְאַפֶּ֑ךָ{{ר1}}וּֽבַחֲמָתְךָ֥ נִבְהָֽלְנוּ׃
ספר תהלים/צ	ח	{{ר4}}	{{מ:פסוק|תהלים|צ|ח}}	"{{קו""כ-אם|שַׁתָּ֣|=קורן (לשיטתם ושיטתנו)|אל-קרי=שַׁתָּ֣ה ובדפוסים (וכן הכריע ברויאר!)}} עֲוֺנֹתֵ֣ינוּ לְנֶגְדֶּ֑ךָ{{ר1}}עֲ֝לֻמֵ֗נוּ לִמְא֥וֹר פָּנֶֽיךָ׃"
ספר תהלים/צ	ט	{{ר4}}	{{מ:פסוק|תהלים|צ|ט}}	כִּ֣י כׇל־יָ֭מֵינוּ פָּנ֣וּ בְעֶבְרָתֶ֑ךָ{{ר1}}כִּלִּ֖ינוּ שָׁנֵ֣ינוּ כְמוֹ־הֶֽגֶה׃
ספר תהלים/צ	י	{{ר4}}	{{מ:פסוק|תהלים|צ|י}}	יְמֵֽי־שְׁנוֹתֵ֨ינוּ בָהֶ֥ם שִׁבְעִ{{גלגל}}ים שָׁנָ֡ה{{ר1}}וְאִ֤ם בִּגְבוּרֹ֨ת{{מ:לגרמיה}}שְׁמ֘וֹנִ֤ים שָׁנָ֗ה{{ר3}}וְ֭רׇהְבָּם עָמָ֣ל וָאָ֑וֶן{{ר1}}כִּי־גָ֥ז {{נוסח|חִ֗֝ישׁ|א=חִ֝ישׁ}} וַנָּעֻֽפָה׃
ספר תהלים/צ	יא	{{ר4}}	{{מ:פסוק|תהלים|צ|יא}}	מִֽי־י֭וֹדֵעַ עֹ֣ז אַפֶּ֑ךָ{{ר1}}וּ֝כְיִרְאָתְךָ֗ עֶבְרָתֶֽךָ׃
ספר תהלים/צ	יב	{{ר4}}	{{מ:פסוק|תהלים|צ|יב}}	לִמְנ֣וֹת יָ֭מֵינוּ כֵּ֣ן הוֹדַ֑ע{{ר1}}וְ֝נָבִ֗א לְבַ֣ב חׇכְמָֽה׃
ספר תהלים/צ	יג	{{ר4}}	{{מ:פסוק|תהלים|צ|יג}}	שׁוּבָ֣ה יְ֭הֹוָה עַד־מָתָ֑י{{ר1}}וְ֝הִנָּחֵ֗ם עַל־עֲבָדֶֽיךָ׃
ספר תהלים/צ	יד	{{ר4}}	{{מ:פסוק|תהלים|צ|יד}}	שַׂבְּעֵ֣נוּ בַבֹּ֣קֶר חַסְדֶּ֑ךָ{{ר1}}וּֽנְרַנְּנָ֥ה וְ֝נִשְׂמְחָ֗ה בְּכׇל־יָמֵֽינוּ׃
ספר תהלים/צ	טו	{{ר4}}	{{מ:פסוק|תהלים|צ|טו}}	שַׂ֭מְּחֵנוּ כִּימ֣וֹת עִנִּיתָ֑נוּ{{ר1}}שְׁ֝נ֗וֹת רָאִ֥ינוּ רָעָֽה׃
ספר תהלים/צ	טז	{{ר4}}	{{מ:פסוק|תהלים|צ|טז}}	יֵרָאֶ֣ה אֶל־עֲבָדֶ֣יךָ {{מ:קמץ|ד=פׇעֳלֶ֑ךָ|ס=פָעֳלֶ֑ךָ}}{{ר1}}וַ֝הֲדָרְךָ֗ עַל־בְּנֵיהֶֽם׃
ספר תהלים/צ	יז	{{ר4}}	{{מ:פסוק|תהלים|צ|יז|סדר=יג}}	וִיהִ֤י{{מ:לגרמיה}}נֹ֤עַם אֲדֹנָ֥י אֱלֹהֵ֗ינוּ{{ר0}}עָ֫לֵ֥ינוּ{{ר1}}וּמַעֲשֵׂ֣ה יָ֭דֵינוּ {{נוסח|כּוֹנְנָ֥ה|א=כּוֹנֲנָ֥ה (חטף)}} עָלֵ֑ינוּ{{ר2}}וּֽמַעֲשֵׂ֥ה יָ֝דֵ֗ינוּ {{נוסח|כּוֹנְנֵֽהוּ|א=כּוֹנֲנֵֽהוּ (חטף)}}׃
ספר תהלים/צ	תתת	<noinclude>//{{תבנית:משתמש:Dovi/טעמי המקרא-סוף}}//{{מ:שוליים-סוף}}//==הפרק בלי מספרים==//{{תבנית:משתמש:Dovi/טעמי המקרא}}//{{#בלי קטע:{{שם הדף המלא}}|סימן}}//{{תבנית:משתמש:Dovi/טעמי המקרא-סוף}}</noinclude>		
ספר תהלים/צא	0	<noinclude>{{תבנית:טעמי המקרא באינטרנט}}//{{מ:שוליים|5}}//{{תבנית:משתמש:Dovi/טעמי המקרא}}//</noinclude>		
ספר תהלים/צא	א	{{פפ}}//	{{מ:פסוק|תהלים|צא|א}}	יֹ֭שֵׁב בְּסֵ֣תֶר עֶלְי֑וֹן{{ר1}}בְּצֵ֥ל שַׁ֝דַּ֗י יִתְלוֹנָֽן׃
ספר תהלים/צא	ב	{{ר4}}	{{מ:פסוק|תהלים|צא|ב}}	אֹמַ֗ר לַ֭יהֹוָה מַחְסִ֣י וּמְצוּדָתִ֑י{{ר1}}אֱ֝לֹהַ֗י אֶבְטַח־בּֽוֹ׃
ספר תהלים/צא	ג	{{ר4}}	{{מ:פסוק|תהלים|צא|ג}}	כִּ֤י ה֣וּא יַ֭צִּילְךָ מִפַּ֥ח יָק֗וּשׁ{{ר1}}מִדֶּ֥בֶר הַוּֽוֹת׃
ספר תהלים/צא	ד	{{ר4}}	{{מ:פסוק|תהלים|צא|ד}}	בְּאֶבְרָת֨וֹ{{מ:לגרמיה}}{{ר0|רווח=לא}}יָ֣סֶךְ לָ֭ךְ{{ר1}}וְתַחַת־כְּנָפָ֣יו תֶּחְסֶ֑ה{{ר2}}צִנָּ֖ה וְסֹחֵרָ֣ה אֲמִתּֽוֹ׃
ספר תהלים/צא	ה	{{ר4}}	{{מ:פסוק|תהלים|צא|ה}}	לֹֽא־תִ֭ירָא מִפַּ֣חַד לָ֑יְלָה{{ר1}}מֵ֝חֵ֗ץ יָע֥וּף יוֹמָֽם׃
ספר תהלים/צא	ו	{{ר4}}	{{מ:פסוק|תהלים|צא|ו}}	מִ֭דֶּבֶר בָּאֹ֣פֶל יַהֲלֹ֑ךְ{{ר1}}מִ֝קֶּ֗טֶב יָשׁ֥וּד {{מ:קמץ|ד=צׇהֳרָֽיִם|ס=צָהֳרָֽיִם}}׃
ספר תהלים/צא	ז	{{ר4}}	{{מ:פסוק|תהלים|צא|ז}}	יִפֹּ֤ל מִצִּדְּךָ֨{{מ:לגרמיה}}אֶ֗לֶף{{ר1}}וּרְבָבָ֥ה מִימִינֶ֑ךָ{{ר2}}אֵ֝לֶ֗יךָ{{ר0}}לֹ֣א יִגָּֽשׁ׃
ספר תהלים/צא	ח	{{ר4}}	{{מ:פסוק|תהלים|צא|ח}}	רַ֭ק בְּעֵינֶ֣יךָ תַבִּ֑יט{{ר1}}וְשִׁלֻּמַ֖ת רְשָׁעִ֣ים תִּרְאֶֽה׃
ספר תהלים/צא	ט	{{ר4}}	{{מ:פסוק|תהלים|צא|ט}}	כִּֽי־אַתָּ֣ה יְהֹוָ֣ה מַחְסִ֑י{{ר1}}עֶ֝לְי֗וֹן שַׂ֣מְתָּ מְעוֹנֶֽךָ׃
ספר תהלים/צא	י	{{ר4}}	{{מ:פסוק|תהלים|צא|י}}	לֹא־תְאֻנֶּ֣ה אֵלֶ֣יךָ רָעָ֑ה{{ר1}}וְ֝נֶ֗גַע לֹא־יִקְרַ֥ב {{מ:קמץ|ד=בְּאׇהֳלֶֽךָ|ס=בְּאָהֳלֶֽךָ}}׃
ספר תהלים/צא	יא	{{ר4}}	{{מ:פסוק|תהלים|צא|יא}}	כִּ֣י מַ֭לְאָכָיו יְצַוֶּה־לָּ֑ךְ{{ר1}}לִ֝שְׁמׇרְךָ֗ בְּכׇל־דְּרָכֶֽיךָ׃
ספר תהלים/צא	יב	{{ר4}}	{{מ:פסוק|תהלים|צא|יב}}	עַל־כַּפַּ֥יִם יִשָּׂא֑וּנְךָ{{ר1}}פֶּן־תִּגֹּ֖ף בָּאֶ֣בֶן רַגְלֶֽךָ׃
ספר תהלים/צא	יג	{{ר4}}	{{מ:פסוק|תהלים|צא|יג}}	עַל־שַׁ֣חַל וָפֶ֣תֶן תִּדְרֹ֑ךְ{{ר1}}תִּרְמֹ֖ס כְּפִ֣יר וְתַנִּֽין׃
ספר תהלים/צא	יד	{{ר4}}	{{מ:פסוק|תהלים|צא|יד}}	כִּ֤י בִ֣י חָ֭שַׁק וַאֲפַלְּטֵ֑הוּ{{ר1}}אֲ֝שַׂגְּבֵ֗הוּ כִּֽי־יָדַ֥ע שְׁמִֽי׃
ספר תהלים/צא	טו	{{ר4}}	{{מ:פסוק|תהלים|צא|טו}}	יִקְרָאֵ֨נִי{{מ:לגרמיה}}וְֽאֶעֱנֵ֗הוּ{{ר1}}עִמּֽוֹ־אָנֹכִ֥י בְצָרָ֑ה{{ר2}}אֲ֝חַלְּצֵ֗הוּ{{ר0}}וַאֲכַבְּדֵֽהוּ׃
ספר תהלים/צא	טז	{{ר4}}	{{מ:פסוק|תהלים|צא|טז}}	אֹ֣רֶךְ יָ֭מִים אַשְׂבִּיעֵ֑הוּ{{ר1}}וְ֝אַרְאֵ֗הוּ בִּישׁוּעָתִֽי׃
ספר תהלים/צא	תתת	<noinclude>//{{תבנית:משתמש:Dovi/טעמי המקרא-סוף}}//{{מ:שוליים-סוף}}//==הפרק בלי מספרים==//{{תבנית:משתמש:Dovi/טעמי המקרא}}//{{#בלי קטע:{{שם הדף המלא}}|סימן}}//{{תבנית:משתמש:Dovi/טעמי המקרא-סוף}}</noinclude>		
ספר תהלים/צב	0	<noinclude>{{תבנית:טעמי המקרא באינטרנט}}//{{מ:שוליים|5}}//{{תבנית:משתמש:Dovi/טעמי המקרא}}//</noinclude>		
ספר תהלים/צב	א	{{פפ}}//	{{מ:פסוק|תהלים|צב|א}}	מִזְמ֥וֹר שִׁ֗יר לְי֣וֹם הַשַּׁבָּֽת׃
ספר תהלים/צב	ב	{{נוסח|{{ר4}}|פרשה פתוחה}}	{{מ:פסוק|תהלים|צב|ב}}	ט֗וֹב לְהֹד֥וֹת לַיהֹוָ֑ה{{ר1}}וּלְזַמֵּ֖ר לְשִׁמְךָ֣ עֶלְיֽוֹן׃
ספר תהלים/צב	ג	{{ר4}}	{{מ:פסוק|תהלים|צב|ג}}	לְהַגִּ֣יד בַּבֹּ֣קֶר חַסְדֶּ֑ךָ{{ר1}}וֶ֝אֱמ֥וּנָתְךָ֗ בַּלֵּילֽוֹת׃
ספר תהלים/צב	ד	{{ר4}}	{{מ:פסוק|תהלים|צב|ד}}	עֲֽלֵי־עָ֭שׂוֹר וַעֲלֵי־נָ֑בֶל{{ר1}}עֲלֵ֖י הִגָּי֣וֹן בְּכִנּֽוֹר׃
ספר תהלים/צב	ה	{{ר4}}	{{מ:פסוק|תהלים|צב|ה}}	כִּ֤י שִׂמַּחְתַּ֣נִי יְהֹוָ֣ה {{מ:קמץ|ד=בְּפׇעֳלֶ֑ךָ|ס=בְּפָעֳלֶ֑ךָ}}{{ר1}}בְּֽמַעֲשֵׂ֖י יָדֶ֣יךָ אֲרַנֵּֽן׃
ספר תהלים/צב	ו	{{ר4}}	{{מ:פסוק|תהלים|צב|ו}}	מַה־גָּדְל֣וּ מַעֲשֶׂ֣יךָ יְהֹוָ֑ה{{ר1}}מְ֝אֹ֗ד עָמְק֥וּ מַחְשְׁבֹתֶֽיךָ׃
ספר תהלים/צב	ז	{{ר4}}	{{מ:פסוק|תהלים|צב|ז}}	אִֽישׁ־בַּ֭עַר לֹ֣א יֵדָ֑ע{{ר1}}וּ֝כְסִ֗יל לֹא־יָבִ֥ין אֶת־זֹֽאת׃
ספר תהלים/צב	ח	{{ר4}}	{{מ:פסוק|תהלים|צב|ח}}	"בִּפְרֹ֤חַ רְשָׁעִ֨ים{{מ:לגרמיה}}{{ר0|רווח=לא}}{{נוסח|כְּמ֥וֹ|=לש1 ובדפוסים (וכן הכריעו ברויאר כדרכו, ומג""ה שלא כדרכו!)|א=כְּמ֥וֹ־ (מקף בתיבת משרת; המקף ברור למרות שהדף מטושטש)}} עֵ֗שֶׂב{{ר1}}וַ֭יָּצִיצוּ כׇּל־פֹּ֣עֲלֵי אָ֑וֶן{{ר2}}לְהִשָּׁמְדָ֥ם עֲדֵי־עַֽד׃"
ספר תהלים/צב	ט	{{ר4}}	{{מ:פסוק|תהלים|צב|ט}}	וְאַתָּ֥ה מָר֗וֹם{{ר1}}לְעֹלָ֥ם יְהֹוָֽה׃
ספר תהלים/צב	י	{{ר4}}	{{מ:פסוק|תהלים|צב|י}}	כִּ֤י הִנֵּ{{גלגל}}ה אֹיְבֶ֡יךָ{{מ:פסק}}יְֽהֹוָ֗ה{{ר1}}כִּֽי־הִנֵּ֣ה אֹיְבֶ֣יךָ יֹאבֵ֑דוּ{{ר2}}יִ֝תְפָּרְד֗וּ{{ר0}}כׇּל־פֹּ֥עֲלֵי אָֽוֶן׃
ספר תהלים/צב	יא	{{ר4}}	{{מ:פסוק|תהלים|צב|יא}}	וַתָּ֣רֶם כִּרְאֵ֣ים קַרְנִ֑י{{ר1}}בַּ֝לֹּתִ֗י בְּשֶׁ֣מֶן רַעֲנָֽן׃
ספר תהלים/צב	יב	{{ר4}}	{{מ:פסוק|תהלים|צב|יב}}	וַתַּבֵּ֥ט עֵינִ֗י{{ר0}}בְּשׁ֫וּרָ֥י{{ר1}}בַּקָּמִ֖ים עָלַ֥י מְרֵעִ֗ים{{ר1}}תִּשְׁמַ֥עְנָה אׇזְנָֽי׃
ספר תהלים/צב	יג	{{ר4}}	{{מ:פסוק|תהלים|צב|יג}}	צַ֭דִּיק כַּתָּמָ֣ר יִפְרָ֑ח{{ר1}}כְּאֶ֖רֶז בַּלְּבָנ֣וֹן יִשְׂגֶּֽה׃
ספר תהלים/צב	יד	{{ר4}}	{{מ:פסוק|תהלים|צב|יד}}	שְׁ֭תוּלִים בְּבֵ֣ית יְהֹוָ֑ה{{ר1}}בְּחַצְר֖וֹת אֱלֹהֵ֣ינוּ יַפְרִֽיחוּ׃
ספר תהלים/צב	טו	{{ר4}}	{{מ:פסוק|תהלים|צב|טו}}	ע֭וֹד יְנוּב֣וּן בְּשֵׂיבָ֑ה{{ר1}}דְּשֵׁנִ֖ים וְֽרַעֲנַנִּ֣ים יִהְיֽוּ׃
ספר תהלים/צב	טז	{{ר4}}	{{מ:פסוק|תהלים|צב|טז}}	"לְ֭הַגִּיד כִּֽי־יָשָׁ֣ר יְהֹוָ֑ה{{ר1}}צ֝וּרִ֗י וְֽלֹא־{{קו""כ|עלתה|עַוְלָ֥תָה}} בּֽוֹ׃"
ספר תהלים/צב	תתת	<noinclude>//{{תבנית:משתמש:Dovi/טעמי המקרא-סוף}}//{{מ:שוליים-סוף}}//==הפרק בלי מספרים==//{{תבנית:משתמש:Dovi/טעמי המקרא}}//{{#בלי קטע:{{שם הדף המלא}}|סימן}}//{{תבנית:משתמש:Dovi/טעמי המקרא-סוף}}</noinclude>		
ספר תהלים/צג	0	<noinclude>{{תבנית:טעמי המקרא באינטרנט}}//{{מ:שוליים|5}}//{{תבנית:משתמש:Dovi/טעמי המקרא}}//</noinclude>		
ספר תהלים/צג	א	{{פפ}}//	{{מ:פסוק|תהלים|צג|א}}	יְהֹוָ֣ה מָלָךְ֮{{ר0}}גֵּא{{אתנח הפוך}}וּת לָ֫בֵ֥שׁ{{ר1}}לָבֵ֣שׁ יְ֭הֹוָה עֹ֣ז הִתְאַזָּ֑ר{{ר2}}אַף־תִּכּ֥וֹן תֵּ֝בֵ֗ל בַּל־תִּמּֽוֹט׃
ספר תהלים/צג	ב	{{ר4}}	{{מ:פסוק|תהלים|צג|ב}}	נָכ֣וֹן כִּסְאֲךָ֣ מֵאָ֑ז{{ר1}}מֵעוֹלָ֣ם אָֽתָּה׃
ספר תהלים/צג	ג	{{ר4}}	{{מ:פסוק|תהלים|צג|ג}}	נָשְׂא֤וּ נְהָר֨וֹת{{מ:לגרמיה}}{{ר0|רווח=לא}}יְֽהֹוָ֗ה{{ר1}}נָשְׂא֣וּ נְהָר֣וֹת קוֹלָ֑ם{{ר2}}יִשְׂא֖וּ נְהָר֣וֹת דׇּכְיָֽם׃
ספר תהלים/צג	ד	{{ר4}}	{{מ:פסוק|תהלים|צג|ד}}	מִקֹּל֨וֹת{{מ:לגרמיה}}{{ר0|רווח=לא}}מַ֤יִם רַבִּ֗ים{{ר1}}אַדִּירִ֣ים מִשְׁבְּרֵי־יָ֑ם{{ר2}}אַדִּ֖יר בַּמָּר֣וֹם יְהֹוָֽה׃
ספר תהלים/צג	ה	{{ר4}}	{{מ:פסוק|תהלים|צג|ה}}	עֵֽדֹתֶ֨יךָ{{מ:לגרמיה}}נֶאֶמְנ֬וּ מְאֹ֗ד{{ר1}}לְבֵיתְךָ֥ נַאֲוָה־קֹ֑דֶשׁ{{ר2}}יְ֝הֹוָ֗ה{{ר0}}לְאֹ֣רֶךְ יָמִֽים׃
ספר תהלים/צג	תתת	<noinclude>//{{תבנית:משתמש:Dovi/טעמי המקרא-סוף}}//{{מ:שוליים-סוף}}//==הפרק בלי מספרים==//{{תבנית:משתמש:Dovi/טעמי המקרא}}//{{#בלי קטע:{{שם הדף המלא}}|סימן}}//{{תבנית:משתמש:Dovi/טעמי המקרא-סוף}}</noinclude>		
ספר תהלים/צד	0	<noinclude>{{תבנית:טעמי המקרא באינטרנט}}//{{מ:שוליים|5}}//{{תבנית:משתמש:Dovi/טעמי המקרא}}//</noinclude>		
ספר תהלים/צד	א	{{פפ}}//	{{מ:פסוק|תהלים|צד|א}}	אֵל־נְקָמ֥וֹת יְהֹוָ֑ה{{ר1}}אֵ֖ל נְקָמ֣וֹת הוֹפִֽיעַ׃
ספר תהלים/צד	ב	{{ר4}}	{{מ:פסוק|תהלים|צד|ב}}	הִ֭נָּשֵׂא שֹׁפֵ֣ט הָאָ֑רֶץ{{ר1}}הָשֵׁ֥ב גְּ֝מ֗וּל עַל־גֵּאִֽים׃
ספר תהלים/צד	ג	{{ר4}}	{{מ:פסוק|תהלים|צד|ג}}	עַד־מָתַ֖י רְשָׁעִ֥ים{{מ:פסק}}יְהֹוָ֑ה{{ר1}}עַד־מָ֝תַ֗י רְשָׁעִ֥ים יַעֲלֹֽזוּ׃
ספר תהלים/צד	ד	{{ר4}}	{{מ:פסוק|תהלים|צד|ד}}	יַבִּ֣יעוּ יְדַבְּר֣וּ עָתָ֑ק{{ר1}}יִ֝תְאַמְּר֗וּ כׇּל־פֹּ֥עֲלֵי אָֽוֶן׃
ספר תהלים/צד	ה	{{ר4}}	{{מ:פסוק|תהלים|צד|ה}}	עַמְּךָ֣ יְהֹוָ֣ה יְדַכְּא֑וּ{{ר1}}וְֽנַחֲלָתְךָ֥ יְעַנּֽוּ׃
ספר תהלים/צד	ו	{{ר4}}	{{מ:פסוק|תהלים|צד|ו}}	אַלְמָנָ֣ה וְגֵ֣ר יַהֲרֹ֑גוּ{{ר1}}וִ֖יתוֹמִ֣ים יְרַצֵּֽחוּ׃
ספר תהלים/צד	ז	{{ר4}}	{{מ:פסוק|תהלים|צד|ז}}	וַ֭יֹּ֣אמְרוּ לֹ֣א יִרְאֶה־יָּ֑הּ{{ר1}}וְלֹא־יָ֝בִ֗ין אֱלֹהֵ֥י יַעֲקֹֽב׃
ספר תהלים/צד	ח	{{ר4}}	{{מ:פסוק|תהלים|צד|ח}}	בִּ֭ינוּ בֹּעֲרִ֣ים בָּעָ֑ם{{ר1}}וּ֝כְסִילִ֗ים מָתַ֥י תַּשְׂכִּֽילוּ׃
ספר תהלים/צד	ט	{{ר4}}	{{מ:פסוק|תהלים|צד|ט}}	הֲנֹ֣טַֽע אֹ֭זֶן הֲלֹ֣א יִשְׁמָ֑ע{{ר1}}אִֽם־יֹ֥צֵֽר {{נוסח|עַ֗֝יִן|א=עַ֝יִן}} הֲלֹ֣א יַבִּֽיט׃
ספר תהלים/צד	י	{{ר4}}	{{מ:פסוק|תהלים|צד|י}}	הֲיֹסֵ֣ר גּ֭וֹיִם הֲלֹ֣א יוֹכִ֑יחַ{{ר1}}{{נוסח|הַֽמְלַמֵּ֖ד|א=הַֽמֲלַמֵּ֖ד (חטף)}} אָדָ֣ם דָּֽעַת׃
ספר תהלים/צד	יא	{{ר4}}	{{מ:פסוק|תהלים|צד|יא}}	יְֽהֹוָ֗ה יֹ֭דֵעַ מַחְשְׁב֣וֹת אָדָ֑ם{{ר1}}כִּי־הֵ֥מָּה הָֽבֶל׃
ספר תהלים/צד	יב	{{ר4}}	{{מ:פסוק|תהלים|צד|יב}}	"אַשְׁרֵ֤י{{מ:לגרמיה}}הַגֶּ֣בֶר אֲשֶׁר־תְּיַסְּרֶ֣נּוּ {{נוסח|יָּ֑הּ|=לש1 ומסורת-ל וטברנים ומ""ש (וכן הכריעו ברויאר ומג""ה)|א=יָ֑הּ (אין דגש)}}{{ר1}}וּֽמִתּוֹרָתְךָ֥ תְלַמְּדֶֽנּוּ׃"
ספר תהלים/צד	יג	{{ר4}}	{{מ:פסוק|תהלים|צד|יג}}	לְהַשְׁקִ֣יט ל֭וֹ מִ֣ימֵי רָ֑ע{{ר1}}עַ֤ד יִכָּרֶ֖ה לָרָשָׁ֣ע שָֽׁחַת׃
ספר תהלים/צד	יד	{{ר4}}	{{מ:פסוק|תהלים|צד|יד}}	כִּ֤י{{מ:לגרמיה}}לֹא־יִטֹּ֣שׁ יְהֹוָ֣ה עַמּ֑וֹ{{ר1}}וְ֝נַחֲלָת֗וֹ לֹ֣א יַעֲזֹֽב׃
ספר תהלים/צד	טו	{{ר4}}	{{מ:פסוק|תהלים|צד|טו}}	כִּֽי־עַד־צֶ֭דֶק יָשׁ֣וּב מִשְׁפָּ֑ט{{ר1}}וְ֝אַחֲרָ֗יו כׇּל־יִשְׁרֵי־לֵֽב׃
ספר תהלים/צד	טז	{{ר4}}	{{מ:פסוק|תהלים|צד|טז}}	מִֽי־יָק֣וּם לִ֭י עִם־מְרֵעִ֑ים{{ר1}}מִי־יִתְיַצֵּ֥ב {{נוסח|לִ֗֝י|א=לִ֝י}} עִם־פֹּ֥עֲלֵי אָֽוֶן׃
ספר תהלים/צד	יז	{{ר4}}	{{מ:פסוק|תהלים|צד|יז}}	לוּלֵ֣י יְ֭הֹוָה עֶזְרָ֣תָה לִּ֑י{{ר1}}כִּמְעַ֓ט{{מ:לגרמיה}}שָׁכְנָ֖ה דוּמָ֣ה נַפְשִֽׁי׃
ספר תהלים/צד	יח	{{ר4}}	{{מ:פסוק|תהלים|צד|יח}}	אִם־אָ֭מַרְתִּי מָ֣טָה רַגְלִ֑י{{ר1}}חַסְדְּךָ֥ יְ֝הֹוָ֗ה יִסְעָדֵֽנִי׃
ספר תהלים/צד	יט	{{ר4}}	{{מ:פסוק|תהלים|צד|יט}}	בְּרֹ֣ב שַׂרְעַפַּ֣י בְּקִרְבִּ֑י{{ר1}}תַּ֝נְחוּמֶ֗יךָ יְֽשַׁעַשְׁע֥וּ נַפְשִֽׁי׃
ספר תהלים/צד	כ	{{ר4}}	{{מ:פסוק|תהלים|צד|כ}}	הַֽ֭יְחׇבְרְךָ כִּסֵּ֣א הַוּ֑וֹת{{ר1}}יֹצֵ֖ר עָמָ֣ל עֲלֵי־חֹֽק׃
ספר תהלים/צד	כא	{{ר4}}	{{מ:פסוק|תהלים|צד|כא}}	יָ֭גוֹדּוּ עַל־נֶ֣פֶשׁ צַדִּ֑יק{{ר1}}וְדָ֖ם נָקִ֣י יַרְשִֽׁיעוּ׃
ספר תהלים/צד	כב	{{ר4}}	{{מ:פסוק|תהלים|צד|כב}}	וַיְהִ֬י יְהֹוָ֣ה לִ֣י לְמִשְׂגָּ֑ב{{ר1}}וֵ֝אלֹהַ֗י לְצ֣וּר מַחְסִֽי׃
ספר תהלים/צד	כג	{{ר4}}	{{מ:פסוק|תהלים|צד|כג}}	וַיָּ֤שֶׁב עֲלֵיהֶ֨ם{{מ:לגרמיה}}אֶת־אוֹנָ֗ם{{ר1}}וּבְרָעָתָ֥ם יַצְמִיתֵ֑ם{{ר1}}יַ֝צְמִיתֵ֗ם{{ר0}}יְהֹוָ֥ה אֱלֹהֵֽינוּ׃
ספר תהלים/צד	תתת	<noinclude>//{{תבנית:משתמש:Dovi/טעמי המקרא-סוף}}//{{מ:שוליים-סוף}}//==הפרק בלי מספרים==//{{תבנית:משתמש:Dovi/טעמי המקרא}}//{{#בלי קטע:{{שם הדף המלא}}|סימן}}//{{תבנית:משתמש:Dovi/טעמי המקרא-סוף}}</noinclude>		
ספר תהלים/צה	0	<noinclude>{{תבנית:טעמי המקרא באינטרנט}}//{{מ:שוליים|5}}//{{תבנית:משתמש:Dovi/טעמי המקרא}}//</noinclude>		
ספר תהלים/צה	א	{{פפ}}//	{{מ:פסוק|תהלים|צה|א}}	לְ֭כוּ נְרַנְּנָ֣ה לַיהֹוָ֑ה{{ר1}}נָ֝רִ֗יעָה לְצ֣וּר יִשְׁעֵֽנוּ׃
ספר תהלים/צה	ב	{{ר4}}	{{מ:פסוק|תהלים|צה|ב}}	נְקַדְּמָ֣ה פָנָ֣יו בְּתוֹדָ֑ה{{ר1}}בִּ֝זְמִר֗וֹת נָרִ֥יעַֽ לֽוֹ׃
ספר תהלים/צה	ג	{{ר4}}	{{מ:פסוק|תהלים|צה|ג}}	כִּ֤י אֵ֣ל גָּד֣וֹל יְהֹוָ֑ה{{ר1}}וּמֶ֥לֶךְ גָּ֝ד֗וֹל עַל־כׇּל־אֱלֹהִֽים׃
ספר תהלים/צה	ד	{{ר4}}	{{מ:פסוק|תהלים|צה|ד}}	אֲשֶׁ֣ר בְּ֭יָדוֹ מֶחְקְרֵי־אָ֑רֶץ{{ר1}}וְתוֹעֲפֹ֖ת הָרִ֣ים לֽוֹ׃
ספר תהלים/צה	ה	{{ר4}}	{{מ:פסוק|תהלים|צה|ה}}	אֲשֶׁר־ל֣וֹ הַ֭יָּם וְה֣וּא עָשָׂ֑הוּ{{ר1}}וְ֝יַבֶּ֗שֶׁת יָדָ֥יו יָצָֽרוּ׃
ספר תהלים/צה	ו	{{ר4}}	{{מ:פסוק|תהלים|צה|ו}}	בֹּ֭אוּ נִשְׁתַּחֲוֶ֣ה וְנִכְרָ֑עָה{{ר1}}נִ֝בְרְכָ֗ה לִֽפְנֵי־יְהֹוָ֥ה עֹשֵֽׂנוּ׃
ספר תהלים/צה	ז	{{ר4}}	{{מ:פסוק|תהלים|צה|ז}}	כִּ֘י ה֤וּא אֱלֹהֵ֗ינוּ{{ר1}}וַאֲנַ֤חְנוּ עַ֣ם מַ֭רְעִיתוֹ{{ר0}}וְצֹ֣אן יָד֑וֹ{{ר2}}הַ֝יּ֗וֹם אִֽם־בְּקֹל֥וֹ תִשְׁמָֽעוּ׃
ספר תהלים/צה	ח	{{ר4}}	{{מ:פסוק|תהלים|צה|ח}}	אַל־תַּקְשׁ֣וּ לְ֭בַבְכֶם כִּמְרִיבָ֑ה{{ר1}}כְּי֥וֹם מַ֝סָּ֗ה בַּמִּדְבָּֽר׃
ספר תהלים/צה	ט	{{ר4}}	{{מ:פסוק|תהלים|צה|ט}}	אֲשֶׁ֣ר נִ֭סּוּנִי אֲבֽוֹתֵיכֶ֑ם{{ר1}}בְּ֝חָנ֗וּנִי גַּם־רָא֥וּ {{מ:קמץ|ד=פׇעֳלִֽי|ס=פָעֳלִֽי}}׃
ספר תהלים/צה	י	{{ר4}}	{{מ:פסוק|תהלים|צה|י}}	אַרְבָּ֘עִ֤ים שָׁנָ֨ה{{מ:לגרמיה}}אָ֘ק֤וּט בְּד֗וֹר{{ר1}}וָאֹמַ֗ר{{ר0}}עַ֤ם תֹּעֵ֣י לֵבָ֣ב הֵ֑ם{{ר2}}וְ֝הֵ֗ם לֹא־יָדְע֥וּ דְרָכָֽי׃
ספר תהלים/צה	יא	{{ר4}}	{{מ:פסוק|תהלים|צה|יא}}	אֲשֶׁר־נִשְׁבַּ֥עְתִּי בְאַפִּ֑י{{ר1}}אִם־יְ֝בֹא֗וּן אֶל־מְנוּחָתִֽי׃
ספר תהלים/צה	תתת	<noinclude>//{{תבנית:משתמש:Dovi/טעמי המקרא-סוף}}//{{מ:שוליים-סוף}}//==הפרק בלי מספרים==//{{תבנית:משתמש:Dovi/טעמי המקרא}}//{{#בלי קטע:{{שם הדף המלא}}|סימן}}//{{תבנית:משתמש:Dovi/טעמי המקרא-סוף}}</noinclude>		
ספר תהלים/צו	0	<noinclude>{{תבנית:טעמי המקרא באינטרנט}}//{{מ:שוליים|5}}//{{תבנית:משתמש:Dovi/טעמי המקרא}}//</noinclude>		
ספר תהלים/צו	א	{{פפ}}//	{{מ:פסוק|תהלים|צו|א}}	שִׁ֣ירוּ לַ֭יהֹוָה שִׁ֣יר חָדָ֑שׁ{{ר1}}שִׁ֥ירוּ לַ֝יהֹוָ֗ה כׇּל־הָאָֽרֶץ׃
ספר תהלים/צו	ב	{{ר4}}	{{מ:פסוק|תהלים|צו|ב}}	שִׁ֣ירוּ לַ֭יהֹוָה {{נוסח|בָּרְכ֣וּ|א=בָּרֲכ֣וּ (חטף)}} שְׁמ֑וֹ{{ר1}}בַּשְּׂר֥וּ מִיּֽוֹם־לְ֝י֗וֹם יְשׁוּעָתֽוֹ׃
ספר תהלים/צו	ג	{{ר4}}	{{מ:פסוק|תהלים|צו|ג}}	סַפְּר֣וּ בַגּוֹיִ֣ם כְּבוֹד֑וֹ{{ר1}}בְּכׇל־הָ֝עַמִּ֗ים נִפְלְאוֹתָֽיו׃
ספר תהלים/צו	ד	{{ר4}}	{{מ:פסוק|תהלים|צו|ד}}	כִּ֥י גָ֘ד֤וֹל יְהֹוָ֣ה וּמְהֻלָּ֣ל מְאֹ֑ד{{ר1}}נוֹרָ֥א {{נוסח|ה֗֝וּא|א=ה֝וּא}} עַל־כׇּל־אֱלֹהִֽים׃
ספר תהלים/צו	ה	{{ר4}}	{{מ:פסוק|תהלים|צו|ה}}	כִּ֤י{{מ:לגרמיה}}כׇּל־אֱלֹהֵ֣י הָעַמִּ֣ים אֱלִילִ֑ים{{ר1}}וַ֝יהֹוָ֗ה שָׁמַ֥יִם עָשָֽׂה׃
ספר תהלים/צו	ו	{{ר4}}	{{מ:פסוק|תהלים|צו|ו}}	הוֹד־וְהָדָ֥ר לְפָנָ֑יו{{ר1}}עֹ֥ז וְ֝תִפְאֶ֗רֶת בְּמִקְדָּשֽׁוֹ׃
ספר תהלים/צו	ז	{{ר4}}	{{מ:פסוק|תהלים|צו|ז}}	הָב֣וּ לַ֭יהֹוָה מִשְׁפְּח֣וֹת עַמִּ֑ים{{ר1}}הָב֥וּ לַ֝יהֹוָ֗ה כָּב֥וֹד וָעֹֽז׃
ספר תהלים/צו	ח	{{ר4}}	{{מ:פסוק|תהלים|צו|ח}}	הָב֣וּ לַ֭יהֹוָה כְּב֣וֹד שְׁמ֑וֹ{{ר1}}שְׂאֽוּ־מִ֝נְחָ֗ה וּבֹ֥אוּ לְחַצְרוֹתָֽיו׃
ספר תהלים/צו	ט	{{ר4}}	{{מ:פסוק|תהלים|צו|ט}}	הִשְׁתַּחֲו֣וּ לַ֭יהֹוָה בְּהַדְרַת־קֹ֑דֶשׁ{{ר1}}חִ֥ילוּ מִ֝פָּנָ֗יו כׇּל־הָאָֽרֶץ׃
ספר תהלים/צו	י	{{ר4}}	{{מ:פסוק|תהלים|צו|י}}	אִמְר֤וּ בַגּוֹיִ֨ם{{מ:לגרמיה}}{{נוסח|יְהֹ֘וָ֤ה|א=יְ֘הוָ֤ה (מקום הצינורית)}} מָלָ֗ךְ{{ר1}}אַף־תִּכּ֣וֹן תֵּ֭בֵל{{ר0}}בַּל־תִּמּ֑וֹט{{ר2}}יָדִ֥ין עַ֝מִּ֗ים בְּמֵישָׁרִֽים׃
ספר תהלים/צו	יא	{{ר4}}	{{מ:פסוק|תהלים|צו|יא}}	יִשְׂמְח֣וּ הַ֭שָּׁמַיִם וְתָגֵ֣ל הָאָ֑רֶץ{{ר1}}יִֽרְעַ֥ם הַ֝יָּ֗ם וּמְלֹאֽוֹ׃
ספר תהלים/צו	יב	{{ר4}}	{{מ:פסוק|תהלים|צו|יב}}	יַעֲלֹ֣ז שָׂ֭דַי וְכׇל־אֲשֶׁר־בּ֑וֹ{{ר1}}אָ֥ז יְ֝רַנְּנ֗וּ כׇּל־עֲצֵי־יָֽעַר׃
ספר תהלים/צו	יג	{{ר4}}	{{מ:פסוק|תהלים|צו|יג}}	לִפְנֵ֤י יְהֹוָ֨ה{{מ:לגרמיה}}כִּ֬י בָ֗א{{ר1}}כִּ֥י בָא֮ לִשְׁפֹּ{{אתנח הפוך}}ט הָ֫אָ֥רֶץ{{ר2}}יִשְׁפֹּֽט־תֵּבֵ֥ל בְּצֶ֑דֶק{{ר2}}וְ֝עַמִּ֗ים בֶּאֱמוּנָתֽוֹ׃
ספר תהלים/צו	תתת	<noinclude>//{{תבנית:משתמש:Dovi/טעמי המקרא-סוף}}//{{מ:שוליים-סוף}}//==הפרק בלי מספרים==//{{תבנית:משתמש:Dovi/טעמי המקרא}}//{{#בלי קטע:{{שם הדף המלא}}|סימן}}//{{תבנית:משתמש:Dovi/טעמי המקרא-סוף}}</noinclude>		
ספר תהלים/צז	0	<noinclude>{{תבנית:טעמי המקרא באינטרנט}}//{{מ:שוליים|5}}//{{תבנית:משתמש:Dovi/טעמי המקרא}}//</noinclude>		
ספר תהלים/צז	א	{{פפ}}//	{{מ:פסוק|תהלים|צז|א}}	יְהֹוָ֣ה מָ֭לָךְ תָּגֵ֣ל הָאָ֑רֶץ{{ר1}}יִ֝שְׂמְח֗וּ אִיִּ֥ים רַבִּֽים׃
ספר תהלים/צז	ב	{{ר4}}	{{מ:פסוק|תהלים|צז|ב}}	עָנָ֣ן וַעֲרָפֶ֣ל סְבִיבָ֑יו{{ר1}}צֶ֥דֶק וּ֝מִשְׁפָּ֗ט מְכ֣וֹן כִּסְאֽוֹ׃
ספר תהלים/צז	ג	{{ר4}}	{{מ:פסוק|תהלים|צז|ג}}	אֵ֭שׁ לְפָנָ֣יו תֵּלֵ֑ךְ{{ר1}}וּתְלַהֵ֖ט סָבִ֣יב צָרָֽיו׃
ספר תהלים/צז	ד	{{ר4}}	{{מ:פסוק|תהלים|צז|ד}}	הֵאִ֣ירוּ בְרָקָ֣יו תֵּבֵ֑ל{{ר1}}רָאֲתָ֖ה וַתָּחֵ֣ל הָאָֽרֶץ׃
ספר תהלים/צז	ה	{{ר4}}	{{מ:פסוק|תהלים|צז|ה}}	הָרִ֗ים כַּדּוֹנַ֗ג נָ֭מַסּוּ מִלִּפְנֵ֣י יְהֹוָ֑ה{{ר1}}מִ֝לִּפְנֵ֗י אֲד֣וֹן כׇּל־הָאָֽרֶץ׃
ספר תהלים/צז	ו	{{ר4}}	{{מ:פסוק|תהלים|צז|ו}}	הִגִּ֣ידוּ הַשָּׁמַ֣יִם צִדְק֑וֹ{{ר1}}וְרָא֖וּ כׇל־הָעַמִּ֣ים כְּבוֹדֽוֹ׃
ספר תהלים/צז	ז	{{ר4}}	{{מ:פסוק|תהלים|צז|ז}}	יֵבֹ֤שׁוּ{{מ:לגרמיה}}כׇּל־עֹ֬בְדֵי פֶ֗סֶל{{ר1}}{{נוסח|הַמִּֽתְהַלְלִ֥ים|א=הַמִּֽתְהַלֲלִ֥ים (חטף)}} בָּאֱלִילִ֑ים{{ר2}}{{נוסח|הִשְׁתַּחֲווּ־ל֗֝וֹ|א=הִשְׁתַּחֲווּ־ל֝וֹ}}{{ר0}}כׇּל־אֱלֹהִֽים׃
ספר תהלים/צז	ח	{{ר4}}	{{מ:פסוק|תהלים|צז|ח}}	שָׁמְעָ֬ה וַתִּשְׂמַ֨ח{{מ:לגרמיה}}צִיּ֗וֹן{{ר1}}וַ֭תָּגֵלְנָה{{ר0}}בְּנ֣וֹת יְהוּדָ֑ה{{ר2}}לְמַ֖עַן מִשְׁפָּטֶ֣יךָ יְהֹוָֽה׃
ספר תהלים/צז	ט	{{ר4}}	{{מ:פסוק|תהלים|צז|ט}}	כִּֽי־אַתָּ֤ה יְהֹוָ֗ה{{ר1}}עֶלְי֥וֹן עַל־כׇּל־הָאָ֑רֶץ{{ר2}}מְאֹ֥ד נַ֝עֲלֵ֗יתָ{{ר0}}עַל־כׇּל־אֱלֹהִֽים׃
ספר תהלים/צז	י	{{ר4}}	{{מ:פסוק|תהלים|צז|י}}	אֹֽהֲבֵ֥י יְהֹוָ֗ה{{ר0}}שִׂנְא֫וּ רָ֥ע{{ר1}}שֹׁ֭מֵר נַפְשׁ֣וֹת חֲסִידָ֑יו{{ר2}}מִיַּ֥ד רְ֝שָׁעִ֗ים יַצִּילֵֽם׃
ספר תהלים/צז	יא	{{ר4}}	{{מ:פסוק|תהלים|צז|יא}}	א֭וֹר זָרֻ֣עַ לַצַּדִּ֑יק{{ר1}}וּֽלְיִשְׁרֵי־לֵ֥ב שִׂמְחָֽה׃
ספר תהלים/צז	יב	{{ר4}}	{{מ:פסוק|תהלים|צז|יב}}	שִׂמְח֣וּ צַ֭דִּיקִים בַּיהֹוָ֑ה{{ר1}}וְ֝הוֹד֗וּ לְזֵ֣כֶר קׇדְשֽׁוֹ׃
ספר תהלים/צז	תתת	<noinclude>//{{תבנית:משתמש:Dovi/טעמי המקרא-סוף}}//{{מ:שוליים-סוף}}//==הפרק בלי מספרים==//{{תבנית:משתמש:Dovi/טעמי המקרא}}//{{#בלי קטע:{{שם הדף המלא}}|סימן}}//{{תבנית:משתמש:Dovi/טעמי המקרא-סוף}}</noinclude>		
ספר תהלים/צח	0	<noinclude>{{תבנית:טעמי המקרא באינטרנט}}//{{מ:שוליים|5}}//{{תבנית:משתמש:Dovi/טעמי המקרא}}//</noinclude>		
ספר תהלים/צח	א	{{פפ}}//	{{מ:פסוק|תהלים|צח|א}}	מִזְמ֡וֹר{{נוסח|{{ר1}}|אין רווח של פרשה לאחר הכותרת}}שִׁ֤ירוּ לַיהֹוָ֨ה{{מ:לגרמיה}}שִׁ֣יר חָ֭דָשׁ{{ר1}}כִּֽי־נִפְלָא֣וֹת עָשָׂ֑ה{{ר2}}הוֹשִׁיעָה־לּ֥וֹ יְ֝מִינ֗וֹ וּזְר֥וֹעַ קׇדְשֽׁוֹ׃
ספר תהלים/צח	ב	{{ר4}}	{{מ:פסוק|תהלים|צח|ב}}	הוֹדִ֣יעַ יְ֭הֹוָה יְשׁוּעָת֑וֹ{{ר1}}לְעֵינֵ֥י הַ֝גּוֹיִ֗ם גִּלָּ֥ה צִדְקָתֽוֹ׃
ספר תהלים/צח	ג	{{ר4}}	{{מ:פסוק|תהלים|צח|ג}}	זָ֘כַ֤ר חַסְדּ֨וֹ{{מ:לגרמיה}}וֶ֥אֱֽמוּנָתוֹ֮{{ר0}}לְבֵ{{אתנח הפוך}}ית יִשְׂרָ֫אֵ֥ל{{ר1}}רָא֥וּ כׇל־אַפְסֵי־אָ֑רֶץ{{ר2}}{{נוסח|אֵ֗֝ת|א=אֵ֝ת}} יְשׁוּעַ֥ת אֱלֹהֵֽינוּ׃
ספר תהלים/צח	ד	{{ר4}}	{{מ:פסוק|תהלים|צח|ד}}	הָרִ֣יעוּ לַ֭יהֹוָה כׇּל־הָאָ֑רֶץ{{ר1}}פִּצְח֖וּ וְרַנְּנ֣וּ וְזַמֵּֽרוּ׃
ספר תהלים/צח	ה	{{ר4}}	{{מ:פסוק|תהלים|צח|ה}}	זַמְּר֣וּ לַיהֹוָ֣ה בְּכִנּ֑וֹר{{ר1}}בְּ֝כִנּ֗וֹר וְק֣וֹל זִמְרָֽה׃
ספר תהלים/צח	ו	{{ר4}}	{{מ:פסוק|תהלים|צח|ו}}	בַּ֭חֲצֹ֣צְרוֹת וְק֣וֹל שׁוֹפָ֑ר{{ר1}}הָ֝רִ֗יעוּ לִפְנֵ֤י{{מ:לגרמיה}}הַמֶּ֬לֶךְ יְהֹוָֽה׃
ספר תהלים/צח	ז	{{ר4}}	{{מ:פסוק|תהלים|צח|ז}}	יִרְעַ֣ם הַ֭יָּם וּמְלֹא֑וֹ{{ר1}}תֵּ֝בֵ֗ל וְיֹ֣שְׁבֵי בָֽהּ׃
ספר תהלים/צח	ח	{{ר4}}	{{מ:פסוק|תהלים|צח|ח}}	נְהָר֥וֹת יִמְחֲאוּ־כָ֑ף{{ר1}}{{נוסח|יַ֗֝חַד|א=יַ֝חַד}} הָרִ֥ים {{נוסח|יְרַנֵּֽנוּ|א=יְרַנֵּנֽוּ (מקום הסילוק)}}׃
ספר תהלים/צח	ט	{{ר4}}	{{מ:פסוק|תהלים|צח|ט}}	לִ֥פְֽנֵי יְהֹוָ֗ה{{ר0}}כִּ֥י בָא֮ לִשְׁפֹּ{{אתנח הפוך}}ט הָ֫אָ֥רֶץ{{ר1}}יִשְׁפֹּֽט־תֵּבֵ֥ל בְּצֶ֑דֶק{{ר1}}וְ֝עַמִּ֗ים בְּמֵישָׁרִֽים׃
ספר תהלים/צח	תתת	<noinclude>//{{תבנית:משתמש:Dovi/טעמי המקרא-סוף}}//{{מ:שוליים-סוף}}//==הפרק בלי מספרים==//{{תבנית:משתמש:Dovi/טעמי המקרא}}//{{#בלי קטע:{{שם הדף המלא}}|סימן}}//{{תבנית:משתמש:Dovi/טעמי המקרא-סוף}}</noinclude>		
ספר תהלים/צט	0	<noinclude>{{תבנית:טעמי המקרא באינטרנט}}//{{מ:שוליים|5}}//{{תבנית:משתמש:Dovi/טעמי המקרא}}//</noinclude>		
ספר תהלים/צט	א	{{פפ}}//	{{מ:פסוק|תהלים|צט|א}}	יְהֹוָ֣ה מָ֭לָךְ יִרְגְּז֣וּ עַמִּ֑ים{{נוסח|{{ר1}}|פרשה סתומה}}יֹשֵׁ֥ב כְּ֝רוּבִ֗ים תָּנ֥וּט הָאָֽרֶץ׃
ספר תהלים/צט	ב	{{ר4}}	{{מ:פסוק|תהלים|צט|ב}}	יְ֭הֹוָה בְּצִיּ֣וֹן גָּד֑וֹל{{ר1}}וְרָ֥ם {{נוסח|ה֗֝וּא|א=ה֝וּא}} עַל־כׇּל־הָעַמִּֽים׃
ספר תהלים/צט	ג	{{ר4}}	{{מ:פסוק|תהלים|צט|ג}}	יוֹד֣וּ שִׁ֭מְךָ גָּד֥וֹל וְנוֹרָ֗א{{ר1}}קָד֥וֹשׁ הֽוּא׃
ספר תהלים/צט	ד	{{ר4}}	{{מ:פסוק|תהלים|צט|ד}}	וְעֹ֥ז מֶלֶךְ֮{{ר0}}מִשְׁפָּ{{אתנח הפוך}}ט אָ֫הֵ֥ב{{ר1}}אַ֭תָּה כּוֹנַ֣נְתָּ מֵישָׁרִ֑ים{{ר2}}מִשְׁפָּ֥ט וּ֝צְדָקָ֗ה בְּיַעֲקֹ֤ב{{מ:לגרמיה}}אַתָּ֬ה עָשִֽׂיתָ׃
ספר תהלים/צט	ה	{{ר4}}	{{מ:פסוק|תהלים|צט|ה}}	{{נוסח|רוֹמְמ֡וּ|א=רוֹמֲמ֡וּ (חטף)}} {{נוסח|יְהֹ֘וָ֤ה|א=יְ֘הוָ֤ה (מקום הצינורית)}} אֱלֹהֵ֗ינוּ{{ר1}}{{נוסח|וְֽ֭הִשְׁתַּחֲווּ|=לש1 ובדפוסים|א=וְֽ֭הִשְׁתַּחֲוּוּ (דגש בוי”ו עיצורית)}} לַהֲדֹ֥ם רַגְלָ֗יו{{ר1}}קָד֥וֹשׁ הֽוּא׃
ספר תהלים/צט	ו	{{ר4}}	{{מ:פסוק|תהלים|צט|ו}}	מֹ֘שֶׁ֤ה וְאַֽהֲרֹ֨ן{{מ:לגרמיה}}בְּֽכֹהֲנָ֗יו{{ר1}}וּ֭שְׁמוּאֵל בְּקֹרְאֵ֣י שְׁמ֑וֹ{{ר2}}קֹרִ֥אים אֶל־יְ֝הֹוָ֗ה{{ר0}}וְה֣וּא יַעֲנֵֽם׃
ספר תהלים/צט	ז	{{ר4}}	{{מ:פסוק|תהלים|צט|ז}}	בְּעַמּ֣וּד עָ֭נָן יְדַבֵּ֣ר אֲלֵיהֶ֑ם{{ר1}}שָׁמְר֥וּ עֵ֝דֹתָ֗יו וְחֹ֣ק נָֽתַן־לָֽמוֹ׃
ספר תהלים/צט	ח	{{ר4}}	{{מ:פסוק|תהלים|צט|ח}}	יְהֹוָ֣ה אֱלֹהֵינוּ֮{{ר0}}אַתָּ{{אתנח הפוך}}ה עֲנִ֫יתָ֥ם{{ר1}}אֵ֣ל נֹ֭שֵׂא הָיִ֣יתָ לָהֶ֑ם{{ר2}}וְ֝נֹקֵ֗ם עַל־עֲלִילוֹתָֽם׃
ספר תהלים/צט	ט	{{ר4}}	{{מ:פסוק|תהלים|צט|ט}}	{{נוסח|רוֹמְמ֡וּ|א=רוֹמֲמ֡וּ (חטף)}} {{נוסח|יְהֹ֘וָ֤ה|א=יְ֘הוָ֤ה (מקום הצינורית)}} אֱלֹהֵ֗ינוּ{{ר1}}וְֽ֭הִשְׁתַּחֲווּ לְהַ֣ר קׇדְשׁ֑וֹ{{ר2}}כִּי־קָ֝ד֗וֹשׁ{{ר0}}יְהֹוָ֥ה אֱלֹהֵֽינוּ׃
ספר תהלים/צט	תתת	<noinclude>//{{תבנית:משתמש:Dovi/טעמי המקרא-סוף}}//{{מ:שוליים-סוף}}//==הפרק בלי מספרים==//{{תבנית:משתמש:Dovi/טעמי המקרא}}//{{#בלי קטע:{{שם הדף המלא}}|סימן}}//{{תבנית:משתמש:Dovi/טעמי המקרא-סוף}}</noinclude>		
ספר תהלים/ק	0	<noinclude>{{תבנית:טעמי המקרא באינטרנט}}//{{מ:שוליים|5}}//{{תבנית:משתמש:Dovi/טעמי המקרא}}//</noinclude>		
ספר תהלים/ק	א	{{פפ}}//	{{מ:פסוק|תהלים|ק|א}}	מִזְמ֥וֹר לְתוֹדָ֑ה{{נוסח|{{ר1}}|פרשה סתומה}}הָרִ֥יעוּ לַ֝יהֹוָ֗ה כׇּל־הָאָֽרֶץ׃
ספר תהלים/ק	ב	{{ר4}}	{{מ:פסוק|תהלים|ק|ב}}	עִבְד֣וּ אֶת־יְהֹוָ֣ה בְּשִׂמְחָ֑ה{{ר1}}בֹּ֥אוּ לְ֝פָנָ֗יו בִּרְנָנָֽה׃
ספר תהלים/ק	ג	{{ר4}}	{{מ:פסוק|תהלים|ק|ג}}	"דְּע֗וּ{{ר0}}כִּֽי־יְהֹוָה֮ ה֤וּא אֱלֹ֫הִ֥ים{{ר1}}הֽוּא־עָ֭שָׂנוּ {{כו""ק|ולא|וְל֣וֹ}} אֲנַ֑חְנוּ{{ר2}}עַ֝מּ֗וֹ וְצֹ֣אן מַרְעִיתֽוֹ׃"
ספר תהלים/ק	ד	{{ר4}}	{{מ:פסוק|תהלים|ק|ד}}	בֹּ֤אוּ שְׁעָרָ֨יו{{מ:לגרמיה}}בְּתוֹדָ֗ה{{ר1}}חֲצֵרֹתָ֥יו בִּתְהִלָּ֑ה{{ר2}}{{נוסח|הוֹדוּ־ל֗֝וֹ|א=הוֹדוּ־ל֝וֹ}} {{נוסח|בָּרְכ֥וּ|א=בָּרֲכ֥וּ (חטף)}} שְׁמֽוֹ׃
ספר תהלים/ק	ה	{{ר4}}	{{מ:פסוק|תהלים|ק|ה}}	כִּי־ט֣וֹב יְ֭הֹוָה לְעוֹלָ֣ם חַסְדּ֑וֹ{{ר1}}וְעַד־דֹּ֥ר וָ֝דֹ֗ר אֱמוּנָתֽוֹ׃
ספר תהלים/ק	תתת	<noinclude>//{{תבנית:משתמש:Dovi/טעמי המקרא-סוף}}//{{מ:שוליים-סוף}}//==הפרק בלי מספרים==//{{תבנית:משתמש:Dovi/טעמי המקרא}}//{{#בלי קטע:{{שם הדף המלא}}|סימן}}//{{תבנית:משתמש:Dovi/טעמי המקרא-סוף}}</noinclude>		
ספר תהלים/קא	0	<noinclude>{{תבנית:טעמי המקרא באינטרנט}}//{{מ:שוליים|5}}//{{תבנית:משתמש:Dovi/טעמי המקרא}}//</noinclude>		
ספר תהלים/קא	א	{{פפ}}//	{{מ:פסוק|תהלים|קא|א|סדר=יד}}	לְדָוִ֗ד מִ֫זְמ֥וֹר{{נוסח|{{ר1}}|פרשה סתומה}}חֶֽסֶד־וּמִשְׁפָּ֥ט אָשִׁ֑ירָה{{ר2}}לְךָ֖ יְהֹוָ֣ה אֲזַמֵּֽרָה׃
ספר תהלים/קא	ב	{{ר4}}	{{מ:פסוק|תהלים|קא|ב}}	אַשְׂכִּ֤ילָה{{מ:לגרמיה}}בְּדֶ֬רֶךְ תָּמִ֗ים{{ר1}}מָ֭תַי תָּב֣וֹא אֵלָ֑י{{ר2}}אֶתְהַלֵּ֥ךְ בְּתׇם־לְ֝בָבִ֗י{{ר0}}בְּקֶ֣רֶב בֵּיתִֽי׃
ספר תהלים/קא	ג	{{ר4}}	{{מ:פסוק|תהלים|קא|ג}}	לֹֽא־אָשִׁ֨ית{{מ:לגרמיה}}לְנֶ֥גֶד עֵינַ֗י{{ר0}}דְּֽבַר־בְּלִ֫יָּ֥עַל{{ר1}}עֲשֹֽׂה־סֵטִ֥ים שָׂנֵ֑אתִי{{ר1}}לֹ֖א יִדְבַּ֣ק בִּֽי׃
ספר תהלים/קא	ד	{{ר4}}	{{מ:פסוק|תהלים|קא|ד}}	לֵבָ֣ב עִ֭קֵּשׁ יָס֣וּר מִמֶּ֑נִּי{{ר1}}{{נוסח|רָ֗֝ע|א=רָ֝ע}} לֹ֣א אֵדָֽע׃
ספר תהלים/קא	ה	{{ר4}}	{{מ:פסוק|תהלים|קא|ה}}	"{{כו""ק|מלושני|מְלׇשְׁנִ֬י}} בַסֵּ֨תֶר{{מ:לגרמיה}}רֵעֵהוּ֮{{ר1}}אוֹת{{אתנח הפוך}}וֹ אַ֫צְמִ֥ית{{ר2}}גְּֽבַהּ־עֵ֭ינַיִם וּרְחַ֣ב לֵבָ֑ב{{ר2}}אֹ֝ת֗וֹ לֹ֣א אוּכָֽל׃"
ספר תהלים/קא	ו	{{ר4}}	{{מ:פסוק|תהלים|קא|ו}}	עֵינַ֤י{{מ:לגרמיה}}בְּנֶֽאֶמְנֵי־אֶרֶץ֮{{ר0}}לָשֶׁ{{אתנח הפוך}}בֶת עִמָּ֫דִ֥י{{ר1}}הֹ֭לֵךְ בְּדֶ֣רֶךְ תָּמִ֑ים{{ר1}}{{נוסח|ה֗֝וּא|א=ה֝וּא}} יְשָׁרְתֵֽנִי׃
ספר תהלים/קא	ז	{{ר4}}	{{מ:פסוק|תהלים|קא|ז}}	לֹֽא־יֵשֵׁ֨ב{{מ:לגרמיה}}בְּקֶ֥רֶב בֵּיתִי֮{{ר0}}עֹשֵׂ{{אתנח הפוך}}ה רְמִ֫יָּ֥ה{{ר1}}דֹּבֵ֥ר שְׁקָרִ֑ים{{ר1}}לֹֽא־יִ֝כּ֗וֹן לְנֶ֣גֶד עֵינָֽי׃
ספר תהלים/קא	ח	{{ר4}}	{{מ:פסוק|תהלים|קא|ח}}	לַבְּקָרִ֗ים אַצְמִ֥ית כׇּל־רִשְׁעֵי־אָ֑רֶץ{{ר1}}לְהַכְרִ֥ית מֵעִיר־יְ֝הֹוָ֗ה כׇּל־פֹּ֥עֲלֵי אָֽוֶן׃
ספר תהלים/קא	תתת	<noinclude>//{{תבנית:משתמש:Dovi/טעמי המקרא-סוף}}//{{מ:שוליים-סוף}}//==הפרק בלי מספרים==//{{תבנית:משתמש:Dovi/טעמי המקרא}}//{{#בלי קטע:{{שם הדף המלא}}|סימן}}//{{תבנית:משתמש:Dovi/טעמי המקרא-סוף}}</noinclude>		
ספר תהלים/קב	0	<noinclude>{{תבנית:טעמי המקרא באינטרנט}}//{{מ:שוליים|5}}//{{תבנית:משתמש:Dovi/טעמי המקרא}}//</noinclude>		
ספר תהלים/קב	א	{{פפ}}//	{{מ:פסוק|תהלים|קב|א}}	תְּ֭פִלָּה לְעָנִ֣י כִֽי־יַעֲטֹ֑ף{{ר1}}וְלִפְנֵ֥י יְ֝הֹוָ֗ה יִשְׁפֹּ֥ךְ שִׂיחֽוֹ׃
ספר תהלים/קב	ב	{{ר4}}	{{מ:פסוק|תהלים|קב|ב}}	יְ֭הֹוָה שִׁמְעָ֣ה תְפִלָּתִ֑י{{ר1}}וְ֝שַׁוְעָתִ֗י אֵלֶ֥יךָ תָבֽוֹא׃
ספר תהלים/קב	ג	{{ר4}}	{{מ:פסוק|תהלים|קב|ג}}	אַל־תַּסְתֵּ֬ר פָּנֶ֨יךָ{{מ:לגרמיה}}מִמֶּנִּי֮{{ר1}}בְּי{{אתנח הפוך}}וֹם צַ֫ר לִ֥י{{ר2}}הַטֵּֽה־אֵלַ֥י אׇזְנֶ֑ךָ{{ר2}}בְּי֥וֹם אֶ֝קְרָ֗א מַהֵ֥ר עֲנֵֽנִי׃
ספר תהלים/קב	ד	{{ר4}}	{{מ:פסוק|תהלים|קב|ד}}	כִּֽי־כָל֣וּ בְעָשָׁ֣ן יָמָ֑י{{ר1}}וְ֝עַצְמוֹתַ֗י כְּמוֹקֵ֥ד נִחָֽרוּ׃
ספר תהלים/קב	ה	{{ר4}}	{{מ:פסוק|תהלים|קב|ה}}	הוּכָּה־כָעֵ֣שֶׂב וַיִּבַ֣שׁ לִבִּ֑י{{ר1}}כִּֽי־שָׁ֝כַ֗חְתִּי מֵאֲכֹ֥ל לַחְמִֽי׃
ספר תהלים/קב	ו	{{ר4}}	{{מ:פסוק|תהלים|קב|ו}}	מִקּ֥וֹל אַנְחָתִ֑י{{ר1}}דָּבְקָ֥ה עַ֝צְמִ֗י לִבְשָׂרִֽי׃
ספר תהלים/קב	ז	{{ר4}}	{{מ:פסוק|תהלים|קב|ז}}	דָּ֭מִיתִי לִקְאַ֣ת מִדְבָּ֑ר{{ר1}}הָ֝יִ֗יתִי כְּכ֣וֹס חֳרָבֽוֹת׃
ספר תהלים/קב	ח	{{ר4}}	{{מ:פסוק|תהלים|קב|ח}}	שָׁקַ֥דְתִּי וָאֶהְיֶ֑ה{{ר1}}כְּ֝צִפּ֗וֹר בּוֹדֵ֥ד עַל־גָּֽג׃
ספר תהלים/קב	ט	{{ר4}}	{{מ:פסוק|תהלים|קב|ט}}	כׇּל־הַ֭יּוֹם חֵרְפ֣וּנִי אוֹיְבָ֑י{{ר1}}מְ֝הוֹלָלַ֗י בִּ֣י נִשְׁבָּֽעוּ׃
ספר תהלים/קב	י	{{ר4}}	{{מ:פסוק|תהלים|קב|י}}	כִּי־אֵ֭פֶר כַּלֶּ֣חֶם אָכָ֑לְתִּי{{ר1}}וְ֝שִׁקֻּוַ֗י בִּבְכִ֥י מָסָֽכְתִּי׃
ספר תהלים/קב	יא	{{ר4}}	{{מ:פסוק|תהלים|קב|יא}}	מִפְּנֵֽי־זַעַמְךָ֥ וְקִצְפֶּ֑ךָ{{ר1}}כִּ֥י נְ֝שָׂאתַ֗נִי וַתַּשְׁלִיכֵֽנִי׃
ספר תהלים/קב	יב	{{ר4}}	{{מ:פסוק|תהלים|קב|יב}}	יָ֭מַי כְּצֵ֣ל נָט֑וּי{{ר1}}וַ֝אֲנִ֗י כָּעֵ֥שֶׂב אִיבָֽשׁ׃
ספר תהלים/קב	יג	{{ר4}}	{{מ:פסוק|תהלים|קב|יג}}	וְאַתָּ֣ה יְ֭הֹוָה לְעוֹלָ֣ם תֵּשֵׁ֑ב{{ר1}}וְ֝זִכְרְךָ֗ לְדֹ֣ר וָדֹֽר׃
ספר תהלים/קב	יד	{{ר4}}	{{מ:פסוק|תהלים|קב|יד}}	אַתָּ֣ה תָ֭קוּם תְּרַחֵ֣ם צִיּ֑וֹן{{ר1}}כִּי־עֵ֥ת לְ֝חֶֽנְנָ֗הּ כִּי־בָ֥א מוֹעֵֽד׃
ספר תהלים/קב	טו	{{ר4}}	{{מ:פסוק|תהלים|קב|טו}}	כִּי־רָצ֣וּ עֲ֭בָדֶיךָ אֶת־אֲבָנֶ֑יהָ{{ר1}}וְֽאֶת־עֲפָרָ֥הּ יְחֹנֵֽנוּ׃
ספר תהלים/קב	טז	{{ר4}}	{{מ:פסוק|תהלים|קב|טז}}	וְיִֽירְא֣וּ ג֭וֹיִם אֶת־שֵׁ֣ם יְהֹוָ֑ה{{ר1}}וְֽכׇל־מַלְכֵ֥י הָ֝אָ֗רֶץ אֶת־כְּבוֹדֶֽךָ׃
ספר תהלים/קב	יז	{{ר4}}	{{מ:פסוק|תהלים|קב|יז}}	כִּֽי־בָנָ֣ה יְהֹוָ֣ה צִיּ֑וֹן{{ר1}}נִ֝רְאָ֗ה בִּכְבוֹדֽוֹ׃
ספר תהלים/קב	יח	{{ר4}}	{{מ:פסוק|תהלים|קב|יח}}	פָּ֭נָה אֶל־תְּפִלַּ֣ת הָעַרְעָ֑ר{{ר1}}וְלֹא־בָ֝זָ֗ה אֶת־תְּפִלָּתָֽם׃
ספר תהלים/קב	יט	{{ר4}}	{{מ:פסוק|תהלים|קב|יט}}	תִּכָּ֣תֶב זֹ֭את לְד֣וֹר אַחֲר֑וֹן{{ר1}}וְעַ֥ם נִ֝בְרָ֗א יְהַלֶּל־יָֽהּ׃
ספר תהלים/קב	כ	{{ר4}}	{{מ:פסוק|תהלים|קב|כ}}	כִּֽי־הִ֭שְׁקִיף מִמְּר֣וֹם קׇדְשׁ֑וֹ{{ר1}}יְ֝הֹוָ֗ה מִשָּׁמַ֤יִם{{מ:לגרמיה}}אֶל־אֶ֬רֶץ הִבִּֽיט׃
ספר תהלים/קב	כא	{{ר4}}	{{מ:פסוק|תהלים|קב|כא}}	לִ֭שְׁמֹעַ אֶנְקַ֣ת אָסִ֑יר{{ר1}}לְ֝פַתֵּ֗חַ בְּנֵ֣י תְמוּתָֽה׃
ספר תהלים/קב	כב	{{ר4}}	{{מ:פסוק|תהלים|קב|כב}}	לְסַפֵּ֣ר בְּ֭צִיּוֹן שֵׁ֣ם יְהֹוָ֑ה{{ר1}}וּ֝תְהִלָּת֗וֹ בִּירוּשָׁל{{מ:ירושלם|ָ|ֽ}}ם׃
ספר תהלים/קב	כג	{{ר4}}	{{מ:פסוק|תהלים|קב|כג}}	בְּהִקָּבֵ֣ץ עַמִּ֣ים יַחְדָּ֑ו{{ר1}}וּ֝מַמְלָכ֗וֹת לַעֲבֹ֥ד אֶת־יְהֹוָֽה׃
ספר תהלים/קב	כד	{{ר4}}	{{מ:פסוק|תהלים|קב|כד}}	"עִנָּ֖ה בַדֶּ֥רֶךְ {{כו""ק|כחו|כֹּחִ֗י}}{{ר1}}קִצַּ֥ר יָמָֽי׃"
ספר תהלים/קב	כה	{{ר4}}	{{מ:פסוק|תהלים|קב|כה}}	אֹמַ֗ר אֵלִ֗י אַֽל־תַּ֭עֲלֵנִי בַּחֲצִ֣י יָמָ֑י{{ר1}}בְּד֖וֹר דּוֹרִ֣ים שְׁנוֹתֶֽיךָ׃
ספר תהלים/קב	כו	{{ר4}}	{{מ:פסוק|תהלים|קב|כו}}	לְ֭פָנִים הָאָ֣רֶץ יָסַ֑דְתָּ{{ר1}}וּֽמַעֲשֵׂ֖ה יָדֶ֣יךָ שָׁמָֽיִם׃
ספר תהלים/קב	כז	{{ר4}}	{{מ:פסוק|תהלים|קב|כז}}	הֵ֤מָּה{{מ:לגרמיה}}יֹאבֵדוּ֮{{ר0}}וְאַתָּ{{אתנח הפוך}}ה תַ֫עֲמֹ֥ד{{ר1}}וְ֭כֻלָּם כַּבֶּ֣גֶד יִבְל֑וּ{{ר2}}כַּלְּב֖וּשׁ תַּחֲלִיפֵ֣ם וְֽיַחֲלֹֽפוּ׃
ספר תהלים/קב	כח	{{ר4}}	{{מ:פסוק|תהלים|קב|כח}}	וְאַתָּה־ה֑וּא{{ר1}}וּ֝שְׁנוֹתֶ֗יךָ לֹ֣א יִתָּֽמּוּ׃
ספר תהלים/קב	כט	{{ר4}}	{{מ:פסוק|תהלים|קב|כט}}	בְּנֵֽי־עֲבָדֶ֥יךָ יִשְׁכּ֑וֹנוּ{{ר1}}וְ֝זַרְעָ֗ם לְפָנֶ֥יךָ יִכּֽוֹן׃
ספר תהלים/קב	תתת	<noinclude>//{{תבנית:משתמש:Dovi/טעמי המקרא-סוף}}//{{מ:שוליים-סוף}}//==הפרק בלי מספרים==//{{תבנית:משתמש:Dovi/טעמי המקרא}}//{{#בלי קטע:{{שם הדף המלא}}|סימן}}//{{תבנית:משתמש:Dovi/טעמי המקרא-סוף}}</noinclude>		
ספר תהלים/קג	0	<noinclude>{{תבנית:טעמי המקרא באינטרנט}}//{{מ:שוליים|5}}//{{תבנית:משתמש:Dovi/טעמי המקרא}}//</noinclude>		
ספר תהלים/קג	א	{{פפ}}//	{{מ:פסוק|תהלים|קג|א}}	{{נוסח|לְדָוִ֨ד{{מ:לגרמיה}}|אין רווח של פרשה לאחר הכותרת}}{{נוסח|בָּרְכִ֣י|א=בָּרֲכִ֣י (חטף)}} נַ֭פְשִׁי אֶת־יְהֹוָ֑ה{{ר1}}וְכׇל־קְ֝רָבַ֗י אֶת־שֵׁ֥ם קׇדְשֽׁוֹ׃
ספר תהלים/קג	ב	{{ר4}}	{{מ:פסוק|תהלים|קג|ב}}	{{נוסח|בָּרְכִ֣י|א=בָּרֲכִ֣י (חטף)}} נַ֭פְשִׁי אֶת־יְהֹוָ֑ה{{ר1}}וְאַל־תִּ֝שְׁכְּחִ֗י כׇּל־גְּמוּלָֽיו׃
ספר תהלים/קג	ג	{{ר4}}	{{מ:פסוק|תהלים|קג|ג}}	הַסֹּלֵ֥חַ לְכׇל־עֲוֺנֵ֑כִי{{ר1}}הָ֝רֹפֵ֗א לְכׇל־תַּחֲלוּאָֽיְכִי׃
ספר תהלים/קג	ד	{{ר4}}	{{מ:פסוק|תהלים|קג|ד}}	הַגּוֹאֵ֣ל מִשַּׁ֣חַת חַיָּ֑יְכִי{{ר1}}הַֽ֝מְעַטְּרֵ֗כִי חֶ֣סֶד וְרַחֲמִֽים׃
ספר תהלים/קג	ה	{{ר4}}	{{מ:פסוק|תהלים|קג|ה}}	הַמַּשְׂבִּ֣יעַ בַּטּ֣וֹב עֶדְיֵ֑ךְ{{ר1}}תִּתְחַדֵּ֖שׁ כַּנֶּ֣שֶׁר נְעוּרָֽיְכִי׃
ספר תהלים/קג	ו	{{ר4}}	{{מ:פסוק|תהלים|קג|ו}}	עֹשֵׂ֣ה צְדָק֣וֹת יְהֹוָ֑ה{{ר1}}וּ֝מִשְׁפָּטִ֗ים לְכׇל־עֲשׁוּקִֽים׃
ספר תהלים/קג	ז	{{ר4}}	{{מ:פסוק|תהלים|קג|ז}}	יוֹדִ֣יעַ דְּרָכָ֣יו לְמֹשֶׁ֑ה{{ר1}}לִבְנֵ֥י יִ֝שְׂרָאֵ֗ל עֲלִילוֹתָֽיו׃
ספר תהלים/קג	ח	{{ר4}}	{{מ:פסוק|תהלים|קג|ח}}	רַח֣וּם וְחַנּ֣וּן יְהֹוָ֑ה{{ר1}}אֶ֖רֶךְ אַפַּ֣יִם וְרַב־חָֽסֶד׃
ספר תהלים/קג	ט	{{ר4}}	{{מ:פסוק|תהלים|קג|ט}}	לֹא־לָנֶ֥צַח יָרִ֑יב{{ר1}}וְלֹ֖א לְעוֹלָ֣ם יִטּֽוֹר׃
ספר תהלים/קג	י	{{ר4}}	{{מ:פסוק|תהלים|קג|י}}	לֹ֣א כַ֭חֲטָאֵינוּ עָ֣שָׂה לָ֑נוּ{{ר1}}וְלֹ֥א כַ֝עֲוֺנֹתֵ֗ינוּ גָּמַ֥ל עָלֵֽינוּ׃
ספר תהלים/קג	יא	{{ר4}}	{{מ:פסוק|תהלים|קג|יא}}	כִּ֤י כִגְבֹ֣הַּ שָׁ֭מַיִם עַל־הָאָ֑רֶץ{{ר1}}גָּבַ֥ר חַ֝סְדּ֗וֹ עַל־יְרֵאָֽיו׃
ספר תהלים/קג	יב	{{ר4}}	{{מ:פסוק|תהלים|קג|יב}}	כִּרְחֹ֣ק מִ֭זְרָח מִֽמַּעֲרָ֑ב{{ר1}}הִֽרְחִ֥יק מִ֝מֶּ֗נּוּ אֶת־פְּשָׁעֵֽינוּ׃
ספר תהלים/קג	יג	{{ר4}}	{{מ:פסוק|תהלים|קג|יג}}	כְּרַחֵ֣ם אָ֭ב עַל־בָּנִ֑ים{{ר1}}רִחַ֥ם יְ֝הֹוָ֗ה עַל־יְרֵאָֽיו׃
ספר תהלים/קג	יד	{{ר4}}	{{מ:פסוק|תהלים|קג|יד}}	כִּי־ה֭וּא יָדַ֣ע יִצְרֵ֑נוּ{{ר1}}זָ֝כ֗וּר כִּי־עָפָ֥ר אֲנָֽחְנוּ׃
ספר תהלים/קג	טו	{{ר4}}	{{מ:פסוק|תהלים|קג|טו}}	אֱ֭נוֹשׁ כֶּחָצִ֣יר יָמָ֑יו{{ר1}}כְּצִ֥יץ הַ֝שָּׂדֶ֗ה כֵּ֣ן יָצִֽיץ׃
ספר תהלים/קג	טז	{{ר4}}	{{מ:פסוק|תהלים|קג|טז}}	כִּ֤י ר֣וּחַ עָֽבְרָה־בּ֣וֹ וְאֵינֶ֑נּוּ{{ר1}}וְלֹֽא־יַכִּירֶ֖נּוּ ע֣וֹד מְקוֹמֽוֹ׃
ספר תהלים/קג	יז	{{ר4}}	{{מ:פסוק|תהלים|קג|יז}}	וְחֶ֤סֶד יְהֹוָ֨ה{{מ:לגרמיה}}מֵעוֹלָ֣ם וְעַד־ע֭וֹלָם{{ר1}}עַל־יְרֵאָ֑יו{{ר2}}וְ֝צִדְקָת֗וֹ{{ר0}}לִבְנֵ֥י בָנִֽים׃
ספר תהלים/קג	יח	{{ר4}}	{{מ:פסוק|תהלים|קג|יח}}	לְשֹׁמְרֵ֥י בְרִית֑וֹ{{ר1}}וּלְזֹכְרֵ֥י פִ֝קֻּדָ֗יו לַעֲשׂוֹתָֽם׃
ספר תהלים/קג	יט	{{ר4}}	{{מ:פסוק|תהלים|קג|יט}}	יְֽהֹוָ֗ה בַּ֭שָּׁמַיִם הֵכִ֣ין כִּסְא֑וֹ{{ר1}}וּ֝מַלְכוּת֗וֹ בַּכֹּ֥ל מָשָֽׁלָה׃
ספר תהלים/קג	כ	{{ר4}}	{{מ:פסוק|תהלים|קג|כ}}	{{נוסח|בָּרְכ֥וּ|א=בָּרֲכ֥וּ (חטף)}} יְהֹוָ֗ה{{ר0}}מַלְאָ֫כָ֥יו{{ר1}}גִּבֹּ֣רֵי כֹ֭חַ עֹשֵׂ֣י דְבָר֑וֹ{{ר2}}לִ֝שְׁמֹ֗עַ בְּק֣וֹל דְּבָרֽוֹ׃
ספר תהלים/קג	כא	{{ר4}}	{{מ:פסוק|תהלים|קג|כא}}	{{נוסח|בָּרְכ֣וּ|א=בָּרֲכ֣וּ}} יְ֭הֹוָה כׇּל־צְבָאָ֑יו{{ר1}}מְ֝שָׁרְתָ֗יו עֹשֵׂ֥י רְצוֹנֽוֹ׃
ספר תהלים/קג	כב	{{ר4}}	{{מ:פסוק|תהלים|קג|כב}}	{{נוסח|בָּרְכ֤וּ|א=בָּרֲכ֤וּ (חטף)}} יְהֹוָ֨ה{{מ:לגרמיה}}כׇּֽל־מַעֲשָׂ֗יו{{ר1}}בְּכׇל־מְקֹמ֥וֹת מֶמְשַׁלְתּ֑וֹ{{ר2}}{{נוסח|בָּרְכִ֥י|א=בָּרֲכִ֥י (חטף)}} נַ֝פְשִׁ֗י{{ר0}}אֶת־יְהֹוָֽה׃
ספר תהלים/קג	תתת	<noinclude>//{{תבנית:משתמש:Dovi/טעמי המקרא-סוף}}//{{מ:שוליים-סוף}}//==הפרק בלי מספרים==//{{תבנית:משתמש:Dovi/טעמי המקרא}}//{{#בלי קטע:{{שם הדף המלא}}|סימן}}//{{תבנית:משתמש:Dovi/טעמי המקרא-סוף}}</noinclude>		
ספר תהלים/קד	0	<noinclude>{{תבנית:טעמי המקרא באינטרנט}}//{{מ:שוליים|5}}//{{תבנית:משתמש:Dovi/טעמי המקרא}}//</noinclude>		
ספר תהלים/קד	א	{{פפ}}//	{{מ:פסוק|תהלים|קד|א}}	{{נוסח|בָּרְכִ֥י|א=בָּרֲכִ֥י (חטף)}} נַפְשִׁ֗י{{ר0}}{{נוסח|אֶת־יְהֹ֫וָ֥ה|=ל ובדפוסים|א=אֶת־יְ֫הוָ֥ה (מקום העולה)}}{{ר1}}יְהֹוָ֣ה אֱ֭לֹהַי גָּדַ֣לְתָּ מְּאֹ֑ד{{ר2}}ה֖וֹד וְהָדָ֣ר לָבָֽשְׁתָּ׃
ספר תהלים/קד	ב	{{ר4}}	{{מ:פסוק|תהלים|קד|ב}}	עֹֽטֶה־א֭וֹר כַּשַּׂלְמָ֑ה{{ר1}}נוֹטֶ֥ה שָׁ֝מַ֗יִם כַּיְרִיעָֽה׃
ספר תהלים/קד	ג	{{ר4}}	{{מ:פסוק|תהלים|קד|ג}}	{{נוסח|הַ֥מְקָרֶ֥ה|א=הַ֥מֲקָרֶ֥ה (חטף)}} בַמַּ֗יִם{{ר0}}עֲֽלִיּ֫וֹתָ֥יו{{ר1}}הַשָּׂם־עָבִ֥ים רְכוּב֑וֹ{{ר2}}{{נוסח|הַֽ֝מְהַלֵּ֗ךְ|א=הַֽ֝מֲהַלֵּ֗ךְ (חטף)}} עַל־כַּנְפֵי־רֽוּחַ׃
ספר תהלים/קד	ד	{{ר4}}	{{מ:פסוק|תהלים|קד|ד}}	עֹשֶׂ֣ה מַלְאָכָ֣יו רוּח֑וֹת{{ר1}}מְ֝שָׁרְתָ֗יו אֵ֣שׁ לֹהֵֽט׃
ספר תהלים/קד	ה	{{ר4}}	{{מ:פסוק|תהלים|קד|ה}}	יָֽסַד־אֶ֭רֶץ עַל־מְכוֹנֶ֑יהָ{{ר1}}בַּל־תִּ֝מּ֗וֹט עוֹלָ֥ם וָעֶֽד׃
ספר תהלים/קד	ו	{{ר4}}	{{מ:פסוק|תהלים|קד|ו}}	תְּ֭הוֹם כַּלְּב֣וּשׁ כִּסִּית֑וֹ{{ר1}}עַל־הָ֝רִ֗ים יַ֖עַמְדוּ מָֽיִם׃
ספר תהלים/קד	ז	{{ר4}}	{{מ:פסוק|תהלים|קד|ז}}	מִן־גַּעֲרָ֣תְךָ֣ יְנוּס֑וּן{{ר1}}מִן־ק֥וֹל רַֽ֝עַמְךָ֗ יֵחָפֵזֽוּן׃
ספר תהלים/קד	ח	{{ר4}}	{{מ:פסוק|תהלים|קד|ח}}	יַעֲל֣וּ הָ֭רִים יֵרְד֣וּ בְקָע֑וֹת{{ר1}}אֶל־מְ֝ק֗וֹם זֶ֤ה{{מ:לגרמיה}}יָסַ֬דְתָּ לָהֶֽם׃
ספר תהלים/קד	ט	{{ר4}}	{{מ:פסוק|תהלים|קד|ט}}	גְּֽבוּל־שַׂ֭מְתָּ בַּל־יַעֲבֹר֑וּן{{ר1}}בַּל־יְ֝שֻׁב֗וּן לְכַסּ֥וֹת הָאָֽרֶץ׃
ספר תהלים/קד	י	{{ר4}}	{{מ:פסוק|תהלים|קד|י}}	{{נוסח|הַֽמְשַׁלֵּ֣חַ|א=הַֽמֲשַׁלֵּ֣חַ (חטף)}} מַ֭עְיָנִים בַּנְּחָלִ֑ים{{ר1}}בֵּ֥ין הָ֝רִ֗ים יְהַלֵּכֽוּן׃
ספר תהלים/קד	יא	{{ר4}}	{{מ:פסוק|תהלים|קד|יא}}	יַ֭שְׁקוּ כׇּל־חַיְת֣וֹ שָׂדָ֑י{{ר1}}יִשְׁבְּר֖וּ פְרָאִ֣ים צְמָאָֽם׃
ספר תהלים/קד	יב	{{ר4}}	{{מ:פסוק|תהלים|קד|יב}}	עֲ֭לֵיהֶם עוֹף־הַשָּׁמַ֣יִם יִשְׁכּ֑וֹן{{ר1}}מִבֵּ֥ין עֳ֝פָאיִ֗ם יִתְּנוּ־קֽוֹל׃
ספר תהלים/קד	יג	{{ר4}}	{{מ:פסוק|תהלים|קד|יג}}	מַשְׁקֶ֣ה הָ֭רִים מֵעֲלִיּוֹתָ֑יו{{ר1}}מִפְּרִ֥י מַ֝עֲשֶׂ֗יךָ תִּשְׂבַּ֥ע הָאָֽרֶץ׃
ספר תהלים/קד	יד	{{ר4}}	{{מ:פסוק|תהלים|קד|יד}}	מַצְמִ֤יחַ חָצִ֨יר{{מ:לגרמיה}}לַבְּהֵמָ֗ה{{ר1}}וְ֭עֵשֶׂב לַעֲבֹדַ֣ת הָאָדָ֑ם{{ר2}}לְה֥וֹצִיא {{נוסח|לֶ֗֝חֶם|א=לֶ֝חֶם}}{{ר0}}מִן־הָאָֽרֶץ׃
ספר תהלים/קד	טו	{{ר4}}	{{מ:פסוק|תהלים|קד|טו}}	וְיַ֤יִן{{מ:לגרמיה}}יְשַׂמַּ֬ח לְֽבַב־אֱנ֗וֹשׁ{{ר1}}לְהַצְהִ֣יל פָּנִ֣ים מִשָּׁ֑מֶן{{ר2}}וְ֝לֶ֗חֶם{{ר0}}לְֽבַב־אֱנ֥וֹשׁ יִסְעָֽד׃
ספר תהלים/קד	טז	{{ר4}}	{{מ:פסוק|תהלים|קד|טז}}	יִ֭שְׂבְּעוּ עֲצֵ֣י יְהֹוָ֑ה{{ר1}}אַֽרְזֵ֥י לְ֝בָנ֗וֹן אֲשֶׁ֣ר נָטָֽע׃
ספר תהלים/קד	יז	{{ר4}}	{{מ:פסוק|תהלים|קד|יז}}	אֲשֶׁר־שָׁ֭ם צִפֳּרִ֣ים יְקַנֵּ֑נוּ{{ר1}}חֲ֝סִידָ֗ה בְּרוֹשִׁ֥ים בֵּיתָֽהּ׃
ספר תהלים/קד	יח	{{ר4}}	{{מ:פסוק|תהלים|קד|יח}}	הָרִ֣ים הַ֭גְּבֹהִים לַיְּעֵלִ֑ים{{ר1}}סְ֝לָעִ֗ים מַחְסֶ֥ה {{נוסח|לַֽשְׁפַנִּֽים|א=לַֽשֲׁפַנִּֽים (חטף)}}׃
ספר תהלים/קד	יט	{{ר4}}	{{מ:פסוק|תהלים|קד|יט}}	עָשָׂ֣ה יָ֭רֵחַ לְמוֹעֲדִ֑ים{{ר1}}שֶׁ֝֗מֶשׁ יָדַ֥ע מְבוֹאֽוֹ׃
ספר תהלים/קד	כ	{{ר4}}	{{מ:פסוק|תהלים|קד|כ}}	תָּֽשֶׁת־חֹ֭שֶׁךְ וִ֣יהִי לָ֑יְלָה{{ר1}}בּוֹ־תִ֝רְמֹ֗שׂ כׇּל־חַיְתוֹ־יָֽעַר׃
ספר תהלים/קד	כא	{{ר4}}	{{מ:פסוק|תהלים|קד|כא}}	הַ֭כְּפִירִים שֹׁאֲגִ֣ים לַטָּ֑רֶף{{ר1}}וּלְבַקֵּ֖שׁ מֵאֵ֣ל אׇכְלָֽם׃
ספר תהלים/קד	כב	{{ר4}}	{{מ:פסוק|תהלים|קד|כב}}	תִּזְרַ֣ח הַ֭שֶּׁמֶשׁ יֵאָסֵפ֑וּן{{ר1}}וְאֶל־מְ֝עוֹנֹתָ֗ם יִרְבָּצֽוּן׃
ספר תהלים/קד	כג	{{ר4}}	{{מ:פסוק|תהלים|קד|כג}}	יֵצֵ֣א אָדָ֣ם {{מ:קמץ|ד=לְפׇעֳל֑וֹ|ס=לְפָעֳל֑וֹ}}{{ר1}}וְֽלַעֲבֹ֖דָת֣וֹ עֲדֵי־עָֽרֶב׃
ספר תהלים/קד	כד	{{ר4}}	{{מ:פסוק|תהלים|קד|כד}}	מָה־רַבּ֬וּ מַעֲשֶׂ֨יךָ{{מ:לגרמיה}}יְֽהֹוָ֗ה{{ר1}}כֻּ֭לָּם בְּחׇכְמָ֣ה עָשִׂ֑יתָ{{ר2}}מָלְאָ֥ה הָ֝אָ֗רֶץ{{ר0}}קִנְיָנֶֽךָ׃
ספר תהלים/קד	כה	{{ר4}}	{{מ:פסוק|תהלים|קד|כה}}	זֶ֤ה{{מ:לגרמיה}}הַיָּ֥ם גָּדוֹל֮{{ר0}}וּרְחַ{{אתנח הפוך}}ב יָ֫דָ֥יִם{{ר1}}שָֽׁם־רֶ֭מֶשׂ וְאֵ֣ין מִסְפָּ֑ר{{ר2}}חַיּ֥וֹת קְ֝טַנּ֗וֹת עִם־גְּדֹלֽוֹת׃
ספר תהלים/קד	כו	{{ר4}}	{{מ:פסוק|תהלים|קד|כו}}	שָׁ֭ם אֳנִיּ֣וֹת יְהַלֵּכ֑וּן{{ר1}}לִ֝וְיָתָ֗ן זֶֽה־יָצַ֥רְתָּ לְשַֽׂחֶק־בּֽוֹ׃
ספר תהלים/קד	כז	{{ר4}}	{{מ:פסוק|תהלים|קד|כז}}	כֻּ֭לָּם אֵלֶ֣יךָ יְשַׂבֵּר֑וּן{{ר1}}לָתֵ֖ת אׇכְלָ֣ם בְּעִתּֽוֹ׃
ספר תהלים/קד	כח	{{ר4}}	{{מ:פסוק|תהלים|קד|כח}}	תִּתֵּ֣ן לָ֭הֶם יִלְקֹט֑וּן{{ר1}}תִּפְתַּ֥ח יָ֝דְךָ֗ יִשְׂבְּע֥וּן טֽוֹב׃
ספר תהלים/קד	כט	{{ר4}}	{{מ:פסוק|תהלים|קד|כט}}	תַּסְתִּ֥יר פָּנֶיךָ֮{{ר0}}יִֽבָּהֵ֫ל֥וּן{{ר1}}תֹּסֵ֣ף ר֭וּחָם יִגְוָע֑וּן{{ר2}}וְֽאֶל־עֲפָרָ֥ם יְשׁוּבֽוּן׃
ספר תהלים/קד	ל	{{ר4}}	{{מ:פסוק|תהלים|קד|ל}}	תְּשַׁלַּ֣ח ר֭וּחֲךָ יִבָּרֵא֑וּן{{ר1}}וּ֝תְחַדֵּ֗שׁ פְּנֵ֣י אֲדָמָֽה׃
ספר תהלים/קד	לא	{{ר4}}	{{מ:פסוק|תהלים|קד|לא}}	יְהִ֤י כְב֣וֹד יְהֹוָ֣ה לְעוֹלָ֑ם{{ר1}}יִשְׂמַ֖ח יְהֹוָ֣ה בְּמַעֲשָֽׂיו׃
ספר תהלים/קד	לב	{{ר4}}	{{מ:פסוק|תהלים|קד|לב}}	הַמַּבִּ֣יט לָ֭אָרֶץ וַתִּרְעָ֑ד{{ר1}}יִגַּ֖ע בֶּהָרִ֣ים וְֽיֶעֱשָֽׁנוּ׃
ספר תהלים/קד	לג	{{ר4}}	{{מ:פסוק|תהלים|קד|לג}}	אָשִׁ֣ירָה לַיהֹוָ֣ה בְּחַיָּ֑י{{ר1}}אֲזַמְּרָ֖ה לֵאלֹהַ֣י בְּעוֹדִֽי׃
ספר תהלים/קד	לד	{{ר4}}	{{מ:פסוק|תהלים|קד|לד}}	יֶעֱרַ֣ב עָלָ֣יו שִׂיחִ֑י{{ר1}}אָ֝נֹכִ֗י אֶשְׂמַ֥ח בַּיהֹוָֽה׃
ספר תהלים/קד	לה	{{ר4}}	{{מ:פסוק|תהלים|קד|לה}}	יִתַּ֤מּוּ חַטָּאִ֨ים{{מ:לגרמיה}}מִן־הָאָ֡רֶץ{{ר1}}וּרְשָׁעִ֤ים{{מ:לגרמיה}}ע֤וֹד אֵינָ֗ם{{ר2}}{{נוסח|בָּרְכִ֣י|א=בָּרֲכִ֣י (חטף)}} נַ֭פְשִׁי אֶת־יְהֹוָ֗ה{{ר2}}{{נוסח|הַֽלְלוּ־יָֽהּ|א=הַֽלֲלוּ־יָֽהּ (חטף)}}׃
ספר תהלים/קד	תתת	<noinclude>//{{תבנית:משתמש:Dovi/טעמי המקרא-סוף}}//{{מ:שוליים-סוף}}//==הפרק בלי מספרים==//{{תבנית:משתמש:Dovi/טעמי המקרא}}//{{#בלי קטע:{{שם הדף המלא}}|סימן}}//{{תבנית:משתמש:Dovi/טעמי המקרא-סוף}}</noinclude>		
ספר תהלים/קה	0	<noinclude>{{תבנית:טעמי המקרא באינטרנט}}//{{מ:שוליים|5}}//{{תבנית:משתמש:Dovi/טעמי המקרא}}//</noinclude>		
ספר תהלים/קה	א	{{פפ}}//	{{מ:פסוק|תהלים|קה|א}}	הוֹד֣וּ לַ֭יהֹוָה קִרְא֣וּ בִשְׁמ֑וֹ{{ר1}}הוֹדִ֥יעוּ בָ֝עַמִּ֗ים עֲלִילוֹתָֽיו׃
ספר תהלים/קה	ב	{{ר4}}	{{מ:פסוק|תהלים|קה|ב}}	שִֽׁירוּ־ל֭וֹ זַמְּרוּ־ל֑וֹ{{ר1}}{{נוסח|שִׂ֝֗יחוּ|א=שִׂ֝יחוּ}} בְּכׇל־נִפְלְאוֹתָֽיו׃
ספר תהלים/קה	ג	{{ר4}}	{{מ:פסוק|תהלים|קה|ג}}	{{נוסח|הִֽ֭תְהַלְלוּ|א=הִֽ֭תְהַלֲלוּ (חטף)}} בְּשֵׁ֣ם קׇדְשׁ֑וֹ{{ר1}}יִ֝שְׂמַ֗ח לֵ֤ב{{מ:לגרמיה}}מְבַקְשֵׁ֬י יְהֹוָֽה׃
ספר תהלים/קה	ד	{{ר4}}	{{מ:פסוק|תהלים|קה|ד}}	דִּרְשׁ֣וּ יְהֹוָ֣ה וְעֻזּ֑וֹ{{ר1}}בַּקְּשׁ֖וּ פָנָ֣יו תָּמִֽיד׃
ספר תהלים/קה	ה	{{ר4}}	{{מ:פסוק|תהלים|קה|ה}}	זִכְר֗וּ נִפְלְאוֹתָ֥יו אֲשֶׁר־עָשָׂ֑ה{{ר1}}מֹ֝פְתָ֗יו וּמִשְׁפְּטֵי־פִֽיו׃
ספר תהלים/קה	ו	{{ר4}}	{{מ:פסוק|תהלים|קה|ו}}	זֶ֭רַע אַבְרָהָ֣ם עַבְדּ֑וֹ{{ר1}}בְּנֵ֖י יַעֲקֹ֣ב בְּחִירָֽיו׃
ספר תהלים/קה	ז	{{ר4}}	{{מ:פסוק|תהלים|קה|ז}}	ה֭וּא יְהֹוָ֣ה אֱלֹהֵ֑ינוּ{{ר1}}בְּכׇל־הָ֝אָ֗רֶץ מִשְׁפָּטָֽיו׃
ספר תהלים/קה	ח	{{ר4}}	{{מ:פסוק|תהלים|קה|ח}}	זָכַ֣ר לְעוֹלָ֣ם בְּרִית֑וֹ{{ר1}}דָּבָ֥ר צִ֝וָּ֗ה לְאֶ֣לֶף דּֽוֹר׃
ספר תהלים/קה	ט	{{ר4}}	{{מ:פסוק|תהלים|קה|ט}}	אֲשֶׁ֣ר כָּ֭רַת אֶת־אַבְרָהָ֑ם{{ר1}}וּשְׁב֖וּעָת֣וֹ לְיִשְׂחָֽק׃
ספר תהלים/קה	י	{{ר4}}	{{מ:פסוק|תהלים|קה|י}}	וַיַּעֲמִידֶ֣הָ לְיַעֲקֹ֣ב לְחֹ֑ק{{ר1}}לְ֝יִשְׂרָאֵ֗ל בְּרִ֣ית עוֹלָֽם׃
ספר תהלים/קה	יא	{{ר4}}	{{מ:פסוק|תהלים|קה|יא}}	לֵאמֹ֗ר לְךָ֗ אֶתֵּ֥ן אֶת־אֶֽרֶץ־כְּנָ֑עַן{{ר1}}{{נוסח|חֶ֗֝בֶל|א=חֶ֝בֶל}} נַחֲלַתְכֶֽם׃
ספר תהלים/קה	יב	{{ר4}}	{{מ:פסוק|תהלים|קה|יב}}	בִּֽ֭הְיוֹתָם מְתֵ֣י מִסְפָּ֑ר{{ר1}}כִּ֝מְעַ֗ט וְגָרִ֥ים בָּֽהּ׃
ספר תהלים/קה	יג	{{ר4}}	{{מ:פסוק|תהלים|קה|יג}}	וַ֭יִּֽתְהַלְּכוּ מִגּ֣וֹי אֶל־גּ֑וֹי{{ר1}}מִ֝מַּמְלָכָ֗ה אֶל־עַ֥ם אַחֵֽר׃
ספר תהלים/קה	יד	{{ר4}}	{{מ:פסוק|תהלים|קה|יד}}	לֹא־הִנִּ֣יחַ אָדָ֣ם לְעׇשְׁקָ֑ם{{ר1}}וַיּ֖וֹכַח עֲלֵיהֶ֣ם מְלָכִֽים׃
ספר תהלים/קה	טו	{{ר4}}	{{מ:פסוק|תהלים|קה|טו}}	אַֽל־תִּגְּע֥וּ בִמְשִׁיחָ֑י{{ר1}}וְ֝לִנְבִיאַ֗י אַל־תָּרֵֽעוּ׃
ספר תהלים/קה	טז	{{ר4}}	{{מ:פסוק|תהלים|קה|טז}}	וַיִּקְרָ֣א רָ֭עָב עַל־הָאָ֑רֶץ{{ר1}}כׇּֽל־מַטֵּה־לֶ֥חֶם שָׁבָֽר׃
ספר תהלים/קה	יז	{{ר4}}	{{מ:פסוק|תהלים|קה|יז}}	שָׁלַ֣ח לִפְנֵיהֶ֣ם אִ֑ישׁ{{ר1}}לְ֝עֶ֗בֶד נִמְכַּ֥ר יוֹסֵֽף׃
ספר תהלים/קה	יח	{{ר4}}	{{מ:פסוק|תהלים|קה|יח}}	"עִנּ֣וּ בַכֶּ֣בֶל {{כו""ק|רגליו|רַגְל֑וֹ}}{{ר1}}בַּ֝רְזֶ֗ל בָּ֣אָה נַפְשֽׁוֹ׃"
ספר תהלים/קה	יט	{{ר4}}	{{מ:פסוק|תהלים|קה|יט}}	עַד־עֵ֥ת בֹּא־דְבָר֑וֹ{{ר1}}אִמְרַ֖ת יְהֹוָ֣ה צְרָפָֽתְהוּ׃
ספר תהלים/קה	כ	{{ר4}}	{{מ:פסוק|תהלים|קה|כ}}	שָׁ֣לַח מֶ֭לֶךְ וַיַתִּירֵ֑הוּ{{ר1}}מֹשֵׁ֥ל עַ֝מִּ֗ים וַֽיְפַתְּחֵֽהוּ׃
ספר תהלים/קה	כא	{{ר4}}	{{מ:פסוק|תהלים|קה|כא}}	שָׂמ֣וֹ אָד֣וֹן לְבֵית֑וֹ{{ר1}}וּ֝מֹשֵׁ֗ל בְּכׇל־קִנְיָנֽוֹ׃
ספר תהלים/קה	כב	{{ר4}}	{{מ:פסוק|תהלים|קה|כב}}	לֶאְסֹ֣ר שָׂרָ֣יו בְּנַפְשׁ֑וֹ{{ר1}}וּזְקֵנָ֥יו יְחַכֵּֽם׃
ספר תהלים/קה	כג	{{ר4}}	{{מ:פסוק|תהלים|קה|כג}}	וַיָּבֹ֣א יִשְׂרָאֵ֣ל מִצְרָ֑יִם{{ר1}}וְ֝יַעֲקֹ֗ב גָּ֣ר בְּאֶֽרֶץ־חָֽם׃
ספר תהלים/קה	כד	{{ר4}}	{{מ:פסוק|תהלים|קה|כד}}	וַיֶּ֣פֶר אֶת־עַמּ֣וֹ מְאֹ֑ד{{ר1}}וַ֝יַּעֲצִמֵ֗הוּ מִצָּרָֽיו׃
ספר תהלים/קה	כה	{{ר4}}	{{מ:פסוק|תהלים|קה|כה}}	הָפַ֣ךְ לִ֭בָּם לִשְׂנֹ֣א עַמּ֑וֹ{{ר1}}לְ֝הִתְנַכֵּ֗ל בַּעֲבָדָֽיו׃
ספר תהלים/קה	כו	{{ר4}}	{{מ:פסוק|תהלים|קה|כו}}	שָׁ֭לַח מֹשֶׁ֣ה עַבְדּ֑וֹ{{ר1}}אַ֝הֲרֹ֗ן אֲשֶׁ֣ר בָּחַר־בּֽוֹ׃
ספר תהלים/קה	כז	{{ר4}}	{{מ:פסוק|תהלים|קה|כז}}	שָֽׂמוּ־בָ֭ם דִּבְרֵ֣י אֹתוֹתָ֑יו{{ר1}}וּ֝מֹפְתִ֗ים בְּאֶ֣רֶץ חָֽם׃
ספר תהלים/קה	כח	{{ר4}}	{{מ:פסוק|תהלים|קה|כח}}	"שָׁ֣לַֽח חֹ֭שֶׁךְ וַיַּחְשִׁ֑ךְ{{ר1}}וְלֹֽא־מָ֝ר֗וּ אֶת־{{קו""כ|דבריו|דְּבָרֽוֹ}}׃"
ספר תהלים/קה	כט	{{ר4}}	{{מ:פסוק|תהלים|קה|כט}}	הָפַ֣ךְ אֶת־מֵימֵיהֶ֣ם לְדָ֑ם{{ר1}}וַ֝יָּ֗מֶת אֶת־דְּגָתָֽם׃
ספר תהלים/קה	ל	{{ר4}}	{{מ:פסוק|תהלים|קה|ל}}	שָׁרַ֣ץ אַרְצָ֣ם צְפַרְדְּעִ֑ים{{ר1}}בְּ֝חַדְרֵ֗י מַלְכֵיהֶֽם׃
ספר תהלים/קה	לא	{{ר4}}	{{מ:פסוק|תהלים|קה|לא}}	אָ֭מַר וַיָּבֹ֣א עָרֹ֑ב{{ר1}}כִּ֝נִּ֗ים בְּכׇל־גְּבוּלָֽם׃
ספר תהלים/קה	לב	{{ר4}}	{{מ:פסוק|תהלים|קה|לב}}	נָתַ֣ן גִּשְׁמֵיהֶ֣ם בָּרָ֑ד{{ר1}}אֵ֖שׁ לֶהָב֣וֹת בְּאַרְצָֽם׃
ספר תהלים/קה	לג	{{ר4}}	{{מ:פסוק|תהלים|קה|לג}}	וַיַּ֣ךְ גַּ֭פְנָם וּתְאֵנָתָ֑ם{{ר1}}וַ֝יְשַׁבֵּ֗ר עֵ֣ץ גְּבוּלָֽם׃
ספר תהלים/קה	לד	{{ר4}}	{{מ:פסוק|תהלים|קה|לד}}	אָ֭מַר וַיָּבֹ֣א אַרְבֶּ֑ה{{ר1}}וְ֝יֶ֗לֶק וְאֵ֣ין מִסְפָּֽר׃
ספר תהלים/קה	לה	{{ר4}}	{{מ:פסוק|תהלים|קה|לה}}	וַיֹּ֣אכַל כׇּל־עֵ֣שֶׂב בְּאַרְצָ֑ם{{ר1}}וַ֝יֹּ֗אכַל פְּרִ֣י אַדְמָתָֽם׃
ספר תהלים/קה	לו	{{ר4}}	{{מ:פסוק|תהלים|קה|לו}}	וַיַּ֣ךְ כׇּל־בְּכ֣וֹר בְּאַרְצָ֑ם{{ר1}}רֵ֝אשִׁ֗ית לְכׇל־אוֹנָֽם׃
ספר תהלים/קה	לז	{{ר4}}	{{מ:פסוק|תהלים|קה|לז}}	וַֽ֭יּוֹצִיאֵם בְּכֶ֣סֶף וְזָהָ֑ב{{ר1}}וְאֵ֖ין בִּשְׁבָטָ֣יו כּוֹשֵֽׁל׃
ספר תהלים/קה	לח	{{ר4}}	{{מ:פסוק|תהלים|קה|לח}}	שָׂמַ֣ח מִצְרַ֣יִם בְּצֵאתָ֑ם{{ר1}}כִּֽי־נָפַ֖ל פַּחְדָּ֣ם עֲלֵיהֶֽם׃
ספר תהלים/קה	לט	{{ר4}}	{{מ:פסוק|תהלים|קה|לט}}	פָּרַ֣שׂ עָנָ֣ן לְמָסָ֑ךְ{{ר1}}וְ֝אֵ֗שׁ לְהָאִ֥יר לָֽיְלָה׃
ספר תהלים/קה	מ	{{ר4}}	{{מ:פסוק|תהלים|קה|מ}}	שָׁ֭אַל וַיָּבֵ֣א שְׂלָ֑ו{{ר1}}וְלֶ֥חֶם שָׁ֝מַ֗יִם יַשְׂבִּיעֵֽם׃
ספר תהלים/קה	מא	{{ר4}}	{{מ:פסוק|תהלים|קה|מא}}	פָּ֣תַח צ֭וּר וַיָּז֣וּבוּ מָ֑יִם{{ר1}}הָ֝לְכ֗וּ בַּצִּיּ֥וֹת נָהָֽר׃
ספר תהלים/קה	מב	{{ר4}}	{{מ:פסוק|תהלים|קה|מב}}	כִּֽי־זָ֭כַר אֶת־דְּבַ֣ר קׇדְשׁ֑וֹ{{ר1}}אֶֽת־אַבְרָהָ֥ם עַבְדּֽוֹ׃
ספר תהלים/קה	מג	{{ר4}}	{{מ:פסוק|תהלים|קה|מג}}	וַיּוֹצִ֣א עַמּ֣וֹ בְשָׂשׂ֑וֹן{{ר1}}בְּ֝רִנָּ֗ה אֶת־בְּחִירָֽיו׃
ספר תהלים/קה	מד	{{ר4}}	{{מ:פסוק|תהלים|קה|מד}}	וַיִּתֵּ֣ן לָ֭הֶם אַרְצ֣וֹת גּוֹיִ֑ם{{ר1}}וַעֲמַ֖ל לְאֻמִּ֣ים יִירָֽשׁוּ׃
ספר תהלים/קה	מה	{{ר4}}	{{מ:פסוק|תהלים|קה|מה|סדר=טו}}	בַּעֲב֤וּר{{מ:לגרמיה}}יִשְׁמְר֣וּ חֻ֭קָּיו{{ר1}}וְתוֹרֹתָ֥יו יִנְצֹ֗רוּ{{ר2}}{{נוסח|הַֽלְלוּ־יָֽהּ|א=הַֽלֲלוּ־יָֽהּ}}׃
ספר תהלים/קה	תתת	<noinclude>//{{תבנית:משתמש:Dovi/טעמי המקרא-סוף}}//{{מ:שוליים-סוף}}//==הפרק בלי מספרים==//{{תבנית:משתמש:Dovi/טעמי המקרא}}//{{#בלי קטע:{{שם הדף המלא}}|סימן}}//{{תבנית:משתמש:Dovi/טעמי המקרא-סוף}}</noinclude>		
ספר תהלים/קו	0	<noinclude>{{תבנית:טעמי המקרא באינטרנט}}//{{מ:שוליים|5}}//{{תבנית:משתמש:Dovi/טעמי המקרא}}//</noinclude>		
ספר תהלים/קו	א	{{פפ}}//	{{מ:פסוק|תהלים|קו|א}}	{{נוסח|הַ֥לְלוּ|א=הַ֥לֲלוּ (חטף)}} יָ֨הּ{{מ:לגרמיה}}{{נוסח|{{ר3}}|פרשה פתוחה}}הוֹד֣וּ לַיהֹוָ֣ה כִּי־ט֑וֹב{{ר1}}כִּ֖י לְעוֹלָ֣ם חַסְדּֽוֹ׃
ספר תהלים/קו	ב	{{ר4}}	{{מ:פסוק|תהלים|קו|ב}}	מִ֗י יְ֭מַלֵּל גְּבוּר֣וֹת יְהֹוָ֑ה{{ר1}}יַ֝שְׁמִ֗יעַ כׇּל־תְּהִלָּתֽוֹ׃
ספר תהלים/קו	ג	{{ר4}}	{{מ:פסוק|תהלים|קו|ג}}	אַ֭שְׁרֵי שֹׁמְרֵ֣י מִשְׁפָּ֑ט{{ר1}}עֹשֵׂ֖ה צְדָקָ֣ה בְכׇל־עֵֽת׃
ספר תהלים/קו	ד	{{ר4}}	{{מ:פסוק|תהלים|קו|ד}}	זׇכְרֵ֣נִי יְ֭הֹוָה בִּרְצ֣וֹן עַמֶּ֑ךָ{{ר1}}פׇּ֝קְדֵ֗נִי בִּישׁוּעָתֶֽךָ׃
ספר תהלים/קו	ה	{{ר4}}	{{מ:פסוק|תהלים|קו|ה}}	לִרְא֤וֹת{{מ:לגרמיה}}בְּט֘וֹבַ֤ת בְּחִירֶ֗יךָ{{ר1}}לִ֭שְׂמֹחַ בְּשִׂמְחַ֣ת גּוֹיֶ֑ךָ{{ר2}}לְ֝הִתְהַלֵּ֗ל{{ר0}}עִם־נַחֲלָתֶֽךָ׃
ספר תהלים/קו	ו	{{ר4}}	{{מ:פסוק|תהלים|קו|ו}}	חָטָ֥אנוּ עִם־אֲבוֹתֵ֗ינוּ{{ר1}}הֶעֱוִ֥ינוּ הִרְשָֽׁעְנוּ׃
ספר תהלים/קו	ז	{{ר4}}	{{מ:פסוק|תהלים|קו|ז}}	אֲב֘וֹתֵ֤ינוּ בְמִצְרַ֨יִם{{מ:לגרמיה}}{{ר0|רווח=לא}}לֹֽא־הִשְׂכִּ֬ילוּ נִפְלְאוֹתֶ֗יךָ{{ר1}}לֹ֣א זָ֭כְרוּ אֶת־רֹ֣ב חֲסָדֶ֑יךָ{{ר2}}וַיַּמְר֖וּ עַל־יָ֣ם בְּיַם־סֽוּף׃
ספר תהלים/קו	ח	{{ר4}}	{{מ:פסוק|תהלים|קו|ח}}	וַֽ֭יּוֹשִׁיעֵם לְמַ֣עַן שְׁמ֑וֹ{{ר1}}לְ֝הוֹדִ֗יעַ אֶת־גְּבוּרָתֽוֹ׃
ספר תהלים/קו	ט	{{ר4}}	{{מ:פסוק|תהלים|קו|ט}}	וַיִּגְעַ֣ר בְּיַם־ס֭וּף וַֽיֶּחֱרָ֑ב{{ר1}}וַיּוֹלִיכֵ֥ם בַּ֝תְּהֹמ֗וֹת כַּמִּדְבָּֽר׃
ספר תהלים/קו	י	{{ר4}}	{{מ:פסוק|תהלים|קו|י}}	וַֽ֭יּוֹשִׁיעֵם מִיַּ֣ד שׂוֹנֵ֑א{{ר1}}וַ֝יִּגְאָלֵ֗ם מִיַּ֥ד אוֹיֵֽב׃
ספר תהלים/קו	יא	{{ר4}}	{{מ:פסוק|תהלים|קו|יא}}	וַיְכַסּוּ־מַ֥יִם צָרֵיהֶ֑ם{{ר1}}אֶחָ֥ד מֵ֝הֶ֗ם לֹ֣א נוֹתָֽר׃
ספר תהלים/קו	יב	{{ר4}}	{{מ:פסוק|תהלים|קו|יב}}	וַיַּאֲמִ֥ינוּ בִדְבָרָ֑יו{{ר1}}יָ֝שִׁ֗ירוּ תְּהִלָּתֽוֹ׃
ספר תהלים/קו	יג	{{ר4}}	{{מ:פסוק|תהלים|קו|יג}}	מִ֭הֲרוּ שָׁכְח֣וּ מַֽעֲשָׂ֑יו{{ר1}}לֹא־חִ֝כּ֗וּ לַעֲצָתֽוֹ׃
ספר תהלים/קו	יד	{{ר4}}	{{מ:פסוק|תהלים|קו|יד}}	וַיִּתְאַוּ֣וּ תַ֭אֲוָה בַּמִּדְבָּ֑ר{{ר1}}{{נוסח|וַיְנַסּוּ־אֵ֗֝ל|א=וַיְנַסּוּ־אֵ֝ל}} בִּישִׁימֽוֹן׃
ספר תהלים/קו	טו	{{ר4}}	{{מ:פסוק|תהלים|קו|טו}}	וַיִּתֵּ֣ן לָ֭הֶם שֶׁאֱלָתָ֑ם{{ר1}}וַיְשַׁלַּ֖ח רָז֣וֹן בְּנַפְשָֽׁם׃
ספר תהלים/קו	טז	{{ר4}}	{{מ:פסוק|תהלים|קו|טז}}	וַיְקַנְא֣וּ לְ֭מֹשֶׁה בַּֽמַּחֲנֶ֑ה{{ר1}}לְ֝אַהֲרֹ֗ן קְד֣וֹשׁ יְהֹוָֽה׃
ספר תהלים/קו	יז	{{ר4}}	{{מ:פסוק|תהלים|קו|יז}}	תִּפְתַּח־אֶ֭רֶץ וַתִּבְלַ֣ע דָּתָ֑ן{{ר1}}וַ֝תְּכַ֗ס עַל־עֲדַ֥ת אֲבִירָֽם׃
ספר תהלים/קו	יח	{{ר4}}	{{מ:פסוק|תהלים|קו|יח}}	וַתִּבְעַר־אֵ֥שׁ בַּעֲדָתָ֑ם{{ר1}}לֶ֝הָבָ֗ה תְּלַהֵ֥ט רְשָׁעִֽים׃
ספר תהלים/קו	יט	{{ר4}}	{{מ:פסוק|תהלים|קו|יט}}	"יַעֲשׂוּ־עֵ֥גֶל בְּחֹרֵ֑ב{{ר1}}{{נוסח|וַ֝יִּשְׁתַּחֲו֗וּ|=לש1 ובדפוסים (וכן הכריעו ברויאר לשיטתו ומג""ה[!])|א=וַ֝יִּשְׁתַּחֲוּ֗וּ (דגש בוי""ו עיצורית)}} לְמַסֵּכָֽה׃"
ספר תהלים/קו	כ	{{ר4}}	{{מ:פסוק|תהלים|קו|כ}}	וַיָּמִ֥ירוּ אֶת־כְּבוֹדָ֑ם{{ר1}}בְּתַבְנִ֥ית {{נוסח|שׁ֗֝וֹר|א=שׁ֝וֹר}} אֹכֵ֥ל עֵֽשֶׂב׃
ספר תהלים/קו	כא	{{ר4}}	{{מ:פסוק|תהלים|קו|כא}}	שָׁ֭כְחוּ אֵ֣ל מוֹשִׁיעָ֑ם{{ר1}}עֹשֶׂ֖ה גְדֹל֣וֹת בְּמִצְרָֽיִם׃
ספר תהלים/קו	כב	{{ר4}}	{{מ:פסוק|תהלים|קו|כב}}	נִ֭פְלָאוֹת בְּאֶ֣רֶץ חָ֑ם{{ר1}}נ֝וֹרָא֗וֹת עַל־יַם־סֽוּף׃
ספר תהלים/קו	כג	{{ר4}}	{{מ:פסוק|תהלים|קו|כג}}	וַיֹּ֗אמֶר לְֽהַשְׁמִ֫ידָ֥ם{{ר1}}לוּלֵ֡י מֹ֘שֶׁ֤ה בְחִיר֗וֹ{{ר1}}עָמַ֣ד בַּפֶּ֣רֶץ לְפָנָ֑יו{{ר2}}לְהָשִׁ֥יב חֲ֝מָת֗וֹ מֵהַשְׁחִֽית׃
ספר תהלים/קו	כד	{{ר4}}	{{מ:פסוק|תהלים|קו|כד}}	וַֽ֭יִּמְאֲסוּ בְּאֶ֣רֶץ חֶמְדָּ֑ה{{ר1}}לֹא־הֶ֝אֱמִ֗ינוּ לִדְבָרֽוֹ׃
ספר תהלים/קו	כה	{{ר4}}	{{מ:פסוק|תהלים|קו|כה}}	וַיֵּרָגְנ֥וּ {{מ:קמץ|ד=בְאׇהֳלֵיהֶ֑ם|ס=בְאָהֳלֵיהֶ֑ם}}{{ר1}}לֹ֥א שָׁ֝מְע֗וּ בְּק֣וֹל יְהֹוָֽה׃
ספר תהלים/קו	כו	{{ר4}}	{{מ:פסוק|תהלים|קו|כו}}	וַיִּשָּׂ֣א יָד֣וֹ לָהֶ֑ם{{ר1}}לְהַפִּ֥יל א֝וֹתָ֗ם בַּמִּדְבָּֽר׃
ספר תהלים/קו	כז	{{ר4}}	{{מ:פסוק|תהלים|קו|כז}}	וּלְהַפִּ֣יל זַ֭רְעָם בַּגּוֹיִ֑ם{{ר1}}וּ֝לְזָרוֹתָ֗ם בָּאֲרָצֽוֹת׃
ספר תהלים/קו	כח	{{ר4}}	{{מ:פסוק|תהלים|קו|כח}}	וַ֭יִּצָּ֣מְדוּ לְבַ֣עַל פְּע֑וֹר{{ר1}}וַ֝יֹּאכְל֗וּ זִבְחֵ֥י מֵתִֽים׃
ספר תהלים/קו	כט	{{ר4}}	{{מ:פסוק|תהלים|קו|כט}}	וַ֭יַּכְעִיסוּ בְּמַ֥עַלְלֵיהֶ֑ם{{ר1}}{{נוסח|וַתִּפְרׇץ־בָּ֗֝ם|א=וַתִּפְרׇץ־בָּ֝ם}} מַגֵּפָֽה׃
ספר תהלים/קו	ל	{{ר4}}	{{מ:פסוק|תהלים|קו|ל}}	וַיַּעֲמֹ֣ד פִּֽ֭ינְחָס וַיְפַלֵּ֑ל{{ר1}}וַ֝תֵּעָצַ֗ר הַמַּגֵּפָֽה׃
ספר תהלים/קו	לא	{{ר4}}	{{מ:פסוק|תהלים|קו|לא}}	וַתֵּחָ֣שֶׁב ל֭וֹ לִצְדָקָ֑ה{{ר1}}לְדֹ֥ר וָ֝דֹ֗ר עַד־עוֹלָֽם׃
ספר תהלים/קו	לב	{{ר4}}	{{מ:פסוק|תהלים|קו|לב}}	וַ֭יַּקְצִיפוּ עַל־מֵ֥י מְרִיבָ֑ה{{ר1}}וַיֵּ֥רַע לְ֝מֹשֶׁ֗ה בַּעֲבוּרָֽם׃
ספר תהלים/קו	לג	{{ר4}}	{{מ:פסוק|תהלים|קו|לג}}	כִּי־הִמְר֥וּ אֶת־רוּח֑וֹ{{ר1}}וַ֝יְבַטֵּ֗א בִּשְׂפָתָֽיו׃
ספר תהלים/קו	לד	{{ר4}}	{{מ:פסוק|תהלים|קו|לד}}	לֹֽא־הִ֭שְׁמִידוּ אֶת־הָעַמִּ֑ים{{ר1}}אֲשֶׁ֤ר אָמַ֖ר יְהֹוָ֣ה לָהֶֽם׃
ספר תהלים/קו	לה	{{ר4}}	{{מ:פסוק|תהלים|קו|לה}}	וַיִּתְעָרְב֥וּ בַגּוֹיִ֑ם{{ר1}}וַֽ֝יִּלְמְד֗וּ מַעֲשֵׂיהֶֽם׃
ספר תהלים/קו	לו	{{ר4}}	{{מ:פסוק|תהלים|קו|לו}}	וַיַּעַבְד֥וּ אֶת־עֲצַבֵּיהֶ֑ם{{ר1}}וַיִּהְי֖וּ לָהֶ֣ם לְמוֹקֵֽשׁ׃
ספר תהלים/קו	לז	{{ר4}}	{{מ:פסוק|תהלים|קו|לז}}	וַיִּזְבְּח֣וּ אֶת־בְּ֭נֵיהֶם וְאֶת־בְּנוֹתֵיהֶ֗ם{{ר1}}לַשֵּׁדִֽים׃
ספר תהלים/קו	לח	{{ר4}}	{{מ:פסוק|תהלים|קו|לח}}	וַיִּ֥שְׁפְּכ֨וּ דָ{{גלגל}}ם נָקִ֡י{{ר1}}דַּם־בְּנֵ֘יהֶ֤ם וּֽבְנוֹתֵיהֶ֗ם{{ר3}}אֲשֶׁ֣ר זִ֭בְּחוּ לַעֲצַבֵּ֣י כְנָ֑עַן{{ר1}}וַתֶּחֱנַ֥ף הָ֝אָ֗רֶץ בַּדָּמִֽים׃
ספר תהלים/קו	לט	{{ר4}}	{{מ:פסוק|תהלים|קו|לט}}	וַיִּטְמְא֥וּ בְמַעֲשֵׂיהֶ֑ם{{ר1}}וַ֝יִּזְ֗נוּ בְּמַ֥עַלְלֵיהֶֽם׃
ספר תהלים/קו	מ	{{ר4}}	{{מ:פסוק|תהלים|קו|מ}}	וַיִּֽחַר־אַ֣ף יְהֹוָ֣ה בְּעַמּ֑וֹ{{ר1}}וַ֝יְתָעֵ֗ב אֶת־נַחֲלָתֽוֹ׃
ספר תהלים/קו	מא	{{ר4}}	{{מ:פסוק|תהלים|קו|מא}}	וַיִּתְּנֵ֥ם בְּיַד־גּוֹיִ֑ם{{ר1}}וַֽיִּמְשְׁל֥וּ בָ֝הֶ֗ם שֹׂנְאֵיהֶֽם׃
ספר תהלים/קו	מב	{{ר4}}	{{מ:פסוק|תהלים|קו|מב}}	וַיִּלְחָצ֥וּם אוֹיְבֵיהֶ֑ם{{ר1}}וַ֝יִּכָּנְע֗וּ תַּ֣חַת יָדָֽם׃
ספר תהלים/קו	מג	{{ר4}}	{{מ:פסוק|תהלים|קו|מג}}	"פְּעָמִ֥ים רַבּ֗וֹת{{ר0}}יַצִּ֫ילֵ֥ם{{ר1}}וְ֭הֵמָּה יַמְר֣וּ בַעֲצָתָ֑ם{{ר1}}{{נוסח|וַ֝יָּמֹ֗כּוּ|=ל ובדפוסים (וכן הכריעו ברויאר ומג""ה)|א=וַ֝יָּמֹכּוּ (חסרה נקודת הרביע)}} בַּעֲוֺנָֽם׃"
ספר תהלים/קו	מד	{{ר4}}	{{מ:פסוק|תהלים|קו|מד}}	וַ֭יַּרְא בַּצַּ֣ר לָהֶ֑ם{{ר1}}בְּ֝שׇׁמְע֗וֹ אֶת־רִנָּתָֽם׃
ספר תהלים/קו	מה	{{ר4}}	{{מ:פסוק|תהלים|קו|מה}}	"וַיִּזְכֹּ֣ר לָהֶ֣ם בְּרִית֑וֹ{{ר1}}וַ֝יִּנָּחֵ֗ם כְּרֹ֣ב {{קו""כ-אם|חֲסָדָֽו|א-קרי=חֲסָדָֽיו}}׃"
ספר תהלים/קו	מו	{{ר4}}	{{מ:פסוק|תהלים|קו|מו}}	וַיִּתֵּ֣ן אוֹתָ֣ם לְרַחֲמִ֑ים{{ר1}}לִ֝פְנֵ֗י כׇּל־שׁוֹבֵיהֶֽם׃
ספר תהלים/קו	מז	{{ר4}}	{{מ:פסוק|תהלים|קו|מז}}	הוֹשִׁיעֵ֨נוּ{{מ:לגרמיה}}{{נוסח|יְהֹ֘וָ֤ה|א=יְ֘הוָ֤ה (מקום הצינורית)}} אֱלֹהֵ֗ינוּ{{ר1}}וְקַבְּצֵנוּ֮ מִֽן־הַגּ֫וֹיִ֥ם{{ר2}}לְ֭הֹדוֹת לְשֵׁ֣ם קׇדְשֶׁ֑ךָ{{ר2}}לְ֝הִשְׁתַּבֵּ֗חַ בִּתְהִלָּתֶֽךָ׃
ספר תהלים/קו	מח	{{ר4}}	{{מ:פסוק|תהלים|קו|מח}}	בָּ֤רֽוּךְ יְהֹוָ֨ה אֱלֹהֵ{{גלגל}}י יִשְׂרָאֵ֡ל{{ר1}}מִן־הָ֤עוֹלָ֨ם{{מ:לגרמיה}}וְעַ֬ד הָעוֹלָ֗ם{{ר2}}וְאָמַ֖ר כׇּל־הָעָ֥ם אָמֵ֗ן{{ר2}}הַֽלְלוּ־יָֽהּ׃
ספר תהלים/קו	תתת	<noinclude>//{{תבנית:משתמש:Dovi/טעמי המקרא-סוף}}//{{מ:שוליים-סוף}}//==הפרק בלי מספרים==//{{תבנית:משתמש:Dovi/טעמי המקרא}}//{{#בלי קטע:{{שם הדף המלא}}|סימן}}//{{תבנית:משתמש:Dovi/טעמי המקרא-סוף}}</noinclude>		
