ספר תהלים/עג	0	<noinclude>{{תבנית:טעמי המקרא באינטרנט}}//{{מ:שוליים|5}}//{{תבנית:משתמש:Dovi/טעמי המקרא}}//</noinclude>		
ספר תהלים/עג	א	{{רווח לספר בתהלים|ספר שלישי}}	{{מ:פסוק|תהלים|עג|א}}	מִזְמ֗וֹר לְאָ֫סָ֥ף{{נוסח|{{ר3}}|פרשה פתוחה}}אַ֤ךְ ט֖וֹב לְיִשְׂרָאֵ֥ל אֱלֹהִ֗ים{{ר1}}לְבָרֵ֥י לֵבָֽב׃
ספר תהלים/עג	ב	{{ר4}}	{{מ:פסוק|תהלים|עג|ב}}	"וַאֲנִ֗י כִּ֭מְעַט {{נוסח|{{כו""ק|נטוי|נָטָ֣יוּ}}|א-כתיב=נָטָ֣וּי}} רַגְלָ֑י{{ר1}}כְּ֝אַ֗יִן {{כו""ק|שפכה|שֻׁפְּכ֥וּ}} אֲשֻׁרָֽי׃"
ספר תהלים/עג	ג	{{ר4}}	{{מ:פסוק|תהלים|עג|ג}}	כִּֽי־קִ֭נֵּאתִי {{נוסח|בַּהוֹלְלִ֑ים|א=בַּהוֹלֲלִ֑ים (חטף)}}{{ר1}}שְׁל֖וֹם רְשָׁעִ֣ים אֶרְאֶֽה׃
ספר תהלים/עג	ד	{{ר4}}	{{מ:פסוק|תהלים|עג|ד}}	כִּ֤י אֵ֖ין חַרְצֻבּ֥וֹת לְמוֹתָ֗ם{{ר1}}וּבָרִ֥יא אוּלָֽם׃
ספר תהלים/עג	ה	{{ר4}}	{{מ:פסוק|תהלים|עג|ה}}	בַּעֲמַ֣ל אֱנ֣וֹשׁ אֵינֵ֑מוֹ{{ר1}}וְעִם־אָ֝דָ֗ם לֹ֣א יְנֻגָּֽעוּ׃
ספר תהלים/עג	ו	{{ר4}}	{{מ:פסוק|תהלים|עג|ו}}	לָ֭כֵן עֲנָקַ֣תְמוֹ גַאֲוָ֑ה{{ר1}}{{נוסח|יַעֲטָף־שִׁ֝֗ית|א=יַעֲטָף־שִׁית}} חָמָ֥ס לָֽמוֹ׃
ספר תהלים/עג	ז	{{ר4}}	{{מ:פסוק|תהלים|עג|ז}}	יָ֭צָא מֵחֵ֣לֶב עֵינֵ֑מוֹ{{ר1}}עָ֝בְר֗וּ מַשְׂכִּיּ֥וֹת לֵבָֽב׃
ספר תהלים/עג	ח	{{ר4}}	{{מ:פסוק|תהלים|עג|ח}}	יָמִ֤יקוּ{{מ:לגרמיה}}וִידַבְּר֣וּ בְרָ֣ע עֹ֑שֶׁק{{ר1}}מִמָּר֥וֹם יְדַבֵּֽרוּ׃
ספר תהלים/עג	ט	{{ר4}}	{{מ:פסוק|תהלים|עג|ט}}	שַׁתּ֣וּ בַשָּׁמַ֣יִם פִּיהֶ֑ם{{ר1}}וּ֝לְשׁוֹנָ֗ם תִּהֲלַ֥ךְ בָּאָֽרֶץ׃
ספר תהלים/עג	י	{{ר4}}	{{מ:פסוק|תהלים|עג|י}}	"לָכֵ֤ן{{מ:לגרמיה}}{{כו""ק|ישיב|יָשׁ֣וּב}} עַמּ֣וֹ הֲלֹ֑ם{{ר1}}וּמֵ֥י מָ֝לֵ֗א יִמָּ֥צוּ לָֽמוֹ׃"
ספר תהלים/עג	יא	{{ר4}}	{{מ:פסוק|תהלים|עג|יא}}	וְֽאָמְר֗וּ אֵיכָ֥ה יָדַֽע־אֵ֑ל{{ר1}}וְיֵ֖שׁ דֵּעָ֣ה בְעֶלְיֽוֹן׃
ספר תהלים/עג	יב	{{ר4}}	{{מ:פסוק|תהלים|עג|יב}}	הִנֵּה־אֵ֥לֶּה רְשָׁעִ֑ים{{ר1}}וְשַׁלְוֵ֥י ע֝וֹלָ֗ם הִשְׂגּוּ־חָֽיִל׃
ספר תהלים/עג	יג	{{ר4}}	{{מ:פסוק|תהלים|עג|יג}}	אַךְ־רִ֭יק זִכִּ֣יתִי לְבָבִ֑י{{ר1}}וָאֶרְחַ֖ץ בְּנִקָּי֣וֹן כַּפָּֽי׃
ספר תהלים/עג	יד	{{ר4}}	{{מ:פסוק|תהלים|עג|יד}}	וָאֱהִ֣י נָ֭גוּעַ כׇּל־הַיּ֑וֹם{{ר1}}וְ֝תוֹכַחְתִּ֗י לַבְּקָרִֽים׃
ספר תהלים/עג	טו	{{ר4}}	{{מ:פסוק|תהלים|עג|טו}}	אִם־אָ֭מַרְתִּי אֲסַפְּרָ֥ה כְמ֑וֹ{{ר1}}הִנֵּ֤ה ד֖וֹר בָּנֶ֣יךָ בָגָֽדְתִּי׃
ספר תהלים/עג	טז	{{ר4}}	{{מ:פסוק|תהלים|עג|טז}}	"וָ֭אֲחַשְּׁבָה לָדַ֣עַת זֹ֑את{{ר1}}עָמָ֖ל {{כו""ק|היא|ה֣וּא}} בְעֵינָֽי׃"
ספר תהלים/עג	יז	{{ר4}}	{{מ:פסוק|תהלים|עג|יז}}	עַד־אָ֭בוֹא אֶל־מִקְדְּשֵׁי־אֵ֑ל{{ר1}}אָ֝בִ֗ינָה לְאַחֲרִיתָֽם׃
ספר תהלים/עג	יח	{{ר4}}	{{מ:פסוק|תהלים|עג|יח}}	אַ֣ךְ בַּ֭חֲלָקוֹת תָּשִׁ֣ית לָ֑מוֹ{{ר1}}הִ֝פַּלְתָּ֗ם לְמַשּׁוּאֽוֹת׃
ספר תהלים/עג	יט	{{ר4}}	{{מ:פסוק|תהלים|עג|יט}}	אֵ֤יךְ הָי֣וּ לְשַׁמָּ֣ה כְרָ֑גַע{{ר1}}סָ֥פוּ {{נוסח|תַ֗֝מּוּ|א=תַ֝מּוּ}} מִן־בַּלָּהֽוֹת׃
ספר תהלים/עג	כ	{{ר4}}	{{מ:פסוק|תהלים|עג|כ}}	כַּחֲל֥וֹם מֵהָקִ֑יץ{{ר1}}אֲ֝דֹנָ֗י בָּעִ֤יר{{מ:לגרמיה}}צַלְמָ֬ם תִּבְזֶֽה׃
ספר תהלים/עג	כא	{{ר4}}	{{מ:פסוק|תהלים|עג|כא}}	כִּ֭י יִתְחַמֵּ֣ץ לְבָבִ֑י{{ר1}}וְ֝כִלְיוֹתַ֗י אֶשְׁתּוֹנָֽן׃
ספר תהלים/עג	כב	{{ר4}}	{{מ:פסוק|תהלים|עג|כב}}	וַאֲנִי־בַ֭עַר וְלֹ֣א אֵדָ֑ע{{ר1}}בְּ֝הֵמ֗וֹת הָיִ֥יתִי עִמָּֽךְ׃
ספר תהלים/עג	כג	{{ר4}}	{{מ:פסוק|תהלים|עג|כג}}	וַאֲנִ֣י תָמִ֣יד עִמָּ֑ךְ{{ר1}}אָ֝חַ֗זְתָּ בְּיַד־יְמִינִֽי׃
ספר תהלים/עג	כד	{{ר4}}	{{מ:פסוק|תהלים|עג|כד}}	בַּעֲצָתְךָ֥ תַנְחֵ֑נִי{{ר1}}וְ֝אַחַ֗ר כָּב֥וֹד תִּקָּחֵֽנִי׃
ספר תהלים/עג	כה	{{ר4}}	{{מ:פסוק|תהלים|עג|כה}}	מִי־לִ֥י בַשָּׁמָ֑יִם{{ר1}}וְ֝עִמְּךָ֗ לֹֽא־חָפַ֥צְתִּי בָאָֽרֶץ׃
ספר תהלים/עג	כו	{{ר4}}	{{מ:פסוק|תהלים|עג|כו}}	כָּלָ֥ה שְׁאֵרִ֗י{{ר0}}וּלְבָ֫בִ֥י{{ר1}}צוּר־לְבָבִ֥י וְחֶלְקִ֗י{{ר1}}אֱלֹהִ֥ים לְעוֹלָֽם׃
ספר תהלים/עג	כז	{{ר4}}	{{מ:פסוק|תהלים|עג|כז}}	כִּֽי־הִנֵּ֣ה רְחֵקֶ֣יךָ יֹאבֵ֑דוּ{{ר1}}הִ֝צְמַ֗תָּה כׇּל־זוֹנֶ֥ה מִמֶּֽךָּ׃
ספר תהלים/עג	כח	{{ר4}}	{{מ:פסוק|תהלים|עג|כח}}	וַאֲנִ֤י{{מ:לגרמיה}}{{נוסח|קִ֥רְבַ֥ת|א=קִ֥רֲבַ֥ת (חטף)}} אֱלֹהִ֗ים{{ר0}}לִ֫י ט֥וֹב{{ר1}}שַׁתִּ֤י{{מ:לגרמיה}}בַּאדֹנָ֣י יֱהֹוִ֣ה מַחְסִ֑י{{ר2}}לְ֝סַפֵּ֗ר כׇּל־מַלְאֲכוֹתֶֽיךָ׃
ספר תהלים/עג	תתת	<noinclude>//{{תבנית:משתמש:Dovi/טעמי המקרא-סוף}}//{{מ:שוליים-סוף}}//==הפרק בלי מספרים==//{{תבנית:משתמש:Dovi/טעמי המקרא}}//{{#בלי קטע:{{שם הדף המלא}}|סימן}}//{{תבנית:משתמש:Dovi/טעמי המקרא-סוף}}</noinclude>		
ספר תהלים/עד	0	<noinclude>{{תבנית:טעמי המקרא באינטרנט}}//{{מ:שוליים|5}}//{{תבנית:משתמש:Dovi/טעמי המקרא}}//</noinclude>		
ספר תהלים/עד	א	{{פפ}}//	{{מ:פסוק|תהלים|עד|א}}	מַשְׂכִּ֗יל לְאָ֫סָ֥ף{{נוסח|{{ר3}}|פרשה פתוחה}}לָמָ֣ה אֱ֭לֹהִים זָנַ֣חְתָּ לָנֶ֑צַח{{ר1}}יֶעְשַׁ֥ן אַ֝פְּךָ֗ בְּצֹ֣אן מַרְעִיתֶֽךָ׃
ספר תהלים/עד	ב	{{ר4}}	{{מ:פסוק|תהלים|עד|ב}}	זְכֹ֤ר עֲדָֽתְךָ֨{{מ:לגרמיה}}קָ֘נִ֤יתָ קֶּ֗דֶם{{ר1}}גָּ֭אַלְתָּ שֵׁ֣בֶט נַחֲלָתֶ֑ךָ{{ר2}}הַר־צִ֝יּ֗וֹן{{ר0}}זֶ֤ה{{מ:לגרמיה}}שָׁכַ֬נְתָּ בּֽוֹ׃
ספר תהלים/עד	ג	{{ר4}}	{{מ:פסוק|תהלים|עד|ג}}	הָרִ֣ימָה פְ֭עָמֶיךָ לְמַשֻּׁא֣וֹת נֶ֑צַח{{ר1}}כׇּל־הֵרַ֖ע אוֹיֵ֣ב בַּקֹּֽדֶשׁ׃
ספר תהלים/עד	ד	{{ר4}}	{{מ:פסוק|תהלים|עד|ד}}	שָׁאֲג֣וּ {{נוסח|צֹ֭רְרֶיךָ|א=צֹ֭רֲרֶיךָ (חטף)}} בְּקֶ֣רֶב מוֹעֲדֶ֑ךָ{{ר1}}שָׂ֖מוּ אוֹתֹתָ֣ם אֹתֽוֹת׃
ספר תהלים/עד	ה	{{ר4}}	{{מ:פסוק|תהלים|עד|ה}}	יִ֭וָּדַע כְּמֵבִ֣יא לְמָ֑עְלָה{{ר1}}{{נוסח|בִּסְבׇךְ־עֵ֗֝ץ|א=בִּסֲבָךְ־עֵ֝ץ (חטף ובהשמטת נקודת הרביע כשיטתו)}} קַרְדֻּמּֽוֹת׃
ספר תהלים/עד	ו	{{ר4}}	{{מ:פסוק|תהלים|עד|ו}}	"{{כו""ק|ועת|וְ֭עַתָּה}} פִּתּוּחֶ֣יהָ יָּ֑חַד{{ר1}}בְּכַשִּׁ֥יל וְ֝כֵילַפּ֗וֹת יַהֲלֹמֽוּן׃"
ספר תהלים/עד	ז	{{ר4}}	{{מ:פסוק|תהלים|עד|ז}}	שִׁלְח֣וּ בָ֭אֵשׁ מִקְדָּשֶׁ֑ךָ{{ר1}}לָ֝אָ֗רֶץ חִלְּל֥וּ מִֽשְׁכַּן־שְׁמֶֽךָ׃
ספר תהלים/עד	ח	{{ר4}}	{{מ:פסוק|תהלים|עד|ח}}	אָמְר֣וּ בְ֭לִבָּם נִינָ֣ם יָ֑חַד{{ר1}}שָׂרְפ֖וּ כׇל־מוֹעֲדֵי־אֵ֣ל בָּאָֽרֶץ׃
ספר תהלים/עד	ט	{{ר4}}	{{מ:פסוק|תהלים|עד|ט}}	אוֹתֹתֵ֗ינוּ לֹ֥א רָ֫אִ֥ינוּ{{ר1}}אֵֽין־ע֥וֹד נָבִ֑יא{{ר2}}וְלֹֽא־אִ֝תָּ֗נוּ{{ר0}}יֹדֵ֥עַ עַד־מָֽה׃
ספר תהלים/עד	י	{{ר4}}	{{מ:פסוק|תהלים|עד|י}}	עַד־מָתַ֣י אֱ֭לֹהִים יְחָ֣רֶף צָ֑ר{{ר1}}יְנָ֘אֵ֤ץ אוֹיֵ֖ב שִׁמְךָ֣ לָנֶֽצַח׃
ספר תהלים/עד	יא	{{ר4}}	{{מ:פסוק|תהלים|עד|יא}}	"לָ֤מָּה תָשִׁ֣יב יָ֭דְךָ וִימִינֶ֑ךָ{{ר1}}מִקֶּ֖רֶב {{כו""ק|חוקך|חֵיקְךָ֣}} כַלֵּֽה׃"
ספר תהלים/עד	יב	{{ר4}}	{{מ:פסוק|תהלים|עד|יב}}	וֵ֭אלֹהִים מַלְכִּ֣י מִקֶּ֑דֶם{{ר1}}פֹּעֵ֥ל יְ֝שׁוּע֗וֹת בְּקֶ֣רֶב הָאָֽרֶץ׃
ספר תהלים/עד	יג	{{ר4}}	{{מ:פסוק|תהלים|עד|יג}}	אַתָּ֤ה פוֹרַ֣רְתָּ בְעׇזְּךָ֣ יָ֑ם{{ר1}}שִׁבַּ֖רְתָּ רָאשֵׁ֥י תַ֝נִּינִ֗ים עַל־הַמָּֽיִם׃
ספר תהלים/עד	יד	{{ר4}}	{{מ:פסוק|תהלים|עד|יד}}	אַתָּ֣ה רִ֭צַּצְתָּ רָאשֵׁ֣י לִוְיָתָ֑ן{{ר1}}תִּתְּנֶ֥נּוּ מַ֝אֲכָ֗ל לְעָ֣ם לְצִיִּֽים׃
ספר תהלים/עד	טו	{{ר4}}	{{מ:פסוק|תהלים|עד|טו}}	אַתָּ֣ה בָ֭קַעְתָּ מַעְיָ֣ן וָנָ֑חַל{{ר1}}אַתָּ֥ה ה֝וֹבַ֗שְׁתָּ נַהֲר֥וֹת אֵיתָֽן׃
ספר תהלים/עד	טז	{{ר4}}	{{מ:פסוק|תהלים|עד|טז}}	לְךָ֣ י֭וֹם אַף־לְךָ֥ לָ֑יְלָה{{ר1}}אַתָּ֥ה הֲ֝כִינ֗וֹתָ מָא֥וֹר וָשָֽׁמֶשׁ׃
ספר תהלים/עד	יז	{{ר4}}	{{מ:פסוק|תהלים|עד|יז}}	אַתָּ֣ה הִ֭צַּבְתָּ כׇּל־גְּבוּל֣וֹת אָ֑רֶץ{{ר1}}קַ֥יִץ וָ֝חֹ֗רֶף אַתָּ֥ה יְצַרְתָּֽם׃
ספר תהלים/עד	יח	{{ר4}}	{{מ:פסוק|תהלים|עד|יח}}	זְכׇר־זֹ֗את א֭וֹיֵב חֵרֵ֣ף{{מ:פסק}}יְהֹוָ֑ה{{ר1}}וְעַ֥ם נָ֝בָ֗ל נִאֲצ֥וּ שְׁמֶֽךָ׃
ספר תהלים/עד	יט	{{ר4}}	{{מ:פסוק|תהלים|עד|יט}}	אַל־תִּתֵּ֣ן לְ֭חַיַּת נֶ֣פֶשׁ תּוֹרֶ֑ךָ{{ר1}}חַיַּ֥ת עֲ֝נִיֶּ֗יךָ אַל־תִּשְׁכַּ֥ח לָנֶֽצַח׃
ספר תהלים/עד	כ	{{ר4}}	{{מ:פסוק|תהלים|עד|כ}}	הַבֵּ֥ט לַבְּרִ֑ית{{ר1}}כִּ֥י מָלְא֥וּ {{נוסח|מַחֲשַׁכֵּי־אֶ֗֝רֶץ|א=מַחֲשַׁכֵּי־אֶ֝רֶץ}} נְא֣וֹת חָמָֽס׃
ספר תהלים/עד	כא	{{ר4}}	{{מ:פסוק|תהלים|עד|כא}}	אַל־יָשֹׁ֣ב דַּ֣ךְ נִכְלָ֑ם{{ר1}}עָנִ֥י וְ֝אֶבְי֗וֹן יְֽהַלְל֥וּ שְׁמֶֽךָ׃
ספר תהלים/עד	כב	{{ר4}}	{{מ:פסוק|תהלים|עד|כב}}	קוּמָ֣ה אֱ֭לֹהִים רִיבָ֣ה רִיבֶ֑ךָ{{ר1}}זְכֹ֥ר חֶרְפָּתְךָ֥ מִנִּי־נָ֝בָ֗ל כׇּל־הַיּֽוֹם׃
ספר תהלים/עד	כג	{{ר4}}	{{מ:פסוק|תהלים|עד|כג}}	אַל־תִּ֭שְׁכַּח ק֣וֹל {{נוסח|צֹרְרֶ֑יךָ|א=צֹרֲרֶ֑יךָ (חטף)}}{{ר1}}שְׁא֥וֹן קָ֝מֶ֗יךָ עֹלֶ֥ה תָמִֽיד׃
ספר תהלים/עד	תתת	<noinclude>//{{תבנית:משתמש:Dovi/טעמי המקרא-סוף}}//{{מ:שוליים-סוף}}//==הפרק בלי מספרים==//{{תבנית:משתמש:Dovi/טעמי המקרא}}//{{#בלי קטע:{{שם הדף המלא}}|סימן}}//{{תבנית:משתמש:Dovi/טעמי המקרא-סוף}}</noinclude>		
ספר תהלים/עה	0	<noinclude>{{תבנית:טעמי המקרא באינטרנט}}//{{מ:שוליים|5}}//{{תבנית:משתמש:Dovi/טעמי המקרא}}//</noinclude>		
ספר תהלים/עה	א	{{פפ}}//	{{מ:פסוק|תהלים|עה|א}}	לַמְנַצֵּ֥חַ אַל־תַּשְׁחֵ֑ת מִזְמ֖וֹר לְאָסָ֣ף שִֽׁיר׃
ספר תהלים/עה	ב	{{נוסח|{{ר4}}|פרשה פתוחה}}	{{מ:פסוק|תהלים|עה|ב}}	ה֘וֹדִ֤ינוּ לְּךָ֨{{מ:לגרמיה}}אֱֽלֹהִ֗ים{{ר1}}ה֭וֹדִינוּ{{ר0}}וְקָר֣וֹב שְׁמֶ֑ךָ{{ר2}}סִ֝פְּר֗וּ נִפְלְאוֹתֶֽיךָ׃
ספר תהלים/עה	ג	{{ר4}}	{{מ:פסוק|תהלים|עה|ג}}	כִּ֭י אֶקַּ֣ח מוֹעֵ֑ד{{ר1}}אֲ֝נִ֗י מֵישָׁרִ֥ים אֶשְׁפֹּֽט׃
ספר תהלים/עה	ד	{{ר4}}	{{מ:פסוק|תהלים|עה|ד}}	"{{נוסח|נְֽמֹגִ֗ים אֶ֥רֶץ|א=נְֽמֹגִ֗ים־אֶ֥רֶץ (במקף)|מקף בתיבת רביע (!) והוא ברור לגמרי בכתב־היד. גם ברויאר ומג""ה הכריעו על השמטת המקף.}} וְכׇל־יֹשְׁבֶ֑יהָ{{ר1}}אָנֹכִ֨י תִכַּ֖נְתִּי עַמּוּדֶ֣יהָ סֶּֽלָה׃"
ספר תהלים/עה	ה	{{ר4}}	{{מ:פסוק|תהלים|עה|ה}}	אָמַ֣רְתִּי {{נוסח|לַ֭הוֹלְלִים|א=לַ֭הוֹלֲלִים (חטף)}} אַל־תָּהֹ֑לּוּ{{ר1}}וְ֝לָרְשָׁעִ֗ים אַל־תָּרִ֥ימוּ קָֽרֶן׃
ספר תהלים/עה	ו	{{ר4}}	{{מ:פסוק|תהלים|עה|ו}}	אַל־תָּרִ֣ימוּ לַמָּר֣וֹם קַרְנְכֶ֑ם{{ר1}}תְּדַבְּר֖וּ בְצַוָּ֣אר עָתָֽק׃
ספר תהלים/עה	ז	{{ר4}}	{{מ:פסוק|תהלים|עה|ז}}	כִּ֤י לֹ֣א מִ֭מּוֹצָא וּמִֽמַּעֲרָ֑ב{{ר1}}וְ֝לֹ֗א מִמִּדְבַּ֥ר הָרִֽים׃
ספר תהלים/עה	ח	{{ר4}}	{{מ:פסוק|תהלים|עה|ח}}	כִּֽי־אֱלֹהִ֥ים שֹׁפֵ֑ט{{ר1}}זֶ֥ה יַ֝שְׁפִּ֗יל וְזֶ֣ה יָרִֽים׃
ספר תהלים/עה	ט	{{ר4}}	{{מ:פסוק|תהלים|עה|ט}}	כִּ֤י כ{{גלגל}}וֹס בְּֽיַד־יְהֹוָ֡ה{{ר1}}וְיַ֤יִן חָמַ֨ר{{מ:לגרמיה}}מָ֥לֵא מֶסֶךְ֮{{ר1}}וַיַּגֵּ{{אתנח הפוך}}ר מִ֫זֶּ֥ה{{ר2}}אַךְ־שְׁ֭מָרֶיהָ{{ר0}}יִמְצ֣וּ יִשְׁתּ֑וּ{{ר2}}{{נוסח|כֹּ֗֝ל|א=כֹּ֝ל}} רִשְׁעֵי־אָֽרֶץ׃
ספר תהלים/עה	י	{{ר4}}	{{מ:פסוק|תהלים|עה|י}}	וַ֭אֲנִי אַגִּ֣יד לְעֹלָ֑ם{{ר1}}אֲ֝זַמְּרָ֗ה לֵאלֹהֵ֥י יַעֲקֹֽב׃
ספר תהלים/עה	יא	{{ר4}}	{{מ:פסוק|תהלים|עה|יא}}	וְכׇל־קַרְנֵ֣י רְשָׁעִ֣ים אֲגַדֵּ֑עַ{{ר1}}תְּ֝רוֹמַ֗מְנָה קַֽרְנ֥וֹת צַדִּֽיק׃
ספר תהלים/עה	תתת	<noinclude>//{{תבנית:משתמש:Dovi/טעמי המקרא-סוף}}//{{מ:שוליים-סוף}}//==הפרק בלי מספרים==//{{תבנית:משתמש:Dovi/טעמי המקרא}}//{{#בלי קטע:{{שם הדף המלא}}|סימן}}//{{תבנית:משתמש:Dovi/טעמי המקרא-סוף}}</noinclude>		
ספר תהלים/עו	0	<noinclude>{{תבנית:טעמי המקרא באינטרנט}}//{{מ:שוליים|5}}//{{תבנית:משתמש:Dovi/טעמי המקרא}}//</noinclude>		
ספר תהלים/עו	א	{{פפ}}//	{{מ:פסוק|תהלים|עו|א}}	לַמְנַצֵּ֥חַ בִּנְגִינֹ֑ת מִזְמ֖וֹר לְאָסָ֣ף שִֽׁיר׃
ספר תהלים/עו	ב	{{נוסח|{{ר4}}|פרשה פתוחה}}	{{מ:פסוק|תהלים|עו|ב}}	נוֹדָ֣ע בִּיהוּדָ֣ה אֱלֹהִ֑ים{{ר1}}בְּ֝יִשְׂרָאֵ֗ל גָּד֥וֹל שְׁמֽוֹ׃
ספר תהלים/עו	ג	{{ר4}}	{{מ:פסוק|תהלים|עו|ג}}	וַיְהִ֣י בְשָׁלֵ֣ם סוּכּ֑וֹ{{ר1}}וּמְע֖וֹנָת֣וֹ בְצִיּֽוֹן׃
ספר תהלים/עו	ד	{{ר4}}	{{מ:פסוק|תהלים|עו|ד}}	שָׁ֭מָּה שִׁבַּ֣ר רִשְׁפֵי־קָ֑שֶׁת{{ר1}}מָגֵ֬ן וְחֶ֖רֶב וּמִלְחָמָ֣ה סֶֽלָה׃
ספר תהלים/עו	ה	{{ר4}}	{{מ:פסוק|תהלים|עו|ה}}	נָ֭אוֹר אַתָּ֥ה אַדִּ֗יר{{ר1}}מֵֽהַרְרֵי־טָֽרֶף׃
ספר תהלים/עו	ו	{{ר4}}	{{מ:פסוק|תהלים|עו|ו}}	{{נוסח|אֶשְׁתּֽוֹלְל֨וּ{{מ:לגרמיה}}|א=אֶשְׁתּֽוֹלֲל֨וּ{{מ:לגרמיה}}(חטף)|חסר ברשימת ברויאר (אולי בגלל שהמקום מטושטש)}}אַבִּ֣ירֵי לֵ֭ב נָמ֣וּ שְׁנָתָ֑ם{{ר1}}וְלֹֽא־מָצְא֖וּ כׇל־אַנְשֵׁי־חַ֣יִל יְדֵיהֶֽם׃
ספר תהלים/עו	ז	{{ר4}}	{{מ:פסוק|תהלים|עו|ז}}	מִ֭גַּעֲרָ֣תְךָ אֱלֹהֵ֣י יַעֲקֹ֑ב{{ר1}}נִ֝רְדָּ֗ם וְרֶ֣כֶב וָסֽוּס׃
ספר תהלים/עו	ח	{{ר4}}	{{מ:פסוק|תהלים|עו|ח}}	אַתָּ֤ה{{מ:לגרמיה}}{{ר0|רווח=לא}}נ֥וֹרָא אַ֗תָּה{{ר1}}וּמִֽי־יַעֲמֹ֥ד לְפָנֶ֗יךָ{{ר1}}מֵאָ֥ז אַפֶּֽךָ׃
ספר תהלים/עו	ט	{{ר4}}	{{מ:פסוק|תהלים|עו|ט}}	מִ֭שָּׁמַיִם הִשְׁמַ֣עְתָּ דִּ֑ין{{ר1}}אֶ֖רֶץ יָֽרְאָ֣ה וְשָׁקָֽטָה׃
ספר תהלים/עו	י	{{ר4}}	{{מ:פסוק|תהלים|עו|י}}	בְּקוּם־לַמִּשְׁפָּ֥ט אֱלֹהִ֑ים{{ר1}}לְהוֹשִׁ֖יעַ כׇּל־עַנְוֵי־אֶ֣רֶץ סֶֽלָה׃
ספר תהלים/עו	יא	{{ר4}}	{{מ:פסוק|תהלים|עו|יא}}	כִּֽי־חֲמַ֣ת אָדָ֣ם תּוֹדֶ֑ךָּ{{ר1}}שְׁאֵרִ֖ית חֵמֹ֣ת תַּחְגֹּֽר׃
ספר תהלים/עו	יב	{{ר4}}	{{מ:פסוק|תהלים|עו|יב}}	{{נוסח|נִ֥דְר֣וּ|א=נִ֥דֲר֣וּ (חטף)}} וְשַׁלְּמוּ֮{{ר0}}לַיהֹוָ{{אתנח הפוך}}ה אֱֽלֹהֵ֫יכֶ֥ם{{ר1}}כׇּל־סְבִיבָ֑יו{{ר1}}יֹבִ֥ילוּ {{נוסח|שַׁ֝֗י|א=שַׁ֝י}} לַמּוֹרָֽא׃
ספר תהלים/עו	יג	{{ר4}}	{{מ:פסוק|תהלים|עו|יג}}	יִ֭בְצֹר ר֣וּחַ נְגִידִ֑ים{{ר1}}נ֝וֹרָ֗א לְמַלְכֵי־אָֽרֶץ׃
ספר תהלים/עו	תתת	<noinclude>//{{תבנית:משתמש:Dovi/טעמי המקרא-סוף}}//{{מ:שוליים-סוף}}//==הפרק בלי מספרים==//{{תבנית:משתמש:Dovi/טעמי המקרא}}//{{#בלי קטע:{{שם הדף המלא}}|סימן}}//{{תבנית:משתמש:Dovi/טעמי המקרא-סוף}}</noinclude>		
ספר תהלים/עז	0	<noinclude>{{תבנית:טעמי המקרא באינטרנט}}//{{מ:שוליים|5}}//{{תבנית:משתמש:Dovi/טעמי המקרא}}//</noinclude>		
ספר תהלים/עז	א	{{פפ}}//	{{מ:פסוק|תהלים|עז|א}}	"לַמְנַצֵּ֥חַ עַֽל־{{קו""כ|ידיתון|יְדוּת֗וּן}} לְאָסָ֥ף מִזְמֽוֹר׃"
ספר תהלים/עז	ב	{{נוסח|{{ר4}}|פרשה פתוחה}}	{{מ:פסוק|תהלים|עז|ב}}	קוֹלִ֣י אֶל־אֱלֹהִ֣ים וְאֶצְעָ֑קָה{{ר1}}קוֹלִ֥י אֶל־אֱ֝לֹהִ֗ים וְהַאֲזִ֥ין אֵלָֽי׃
ספר תהלים/עז	ג	{{ר4}}	{{מ:פסוק|תהלים|עז|ג}}	בְּי֥וֹם צָרָתִי֮ אֲדֹנָ{{אתנח הפוך}}י דָּ֫רָ֥שְׁתִּי{{ר1}}יָדִ֤י{{מ:לגרמיה}}לַ֣יְלָה נִ֭גְּרָה{{ר0}}וְלֹ֣א תָפ֑וּג{{ר2}}מֵאֲנָ֖ה הִנָּחֵ֣ם נַפְשִֽׁי׃
ספר תהלים/עז	ד	{{ר4}}	{{מ:פסוק|תהלים|עז|ד}}	אֶזְכְּרָ֣ה אֱלֹהִ֣ים וְאֶהֱמָ֑יָה{{ר1}}אָשִׂ֓יחָה{{מ:לגרמיה}}וְתִתְעַטֵּ֖ף רוּחִ֣י סֶֽלָה׃
ספר תהלים/עז	ה	{{ר4}}	{{מ:פסוק|תהלים|עז|ה}}	אָ֭חַזְתָּ שְׁמֻר֣וֹת עֵינָ֑י{{ר1}}נִ֝פְעַ֗מְתִּי וְלֹ֣א אֲדַבֵּֽר׃
ספר תהלים/עז	ו	{{ר4}}	{{מ:פסוק|תהלים|עז|ו}}	חִשַּׁ֣בְתִּי יָמִ֣ים מִקֶּ֑דֶם{{ר1}}שְׁ֝נ֗וֹת עוֹלָמִֽים׃
ספר תהלים/עז	ז	{{ר4}}	{{מ:פסוק|תהלים|עז|ז}}	אֶ֥זְכְּרָ֥ה נְגִינָתִ֗י{{ר0}}בַּ֫לָּ֥יְלָה{{ר1}}עִם־לְבָבִ֥י אָשִׂ֑יחָה{{ר1}}וַיְחַפֵּ֥שׂ רוּחִֽי׃
ספר תהלים/עז	ח	{{ר4}}	{{מ:פסוק|תהלים|עז|ח}}	{{נוסח|הַ֭לְעוֹלָמִים|=א וקורן|יש דפוסים={{מ:אות-ג|הַ֭}}לְעוֹלָמִים}} יִזְנַ֥ח{{מ:פסק}}אֲדֹנָ֑י{{ר1}}וְלֹא־יֹסִ֖יף לִרְצ֣וֹת עֽוֹד׃
ספר תהלים/עז	ט	{{ר4}}	{{מ:פסוק|תהלים|עז|ט}}	הֶאָפֵ֣ס לָנֶ֣צַח חַסְדּ֑וֹ{{ר1}}גָּ֥מַר {{נוסח|אֹ֗֝מֶר|א=אֹ֝מֶר}} לְדֹ֣ר וָדֹֽר׃
ספר תהלים/עז	י	{{ר4}}	{{מ:פסוק|תהלים|עז|י}}	הֲשָׁכַ֣ח חַנּ֣וֹת אֵ֑ל{{ר1}}אִם־קָפַ֥ץ בְּ֝אַ֗ף רַחֲמָ֥יו סֶֽלָה׃
ספר תהלים/עז	יא	{{ר4}}	{{מ:פסוק|תהלים|עז|יא}}	וָ֭אֹמַר חַלּ֣וֹתִי הִ֑יא{{ר1}}שְׁ֝נ֗וֹת יְמִ֣ין עֶלְיֽוֹן׃
ספר תהלים/עז	יב	{{ר4}}	{{מ:פסוק|תהלים|עז|יב}}	"{{כו""ק|אזכיר|אֶזְכּ֥וֹר}} מַעַלְלֵי־יָ֑הּ{{ר1}}כִּֽי־אֶזְכְּרָ֖ה מִקֶּ֣דֶם פִּלְאֶֽךָ׃"
ספר תהלים/עז	יג	{{ר4}}	{{מ:פסוק|תהלים|עז|יג}}	וְהָגִ֥יתִי {{מ:קמץ|ד=בְכׇל־פׇּעֳלֶ֑ךָ|ס=בְכׇל־פָּעֳלֶ֑ךָ}}{{ר1}}וּֽבַעֲלִ֖ילוֹתֶ֣יךָ אָשִֽׂיחָה׃
ספר תהלים/עז	יד	{{ר4}}	{{מ:פסוק|תהלים|עז|יד}}	אֱ֭לֹהִים בַּקֹּ֣דֶשׁ דַּרְכֶּ֑ךָ{{ר1}}מִי־אֵ֥ל גָּ֝ד֗וֹל כֵּאלֹהִֽים׃
ספר תהלים/עז	טו	{{ר4}}	{{מ:פסוק|תהלים|עז|טו}}	אַתָּ֣ה הָ֭אֵל עֹ֣שֵׂה פֶ֑לֶא{{ר1}}הוֹדַ֖עְתָּ בָעַמִּ֣ים עֻזֶּֽךָ׃
ספר תהלים/עז	טז	{{ר4}}	{{מ:פסוק|תהלים|עז|טז}}	גָּאַ֣לְתָּ בִּזְר֣וֹעַ עַמֶּ֑ךָ{{ר1}}בְּנֵֽי־יַעֲקֹ֖ב וְיוֹסֵ֣ף סֶֽלָה׃
ספר תהלים/עז	יז	{{ר4}}	{{מ:פסוק|תהלים|עז|יז}}	רָ֘א֤וּךָ מַּ֨יִם{{מ:לגרמיה}}אֱֽלֹהִ֗ים{{ר1}}רָא֣וּךָ מַּ֣יִם יָחִ֑ילוּ{{ר2}}{{נוסח|אַ֗֝ף|א=אַ֝ף}}{{ר0}}יִרְגְּז֥וּ תְהֹמֽוֹת׃
ספר תהלים/עז	יח	{{ר4}}	{{מ:פסוק|תהלים|עז|יח}}	זֹ֤רְמוּ מַ֨יִם{{מ:לגרמיה}}עָב֗וֹת ק֭וֹל נָֽתְנ֣וּ שְׁחָקִ֑ים{{ר1}}אַף־חֲ֝צָצֶ֗יךָ יִתְהַלָּֽכוּ׃
ספר תהלים/עז	יט	{{ר4}}	{{מ:פסוק|תהלים|עז|יט}}	ק֤וֹל רַֽעַמְךָ֨{{מ:לגרמיה}}{{ר0|רווח=לא}}בַּגַּלְגַּ֗ל{{ר1}}הֵאִ֣ירוּ בְרָקִ֣ים תֵּבֵ֑ל{{ר2}}רָגְזָ֖ה וַתִּרְעַ֣שׁ הָאָֽרֶץ׃
ספר תהלים/עז	כ	{{ר4}}	{{מ:פסוק|תהלים|עז|כ}}	"בַּיָּ֤ם דַּרְכֶּ֗ךָ{{ר1}}{{נוסח|{{כו""ק|ושביליך|וּֽ֭שְׁבִילְךָ}}|א-כתיב=יתיר י'}} בְּמַ֣יִם רַבִּ֑ים{{ר2}}וְ֝עִקְּבוֹתֶ֗יךָ{{ר0}}לֹ֣א נֹדָֽעוּ׃"
ספר תהלים/עז	כא	{{ר4}}	{{מ:פסוק|תהלים|עז|כא}}	נָחִ֣יתָ כַצֹּ֣אן עַמֶּ֑ךָ{{ר1}}בְּֽיַד־מֹשֶׁ֥ה וְאַהֲרֹֽן׃
ספר תהלים/עז	תתת	<noinclude>//{{תבנית:משתמש:Dovi/טעמי המקרא-סוף}}//{{מ:שוליים-סוף}}//==הפרק בלי מספרים==//{{תבנית:משתמש:Dovi/טעמי המקרא}}//{{#בלי קטע:{{שם הדף המלא}}|סימן}}//{{תבנית:משתמש:Dovi/טעמי המקרא-סוף}}</noinclude>		
ספר תהלים/עח	0	<noinclude>{{תבנית:טעמי המקרא באינטרנט}}//{{מ:שוליים|5}}//{{תבנית:משתמש:Dovi/טעמי המקרא}}//</noinclude>		
ספר תהלים/עח	א	{{פפ}}//	{{מ:פסוק|תהלים|עח|א}}	מַשְׂכִּ֗יל לְאָ֫סָ֥ף{{נוסח|{{ר3}}|פרשה פתוחה}}הַאֲזִ֣ינָה עַ֭מִּי תּוֹרָתִ֑י{{ר1}}הַטּ֥וּ אׇ֝זְנְכֶ֗ם לְאִמְרֵי־פִֽי׃
ספר תהלים/עח	ב	{{ר4}}	{{מ:פסוק|תהלים|עח|ב}}	אֶפְתְּחָ֣ה בְמָשָׁ֣ל פִּ֑י{{ר1}}אַבִּ֥יעָה חִ֝יד֗וֹת מִנִּי־קֶֽדֶם׃
ספר תהלים/עח	ג	{{ר4}}	{{מ:פסוק|תהלים|עח|ג}}	אֲשֶׁ֣ר שָׁ֭מַעְנוּ וַנֵּדָעֵ֑ם{{ר1}}וַ֝אֲבוֹתֵ֗ינוּ סִפְּרוּ־לָֽנוּ׃
ספר תהלים/עח	ד	{{ר4}}	{{מ:פסוק|תהלים|עח|ד}}	לֹ֤א נְכַחֵ֨ד{{מ:לגרמיה}}מִבְּנֵיהֶ֗ם{{ר1}}לְד֥וֹר אַחֲר֗וֹן{{ר1}}מְֽ֭סַפְּרִים תְּהִלּ֣וֹת יְהֹוָ֑ה{{ר2}}וֶעֱזוּז֥וֹ וְ֝נִפְלְאֹתָ֗יו אֲשֶׁ֣ר עָשָֽׂה׃
ספר תהלים/עח	ה	{{ר4}}	{{מ:פסוק|תהלים|עח|ה}}	וַיָּ֤קֶם עֵד֨וּת{{מ:לגרמיה}}בְּֽיַעֲקֹ֗ב{{ר1}}וְתוֹרָה֮ שָׂ֤ם בְּיִשְׂרָ֫אֵ֥ל{{ר2}}אֲשֶׁ֣ר צִ֭וָּה אֶת־אֲבוֹתֵ֑ינוּ{{ר2}}לְ֝הוֹדִיעָ֗ם לִבְנֵיהֶֽם׃
ספר תהלים/עח	ו	{{ר4}}	{{מ:פסוק|תהלים|עח|ו}}	לְמַ֤עַן יֵדְע֨וּ{{מ:לגרמיה}}דּ֣וֹר אַ֭חֲרוֹן בָּנִ֣ים יִוָּלֵ֑דוּ{{ר1}}יָ֝קֻ֗מוּ וִיסַפְּר֥וּ לִבְנֵיהֶֽם׃
ספר תהלים/עח	ז	{{ר4}}	{{מ:פסוק|תהלים|עח|ז}}	וְיָשִׂ֥ימוּ בֵאלֹהִ֗ים{{ר0}}כִּ֫סְלָ֥ם{{ר1}}וְלֹ֣א יִ֭שְׁכְּחוּ {{נוסח|מַ֥עַלְלֵי־אֵ֑ל|=א|הערת ברויאר אינה מובנת}}{{ר1}}וּמִצְוֺתָ֥יו יִנְצֹֽרוּ׃
ספר תהלים/עח	ח	{{ר4}}	{{מ:פסוק|תהלים|עח|ח}}	וְלֹ֤א יִהְי֨וּ{{מ:לגרמיה}}כַּאֲבוֹתָ֗ם{{ר1}}דּוֹר֮ סוֹרֵ{{אתנח הפוך}}ר וּמֹ֫רֶ֥ה{{ר1}}דּ֭וֹר לֹא־הֵכִ֣ין לִבּ֑וֹ{{ר2}}וְלֹֽא־נֶאֶמְנָ֖ה אֶת־אֵ֣ל רוּחֽוֹ׃
ספר תהלים/עח	ט	{{ר4}}	{{מ:פסוק|תהלים|עח|ט}}	בְּֽנֵי־אֶפְרַ֗יִם נוֹשְׁקֵ֥י רֽוֹמֵי־קָ֑שֶׁת{{ר1}}הָ֝פְכ֗וּ בְּי֣וֹם קְרָֽב׃
ספר תהלים/עח	י	{{ר4}}	{{מ:פסוק|תהלים|עח|י}}	לֹ֣א שָׁ֭מְרוּ בְּרִ֣ית אֱלֹהִ֑ים{{ר1}}וּ֝בְתוֹרָת֗וֹ מֵאֲנ֥וּ לָלֶֽכֶת׃
ספר תהלים/עח	יא	{{ר4}}	{{מ:פסוק|תהלים|עח|יא}}	וַיִּשְׁכְּח֥וּ עֲלִילוֹתָ֑יו{{ר1}}וְ֝נִפְלְאוֹתָ֗יו אֲשֶׁ֣ר הֶרְאָֽם׃
ספר תהלים/עח	יב	{{ר4}}	{{מ:פסוק|תהלים|עח|יב}}	נֶ֣גֶד אֲ֭בוֹתָם עָ֣שָׂה פֶ֑לֶא{{ר1}}בְּאֶ֖רֶץ מִצְרַ֣יִם שְׂדֵה־צֹֽעַן׃
ספר תהלים/עח	יג	{{ר4}}	{{מ:פסוק|תהלים|עח|יג}}	בָּ֣קַע יָ֭ם וַיַּעֲבִירֵ֑ם{{ר1}}וַֽיַּצֶּב־מַ֥יִם כְּמוֹ־נֵֽד׃
ספר תהלים/עח	יד	{{ר4}}	{{מ:פסוק|תהלים|עח|יד}}	וַיַּנְחֵ֣ם בֶּעָנָ֣ן יוֹמָ֑ם{{ר1}}וְכׇל־הַ֝לַּ֗יְלָה בְּא֣וֹר אֵֽשׁ׃
ספר תהלים/עח	טו	{{ר4}}	{{מ:פסוק|תהלים|עח|טו}}	יְבַקַּ֣ע צֻ֭רִים בַּמִּדְבָּ֑ר{{ר1}}וַ֝יַּ֗שְׁקְ כִּתְהֹמ֥וֹת רַבָּֽה׃
ספר תהלים/עח	טז	{{ר4}}	{{מ:פסוק|תהלים|עח|טז}}	וַיּוֹצִ֣א נוֹזְלִ֣ים מִסָּ֑לַע{{ר1}}וַיּ֖וֹרֶד כַּנְּהָר֣וֹת מָֽיִם׃
ספר תהלים/עח	יז	{{ר4}}	{{מ:פסוק|תהלים|עח|יז}}	וַיּוֹסִ֣יפוּ ע֭וֹד לַחֲטֹא־ל֑וֹ{{ר1}}לַֽמְר֥וֹת עֶ֝לְי֗וֹן בַּצִּיָּֽה׃
ספר תהלים/עח	יח	{{ר4}}	{{מ:פסוק|תהלים|עח|יח}}	וַיְנַסּוּ־אֵ֥ל בִּלְבָבָ֑ם{{ר1}}לִֽשְׁאׇל־אֹ֥כֶל לְנַפְשָֽׁם׃
ספר תהלים/עח	יט	{{ר4}}	{{מ:פסוק|תהלים|עח|יט}}	וַֽיְדַבְּר֗וּ בֵּאלֹ֫הִ֥ים{{ר1}}אָ֭מְרוּ הֲי֣וּכַל אֵ֑ל{{ר2}}לַעֲרֹ֥ךְ שֻׁ֝לְחָ֗ן{{ר0}}בַּמִּדְבָּֽר׃
ספר תהלים/עח	כ	{{ר4}}	{{מ:פסוק|תהלים|עח|כ}}	הֵ֤ן הִכָּה־צ֨וּר{{מ:לגרמיה}}וַיָּז֣וּבוּ מַיִם֮{{ר1}}וּנְחָלִ{{אתנח הפוך}}ים יִ֫שְׁטֹ֥פוּ{{ר3}}הֲגַם־לֶ֭חֶם י֣וּכַל תֵּ֑ת{{ר1}}אִם־יָכִ֖ין שְׁאֵ֣ר לְעַמּֽוֹ׃
ספר תהלים/עח	כא	{{ר4}}	{{מ:פסוק|תהלים|עח|כא}}	לָכֵ֤ן{{מ:לגרמיה}}שָׁמַ֥ע יְהֹוָ֗ה{{ר0}}וַֽיִּתְעַ֫בָּ֥ר{{ר1}}וְ֭אֵשׁ נִשְּׂקָ֣ה בְיַעֲקֹ֑ב{{ר2}}{{נוסח|וְגַם־אַ֗֝ף|א=וְגַם־אַ֝ף}} עָלָ֥ה בְיִשְׂרָאֵֽל׃
ספר תהלים/עח	כב	{{ר4}}	{{מ:פסוק|תהלים|עח|כב}}	כִּ֤י לֹ֣א הֶ֭אֱמִינוּ בֵּאלֹהִ֑ים{{ר1}}וְלֹ֥א בָ֝טְח֗וּ בִּישֽׁוּעָתֽוֹ׃
ספר תהלים/עח	כג	{{ר4}}	{{מ:פסוק|תהלים|עח|כג}}	וַיְצַ֣ו שְׁחָקִ֣ים מִמָּ֑עַל{{ר1}}וְדַלְתֵ֖י שָׁמַ֣יִם פָּתָֽח׃
ספר תהלים/עח	כד	{{ר4}}	{{מ:פסוק|תהלים|עח|כד}}	וַיַּמְטֵ֬ר עֲלֵיהֶ֣ם מָ֣ן לֶאֱכֹ֑ל{{ר1}}וּדְגַן־שָׁ֝מַ֗יִם נָ֣תַן לָֽמוֹ׃
ספר תהלים/עח	כה	{{ר4}}	{{מ:פסוק|תהלים|עח|כה}}	לֶ֣חֶם אַ֭בִּירִים אָ֣כַל אִ֑ישׁ{{ר1}}צֵידָ֬ה שָׁלַ֖ח לָהֶ֣ם לָשֹֽׂבַע׃
ספר תהלים/עח	כו	{{ר4}}	{{מ:פסוק|תהלים|עח|כו}}	יַסַּ֣ע קָ֭דִים בַּשָּׁמָ֑יִם{{ר1}}וַיְנַהֵ֖ג בְּעֻזּ֣וֹ תֵימָֽן׃
ספר תהלים/עח	כז	{{ר4}}	{{מ:פסוק|תהלים|עח|כז}}	וַיַּמְטֵ֬ר עֲלֵיהֶ֣ם כֶּעָפָ֣ר שְׁאֵ֑ר{{ר1}}וּֽכְח֥וֹל יַ֝מִּ֗ים ע֣וֹף כָּנָֽף׃
ספר תהלים/עח	כח	{{ר4}}	{{מ:פסוק|תהלים|עח|כח}}	וַ֭יַּפֵּל בְּקֶ֣רֶב מַחֲנֵ֑הוּ{{ר1}}סָ֝בִ֗יב לְמִשְׁכְּנֹתָֽיו׃
ספר תהלים/עח	כט	{{ר4}}	{{מ:פסוק|תהלים|עח|כט}}	וַיֹּאכְל֣וּ וַיִּשְׂבְּע֣וּ מְאֹ֑ד{{ר1}}וְ֝תַאֲוָתָ֗ם יָבִ֥א לָהֶֽם׃
ספר תהלים/עח	ל	{{ר4}}	{{מ:פסוק|תהלים|עח|ל}}	לֹא־זָ֥רוּ מִתַּאֲוָתָ֑ם{{ר1}}{{נוסח|ע֗֝וֹד|א=ע֝וֹד}} אׇכְלָ֥ם בְּפִיהֶֽם׃
ספר תהלים/עח	לא	{{ר4}}	{{מ:פסוק|תהלים|עח|לא}}	וְאַ֤ף אֱלֹהִ֨ים{{מ:לגרמיה}}{{ר0|רווח=לא}}עָ֘לָ֤ה בָהֶ֗ם{{ר1}}וַֽ֭יַּהֲרֹג בְּמִשְׁמַנֵּיהֶ֑ם{{ר2}}וּבַחוּרֵ֖י יִשְׂרָאֵ֣ל הִכְרִֽיעַ׃
ספר תהלים/עח	לב	{{ר4}}	{{מ:פסוק|תהלים|עח|לב}}	בְּכׇל־זֹ֭את חָֽטְאוּ־ע֑וֹד{{ר1}}וְלֹֽא־הֶ֝אֱמִ֗ינוּ בְּנִפְלְאוֹתָֽיו׃
ספר תהלים/עח	לג	{{ר4}}	{{מ:פסוק|תהלים|עח|לג}}	וַיְכַל־בַּהֶ֥בֶל יְמֵיהֶ֑ם{{ר1}}וּ֝שְׁנוֹתָ֗ם בַּבֶּהָלָֽה׃
ספר תהלים/עח	לד	{{ר4}}	{{מ:פסוק|תהלים|עח|לד}}	אִם־הֲרָגָ֥ם וּדְרָשׁ֑וּהוּ{{ר1}}וְ֝שָׁ֗בוּ וְשִֽׁחֲרוּ־אֵֽל׃
ספר תהלים/עח	לה	{{ר4}}	{{מ:פסוק|תהלים|עח|לה}}	וַֽ֭יִּזְכְּרוּ כִּֽי־אֱלֹהִ֣ים צוּרָ֑ם{{ר1}}וְאֵ֥ל עֶ֝לְי֗וֹן גֹּאֲלָֽם׃
ספר תהלים/עח	לו	{{ר4}}	{{מ:פסוק|תהלים|עח|לו}}	וַיְפַתּ֥וּהוּ בְּפִיהֶ֑ם{{ר1}}וּ֝בִלְשׁוֹנָ֗ם יְכַזְּבוּ־לֽוֹ׃
ספר תהלים/עח	לז	{{ר4}}	{{מ:פסוק|תהלים|עח|לז}}	וְ֭לִבָּם לֹא־נָכ֣וֹן עִמּ֑וֹ{{ר1}}וְלֹ֥א נֶ֝אֶמְנ֗וּ בִּבְרִיתֽוֹ׃
ספר תהלים/עח	לח	{{ר4}}	{{מ:פסוק|תהלים|עח|לח|סדר=יא}}	וְה֤וּא רַח֨וּם{{מ:לגרמיה}}יְכַפֵּ֥ר עָוֺן֮{{ר0}}וְֽלֹא־יַֽ֫שְׁחִ֥ית{{ר1}}וְ֭הִרְבָּה לְהָשִׁ֣יב אַפּ֑וֹ{{ר2}}וְלֹא־יָ֝עִ֗יר כׇּל־חֲמָתֽוֹ׃
ספר תהלים/עח	לט	{{ר4}}	{{מ:פסוק|תהלים|עח|לט}}	וַ֭יִּזְכֹּר כִּֽי־בָשָׂ֣ר הֵ֑מָּה{{ר1}}ר֥וּחַ ה֝וֹלֵ֗ךְ וְלֹ֣א יָשֽׁוּב׃
ספר תהלים/עח	מ	{{ר4}}	{{מ:פסוק|תהלים|עח|מ}}	כַּ֭מָּה יַמְר֣וּהוּ בַמִּדְבָּ֑ר{{ר1}}יַ֝עֲצִיב֗וּהוּ בִּישִׁימֽוֹן׃
ספר תהלים/עח	מא	{{ר4}}	{{מ:פסוק|תהלים|עח|מא}}	וַיָּשׁ֣וּבוּ וַיְנַסּ֣וּ אֵ֑ל{{ר1}}וּקְד֖וֹשׁ יִשְׂרָאֵ֣ל הִתְוֽוּ׃
ספר תהלים/עח	מב	{{ר4}}	{{מ:פסוק|תהלים|עח|מב}}	לֹא־זָכְר֥וּ אֶת־יָד֑וֹ{{ר1}}{{נוסח|י֗֝וֹם|א=י֝וֹם}} אֲֽשֶׁר־פָּדָ֥ם מִנִּי־צָֽר׃
ספר תהלים/עח	מג	{{ר4}}	{{מ:פסוק|תהלים|עח|מג}}	אֲשֶׁר־שָׂ֣ם בְּ֭מִצְרַיִם אֹתוֹתָ֑יו{{ר1}}וּ֝מוֹפְתָ֗יו בִּשְׂדֵה־צֹֽעַן׃
ספר תהלים/עח	מד	{{ר4}}	{{מ:פסוק|תהלים|עח|מד}}	וַיַּהֲפֹ֣ךְ לְ֭דָם יְאֹרֵיהֶ֑ם{{ר1}}וְ֝נֹזְלֵיהֶ֗ם בַּל־יִשְׁתָּיֽוּן׃
ספר תהלים/עח	מה	{{ר4}}	{{מ:פסוק|תהלים|עח|מה}}	יְשַׁלַּ֬ח בָּהֶ֣ם עָ֭רֹב וַיֹּאכְלֵ֑ם{{ר1}}וּ֝צְפַרְדֵּ֗עַ וַתַּשְׁחִיתֵֽם׃
ספר תהלים/עח	מו	{{ר4}}	{{מ:פסוק|תהלים|עח|מו}}	וַיִּתֵּ֣ן לֶחָסִ֣יל יְבוּלָ֑ם{{ר1}}וִ֝יגִיעָ֗ם לָאַרְבֶּֽה׃
ספר תהלים/עח	מז	{{ר4}}	{{מ:פסוק|תהלים|עח|מז}}	יַהֲרֹ֣ג בַּבָּרָ֣ד גַּפְנָ֑ם{{ר1}}וְ֝שִׁקְמוֹתָ֗ם בַּחֲנָמַֽל׃
ספר תהלים/עח	מח	{{ר4}}	{{מ:פסוק|תהלים|עח|מח}}	וַיַּסְגֵּ֣ר לַבָּרָ֣ד בְּעִירָ֑ם{{ר1}}וּ֝מִקְנֵיהֶ֗ם לָרְשָׁפִֽים׃
ספר תהלים/עח	מט	{{ר4}}	{{מ:פסוק|תהלים|עח|מט}}	יְשַׁלַּח־בָּ֨ם{{מ:לגרמיה}}{{ר0|רווח=לא}}חֲר֬וֹן אַפּ֗וֹ{{ר1}}עֶבְרָ֣ה וָזַ֣עַם וְצָרָ֑ה{{ר2}}מִ֝שְׁלַ֗חַת מַלְאֲכֵ֥י רָעִֽים׃
ספר תהלים/עח	נ	{{ר4}}	{{מ:פסוק|תהלים|עח|נ}}	יְפַלֵּ֥ס נָתִ֗יב{{ר0}}לְאַ֫פּ֥וֹ{{ר1}}לֹא־חָשַׂ֣ךְ מִמָּ֣וֶת נַפְשָׁ֑ם{{ר2}}וְ֝חַיָּתָ֗ם לַדֶּ֥בֶר הִסְגִּֽיר׃
ספר תהלים/עח	נא	{{ר4}}	{{מ:פסוק|תהלים|עח|נא}}	וַיַּ֣ךְ כׇּל־בְּכ֣וֹר בְּמִצְרָ֑יִם{{ר1}}רֵאשִׁ֥ית א֝וֹנִ֗ים {{מ:קמץ|ד=בְּאׇהֳלֵי־חָֽם|ס=בְּאָהֳלֵי־חָֽם}}׃
ספר תהלים/עח	נב	{{ר4}}	{{מ:פסוק|תהלים|עח|נב}}	וַיַּסַּ֣ע כַּצֹּ֣אן עַמּ֑וֹ{{ר1}}וַֽיְנַהֲגֵ֥ם כַּ֝עֵ֗דֶר בַּמִּדְבָּֽר׃
ספר תהלים/עח	נג	{{ר4}}	{{מ:פסוק|תהלים|עח|נג}}	וַיַּנְחֵ֣ם לָ֭בֶטַח וְלֹ֣א פָחָ֑דוּ{{ר1}}וְאֶת־א֝וֹיְבֵיהֶ֗ם כִּסָּ֥ה הַיָּֽם׃
ספר תהלים/עח	נד	{{ר4}}	{{מ:פסוק|תהלים|עח|נד}}	וַ֭יְבִיאֵם אֶל־גְּב֣וּל קׇדְשׁ֑וֹ{{ר1}}{{נוסח|הַר־זֶ֗֝ה|א=הַר־זֶ֝ה}} קָנְתָ֥ה יְמִינֽוֹ׃
ספר תהלים/עח	נה	{{ר4}}	{{מ:פסוק|תהלים|עח|נה}}	וַיְגָ֤רֶשׁ מִפְּנֵיהֶ֨ם{{מ:לגרמיה}}גּוֹיִ֗ם{{ר1}}וַֽ֭יַּפִּילֵם בְּחֶ֣בֶל נַחֲלָ֑ה{{ר2}}וַיַּשְׁכֵּ֥ן {{מ:קמץ|ד=בְּ֝אׇהֳלֵיהֶ֗ם|ס=בְּ֝אָהֳלֵיהֶ֗ם}}{{ר0}}שִׁבְטֵ֥י יִשְׂרָאֵֽל׃
ספר תהלים/עח	נו	{{ר4}}	{{מ:פסוק|תהלים|עח|נו}}	וַיְנַסּ֣וּ וַ֭יַּמְרוּ אֶת־אֱלֹהִ֣ים עֶלְי֑וֹן{{ר1}}וְ֝עֵדוֹתָ֗יו לֹ֣א שָׁמָֽרוּ׃
ספר תהלים/עח	נז	{{ר4}}	{{מ:פסוק|תהלים|עח|נז}}	וַיִּסֹּ֣גוּ וַֽ֭יִּבְגְּדוּ כַּאֲבוֹתָ֑ם{{ר1}}נֶ֝הְפְּכ֗וּ כְּקֶ֣שֶׁת רְמִיָּֽה׃
ספר תהלים/עח	נח	{{ר4}}	{{מ:פסוק|תהלים|עח|נח}}	וַיַּכְעִיס֥וּהוּ בְּבָמוֹתָ֑ם{{ר1}}וּ֝בִפְסִילֵיהֶ֗ם יַקְנִיאֽוּהוּ׃
ספר תהלים/עח	נט	{{ר4}}	{{מ:פסוק|תהלים|עח|נט}}	שָׁמַ֣ע אֱ֭לֹהִים וַֽיִּתְעַבָּ֑ר{{ר1}}וַיִּמְאַ֥ס מְ֝אֹ֗ד בְּיִשְׂרָאֵֽל׃
ספר תהלים/עח	ס	{{ר4}}	{{מ:פסוק|תהלים|עח|ס}}	וַ֭יִּטֹּשׁ מִשְׁכַּ֣ן שִׁל֑וֹ{{ר1}}{{נוסח|אֹ֗֝הֶל|א=אֹ֝הֶל}} שִׁכֵּ֥ן בָּֽאָדָֽם׃
ספר תהלים/עח	סא	{{ר4}}	{{מ:פסוק|תהלים|עח|סא}}	וַיִּתֵּ֣ן לַשְּׁבִ֣י עֻזּ֑וֹ{{ר1}}וְֽתִפְאַרְתּ֥וֹ בְיַד־צָֽר׃
ספר תהלים/עח	סב	{{ר4}}	{{מ:פסוק|תהלים|עח|סב}}	וַיַּסְגֵּ֣ר לַחֶ֣רֶב עַמּ֑וֹ{{ר1}}וּ֝בְנַחֲלָת֗וֹ הִתְעַבָּֽר׃
ספר תהלים/עח	סג	{{ר4}}	{{מ:פסוק|תהלים|עח|סג}}	בַּחוּרָ֥יו אָכְלָה־אֵ֑שׁ{{ר1}}וּ֝בְתוּלֹתָ֗יו לֹ֣א הוּלָּֽלוּ׃
ספר תהלים/עח	סד	{{ר4}}	{{מ:פסוק|תהלים|עח|סד}}	כֹּ֭הֲנָיו בַּחֶ֣רֶב נָפָ֑לוּ{{ר1}}וְ֝אַלְמְנֹתָ֗יו לֹ֣א תִבְכֶּֽינָה׃
ספר תהלים/עח	סה	{{ר4}}	{{מ:פסוק|תהלים|עח|סה}}	וַיִּקַ֖ץ כְּיָשֵׁ֥ן{{מ:פסק}}אֲדֹנָ֑י{{ר1}}כְּ֝גִבּ֗וֹר מִתְרוֹנֵ֥ן מִיָּֽיִן׃
ספר תהלים/עח	סו	{{ר4}}	{{מ:פסוק|תהלים|עח|סו}}	וַיַּךְ־צָרָ֥יו אָח֑וֹר{{ר1}}חֶרְפַּ֥ת ע֝וֹלָ֗ם נָ֣תַן לָֽמוֹ׃
ספר תהלים/עח	סז	{{ר4}}	{{מ:פסוק|תהלים|עח|סז}}	וַ֭יִּמְאַס בְּאֹ֣הֶל יוֹסֵ֑ף{{ר1}}וּֽבְשֵׁ֥בֶט אֶ֝פְרַ֗יִם לֹ֣א בָחָֽר׃
ספר תהלים/עח	סח	{{ר4}}	{{מ:פסוק|תהלים|עח|סח}}	וַ֭יִּבְחַר אֶת־שֵׁ֣בֶט יְהוּדָ֑ה{{ר1}}אֶֽת־הַ֥ר צִ֝יּ֗וֹן אֲשֶׁ֣ר אָהֵֽב׃
ספר תהלים/עח	סט	{{ר4}}	{{מ:פסוק|תהלים|עח|סט}}	וַיִּ֣בֶן כְּמוֹ־רָ֭מִים מִקְדָּשׁ֑וֹ{{ר1}}כְּ֝אֶ֗רֶץ יְסָדָ֥הּ לְעוֹלָֽם׃
ספר תהלים/עח	ע	{{ר4}}	{{מ:פסוק|תהלים|עח|ע}}	וַ֭יִּבְחַר בְּדָוִ֣ד עַבְדּ֑וֹ{{ר1}}וַ֝יִּקָּחֵ֗הוּ מִֽמִּכְלְאֹ֥ת צֹֽאן׃
ספר תהלים/עח	עא	{{ר4}}	{{מ:פסוק|תהלים|עח|עא}}	מֵאַחַ֥ר עָל֗וֹת{{ר0}}הֱ֫בִיא֥וֹ{{ר1}}לִ֭רְעוֹת בְּיַֽעֲקֹ֣ב עַמּ֑וֹ{{ר2}}וּ֝בְיִשְׂרָאֵ֗ל נַחֲלָתֽוֹ׃
ספר תהלים/עח	עב	{{ר4}}	{{מ:פסוק|תהלים|עח|עב}}	וַ֭יִּרְעֵם כְּתֹ֣ם לְבָב֑וֹ{{ר1}}וּבִתְבוּנ֖וֹת כַּפָּ֣יו יַנְחֵֽם׃
ספר תהלים/עח	תתת	<noinclude>//{{תבנית:משתמש:Dovi/טעמי המקרא-סוף}}//{{מ:שוליים-סוף}}//==הפרק בלי מספרים==//{{תבנית:משתמש:Dovi/טעמי המקרא}}//{{#בלי קטע:{{שם הדף המלא}}|סימן}}//{{תבנית:משתמש:Dovi/טעמי המקרא-סוף}}</noinclude>		
ספר תהלים/עט	0	<noinclude>{{תבנית:טעמי המקרא באינטרנט}}//{{מ:שוליים|5}}//{{תבנית:משתמש:Dovi/טעמי המקרא}}//</noinclude>		
ספר תהלים/עט	א	{{פפ}}//	{{מ:פסוק|תהלים|עט|א}}	מִזְמ֗וֹר לְאָ֫סָ֥ף{{נוסח|{{ר3}}|פרשה פתוחה}}//אֱֽלֹהִ֡ים{{ר0}}בָּ֤אוּ גוֹיִ֨ם{{מ:לגרמיה}}בְּֽנַחֲלָתֶ֗ךָ{{ר1}}טִ֭מְּאוּ אֶת־הֵיכַ֣ל קׇדְשֶׁ֑ךָ{{ר2}}שָׂ֖מוּ אֶת־יְרֽוּשָׁל{{מ:ירושלם|ַ|֣}}ם לְעִיִּֽים׃
ספר תהלים/עט	ב	{{ר4}}	{{מ:פסוק|תהלים|עט|ב}}	נָתְנ֡וּ{{ר0}}אֶת־נִבְלַ֬ת עֲבָדֶ֗יךָ{{ר1}}מַ֭אֲכָל לְע֣וֹף הַשָּׁמָ֑יִם{{ר2}}בְּשַׂ֥ר חֲ֝סִידֶ֗יךָ לְחַיְתוֹ־אָֽרֶץ׃
ספר תהלים/עט	ג	{{ר4}}	{{מ:פסוק|תהלים|עט|ג}}	שָׁפְכ֬וּ דָמָ֨ם{{מ:לגרמיה}}כַּמַּ֗יִם{{ר1}}סְֽבִ֘יב֤וֹת יְֽרוּשָׁל{{מ:ירושלם|ָ|֗}}ם{{ר1}}וְאֵ֣ין קוֹבֵֽר׃
ספר תהלים/עט	ד	{{ר4}}	{{מ:פסוק|תהלים|עט|ד}}	הָיִ֣ינוּ חֶ֭רְפָּה לִשְׁכֵנֵ֑ינוּ{{ר1}}לַ֥עַג וָ֝קֶ֗לֶס לִסְבִיבוֹתֵֽינוּ׃
ספר תהלים/עט	ה	{{ר4}}	{{מ:פסוק|תהלים|עט|ה}}	עַד־מָ֣ה יְ֭הֹוָה תֶּאֱנַ֣ף לָנֶ֑צַח{{ר1}}תִּבְעַ֥ר {{נוסח|כְּמוֹ־אֵ֗֝שׁ|א=כְּמוֹ־אֵ֝שׁ}} קִנְאָתֶֽךָ׃
ספר תהלים/עט	ו	{{ר4}}	{{מ:פסוק|תהלים|עט|ו}}	שְׁפֹ֤ךְ חֲמָתְךָ֗{{ר1}}אֶֽל־הַגּוֹיִם֮ אֲשֶׁ{{אתנח הפוך}}ר לֹא־יְדָ֫ע֥וּךָ{{ר2}}וְעַ֥ל מַמְלָכ֑וֹת{{ר2}}אֲשֶׁ֥ר בְּ֝שִׁמְךָ֗ לֹ֣א קָרָֽאוּ׃
ספר תהלים/עט	ז	{{ר4}}	{{מ:פסוק|תהלים|עט|ז}}	כִּ֭י אָכַ֣ל אֶֽת־יַעֲקֹ֑ב{{ר1}}וְֽאֶת־נָוֵ֥הוּ הֵשַֽׁמּוּ׃
ספר תהלים/עט	ח	{{ר4}}	{{מ:פסוק|תהלים|עט|ח}}	אַֽל־תִּזְכׇּר־לָנוּ֮{{ר0}}עֲוֺנֹ{{אתנח הפוך}}ת רִאשֹׁ֫נִ֥ים{{ר1}}מַ֭הֵר יְקַדְּמ֣וּנוּ רַחֲמֶ֑יךָ{{ר2}}כִּ֖י דַלּ֣וֹנוּ מְאֹֽד׃
ספר תהלים/עט	ט	{{ר4}}	{{מ:פסוק|תהלים|עט|ט}}	עׇזְרֵ֤נוּ{{מ:לגרמיה}}אֱלֹ֘הֵ֤י יִשְׁעֵ֗נוּ{{ר1}}עַֽל־דְּבַ֥ר כְּבֽוֹד־שְׁמֶ֑ךָ{{ר2}}וְהַצִּילֵ֥נוּ וְכַפֵּ֥ר עַל־חַ֝טֹּאתֵ֗ינוּ{{ר2}}לְמַ֣עַן שְׁמֶֽךָ׃
ספר תהלים/עט	י	{{ר4}}	{{מ:פסוק|תהלים|עט|י}}	לָ֤מָּה{{מ:לגרמיה}}יֹאמְר֣וּ הַגּוֹיִם֮{{ר0}}אַיֵּ{{אתנח הפוך}}ה אֱֽלֹהֵ֫יהֶ֥ם{{ר1}}יִוָּדַ֣ע בַּגֹּיִ֣ים לְעֵינֵ֑ינוּ{{ר2}}נִ֝קְמַ֗ת דַּֽם־עֲבָדֶ֥יךָ הַשָּׁפֽוּךְ׃
ספר תהלים/עט	יא	{{ר4}}	{{מ:פסוק|תהלים|עט|יא}}	תָּ֤ב֣וֹא לְפָנֶיךָ֮{{ר0}}אֶנְקַ{{אתנח הפוך}}ת אָ֫סִ֥יר{{ר1}}כְּגֹ֥דֶל זְרוֹעֲךָ֑{{ר1}}ה֝וֹתֵ֗ר בְּנֵ֣י תְמוּתָֽה׃
ספר תהלים/עט	יב	{{ר4}}	{{מ:פסוק|תהלים|עט|יב}}	וְהָ֘שֵׁ֤ב לִשְׁכֵנֵ֣ינוּ שִׁ֭בְעָתַיִם אֶל־חֵיקָ֑ם{{ר1}}חֶרְפָּ֘תָ֤ם אֲשֶׁ֖ר חֵרְפ֣וּךָ אֲדֹנָֽי׃
ספר תהלים/עט	יג	{{ר4}}	{{מ:פסוק|תהלים|עט|יג}}	וַאֲנַ֤חְנוּ עַמְּךָ֨{{מ:לגרמיה}}וְצֹ֥אן מַרְעִיתֶךָ֮{{ר1}}נ֤וֹדֶ֥ה לְּךָ֗ לְע֫וֹלָ֥ם{{ר2}}לְד֥וֹר וָדֹ֑ר{{ר2}}נְ֝סַפֵּ֗ר תְּהִלָּתֶֽךָ׃
ספר תהלים/עט	תתת	<noinclude>//{{תבנית:משתמש:Dovi/טעמי המקרא-סוף}}//{{מ:שוליים-סוף}}//==הפרק בלי מספרים==//{{תבנית:משתמש:Dovi/טעמי המקרא}}//{{#בלי קטע:{{שם הדף המלא}}|סימן}}//{{תבנית:משתמש:Dovi/טעמי המקרא-סוף}}</noinclude>		
ספר תהלים/פ	0	<noinclude>{{תבנית:טעמי המקרא באינטרנט}}//{{מ:שוליים|5}}//{{תבנית:משתמש:Dovi/טעמי המקרא}}//</noinclude>		
ספר תהלים/פ	א	{{פפ}}//	{{מ:פסוק|תהלים|פ|א}}	לַמְנַצֵּ֥חַ אֶל־שֹׁשַׁנִּ֑ים{{נוסח|{{ר1}}|פרשה סתומה}}עֵד֖וּת לְאָסָ֣ף מִזְמֽוֹר׃
ספר תהלים/פ	ב	{{ר4}}	{{מ:פסוק|תהלים|פ|ב}}	רֹ֘עֵ֤ה יִשְׂרָאֵ֨ל{{מ:לגרמיה}}{{ר0|רווח=לא}}הַאֲזִ֗ינָה{{ר1}}נֹהֵ֣ג כַּצֹּ֣אן יוֹסֵ֑ף{{ר2}}יֹשֵׁ֖ב הַכְּרוּבִ֣ים הוֹפִֽיעָה׃
ספר תהלים/פ	ג	{{ר4}}	{{מ:פסוק|תהלים|פ|ג}}	לִפְנֵ֤י אֶפְרַ֨יִם{{מ:לגרמיה}}{{ר0|רווח=לא}}וּבִנְיָ֘מִ֤ן וּמְנַשֶּׁ֗ה{{ר1}}{{נוסח|עוֹרְרָ֥ה|א=עוֹרֲרָ֥ה}} אֶת־גְּבוּרָתֶ֑ךָ{{ר2}}וּלְכָ֖ה לִישֻׁעָ֣תָה לָּֽנוּ׃
ספר תהלים/פ	ד	{{ר4}}	{{מ:פסוק|תהלים|פ|ד}}	אֱלֹהִ֥ים הֲשִׁיבֵ֑נוּ{{ר1}}וְהָאֵ֥ר פָּ֝נֶ֗יךָ וְנִוָּשֵֽׁעָה׃
ספר תהלים/פ	ה	{{ר4}}	{{מ:פסוק|תהלים|פ|ה}}	יְהֹוָ֣ה אֱלֹהִ֣ים צְבָא֑וֹת{{ר1}}עַד־מָתַ֥י עָ֝שַׁ֗נְתָּ בִּתְפִלַּ֥ת עַמֶּֽךָ׃
ספר תהלים/פ	ו	{{ר4}}	{{מ:פסוק|תהלים|פ|ו}}	הֶ֭אֱכַלְתָּם לֶ֣חֶם דִּמְעָ֑ה{{ר1}}וַ֝תַּשְׁקֵ֗מוֹ בִּדְמָע֥וֹת שָׁלִֽישׁ׃
ספר תהלים/פ	ז	{{ר4}}	{{מ:פסוק|תהלים|פ|ז}}	תְּשִׂימֵ֣נוּ מָ֭דוֹן לִשְׁכֵנֵ֑ינוּ{{ר1}}וְ֝אֹיְבֵ֗ינוּ יִלְעֲגוּ־לָֽמוֹ׃
ספר תהלים/פ	ח	{{ר4}}	{{מ:פסוק|תהלים|פ|ח}}	אֱלֹהִ֣ים צְבָא֣וֹת הֲשִׁיבֵ֑נוּ{{ר1}}וְהָאֵ֥ר פָּ֝נֶ֗יךָ וְנִוָּשֵֽׁעָה׃
ספר תהלים/פ	ט	{{ר4}}	{{מ:פסוק|תהלים|פ|ט}}	גֶּ֭פֶן מִמִּצְרַ֣יִם תַּסִּ֑יעַ{{ר1}}תְּגָרֵ֥שׁ גּ֝וֹיִ֗ם וַתִּטָּעֶֽהָ׃
ספר תהלים/פ	י	{{ר4}}	{{מ:פסוק|תהלים|פ|י}}	פִּנִּ֥יתָ לְפָנֶ֑יהָ{{ר1}}וַתַּשְׁרֵ֥שׁ {{מ:קמץ|ד=שׇׁ֝רָשֶׁ֗יהָ|ס=שָׁ֝רָשֶׁ֗יהָ}} וַתְּמַלֵּא־אָֽרֶץ׃
ספר תהלים/פ	יא	{{ר4}}	{{מ:פסוק|תהלים|פ|יא}}	כָּסּ֣וּ הָרִ֣ים צִלָּ֑הּ{{ר1}}וַ֝עֲנָפֶ֗יהָ {{נוסח|אַֽרְזֵי־אֵֽל|א=אַֽרֲזֵי־אֵֽל (חטף)}}׃
ספר תהלים/פ	יב	{{ר4}}	{{מ:פסוק|תהלים|פ|יב}}	תְּשַׁלַּ֣ח קְצִירֶ֣הָ עַד־יָ֑ם{{ר1}}וְאֶל־נָ֝הָ֗ר יוֹנְקוֹתֶֽיהָ׃
ספר תהלים/פ	יג	{{ר4}}	{{מ:פסוק|תהלים|פ|יג}}	לָ֭מָּה פָּרַ֣צְתָּ גְדֵרֶ֑יהָ{{ר1}}וְ֝אָר֗וּהָ כׇּל־עֹ֥בְרֵי דָֽרֶךְ׃
ספר תהלים/פ	יד	{{ר4}}	{{מ:פסוק|תהלים|פ|יד}}	יְכַרְסְמֶ֣נָּֽה חֲזִ֣יר מִיָּ֑{{מ:אות תלויה|עַ|תהלים פ יד}}ר{{ר1}}וְזִ֖יז שָׂדַ֣י יִרְעֶֽנָּה׃
ספר תהלים/פ	טו	{{ר4}}	{{מ:פסוק|תהלים|פ|טו}}	אֱלֹהִ֣ים צְבָאוֹת֮{{ר0}}שֽׁ֫וּב נָ֥א{{ר1}}הַבֵּ֣ט מִשָּׁמַ֣יִם וּרְאֵ֑ה{{ר2}}וּ֝פְקֹ֗ד גֶּ֣פֶן זֹֽאת׃
ספר תהלים/פ	טז	{{ר4}}	{{מ:פסוק|תהלים|פ|טז}}	"{{נוסח|וְ֭{{מ:אות-ג|כַ}}נָּה|=ל-גדולות ומסורה ומ""ש וקורן|אלש1ת=וְ֭כַנָּה (באות רגילה)}} אֲשֶׁר־נָטְעָ֣ה יְמִינֶ֑ךָ{{ר1}}{{נוסח|וְעַל־בֵּ֗֝ן|א=וְעַל־בֵּ֝ן}} אִמַּ֥צְתָּה לָּֽךְ׃"
ספר תהלים/פ	יז	{{ר4}}	{{מ:פסוק|תהלים|פ|יז}}	שְׂרֻפָ֣ה בָאֵ֣שׁ כְּסוּחָ֑ה{{ר1}}מִגַּעֲרַ֖ת פָּנֶ֣יךָ יֹאבֵֽדוּ׃
ספר תהלים/פ	יח	{{ר4}}	{{מ:פסוק|תהלים|פ|יח}}	תְּֽהִי־יָ֭דְךָ עַל־אִ֣ישׁ יְמִינֶ֑ךָ{{ר1}}עַל־בֶּן־אָ֝דָ֗ם אִמַּ֥צְתָּ לָּֽךְ׃
ספר תהלים/פ	יט	{{ר4}}	{{מ:פסוק|תהלים|פ|יט}}	וְלֹֽא־נָס֥וֹג מִמֶּ֑ךָּ{{ר1}}תְּ֝חַיֵּ֗נוּ וּבְשִׁמְךָ֥ נִקְרָֽא׃
ספר תהלים/פ	כ	{{ר4}}	{{מ:פסוק|תהלים|פ|כ}}	{{נוסח|יְהֹ֘וָ֤ה|א=יְ֘הוָ֤ה (מקום הצינורית)}} אֱלֹהִ֣ים צְבָא֣וֹת הֲשִׁיבֵ֑נוּ{{ר1}}הָאֵ֥ר פָּ֝נֶ֗יךָ וְנִוָּשֵֽׁעָה׃
ספר תהלים/פ	תתת	<noinclude>//{{תבנית:משתמש:Dovi/טעמי המקרא-סוף}}//{{מ:שוליים-סוף}}//==הפרק בלי מספרים==//{{תבנית:משתמש:Dovi/טעמי המקרא}}//{{#בלי קטע:{{שם הדף המלא}}|סימן}}//{{תבנית:משתמש:Dovi/טעמי המקרא-סוף}}</noinclude>		
ספר תהלים/פא	0	<noinclude>{{תבנית:טעמי המקרא באינטרנט}}//{{מ:שוליים|5}}//{{תבנית:משתמש:Dovi/טעמי המקרא}}//</noinclude>		
ספר תהלים/פא	א	{{פפ}}//	{{מ:פסוק|תהלים|פא|א}}	לַמְנַצֵּ֬חַ{{מ:פסק}}עַֽל־הַגִּתִּ֬ית לְאָסָֽף׃
ספר תהלים/פא	ב	{{נוסח|{{ר4}}|פרשה פתוחה}}	{{מ:פסוק|תהלים|פא|ב}}	הַ֭רְנִינוּ לֵאלֹהִ֣ים עוּזֵּ֑נוּ{{ר1}}הָ֝רִ֗יעוּ לֵאלֹהֵ֥י יַעֲקֹֽב׃
ספר תהלים/פא	ג	{{ר4}}	{{מ:פסוק|תהלים|פא|ג}}	שְֽׂאוּ־זִ֭מְרָה וּתְנוּ־תֹ֑ף{{ר1}}כִּנּ֖וֹר נָעִ֣ים עִם־נָֽבֶל׃
ספר תהלים/פא	ד	{{ר4}}	{{מ:פסוק|תהלים|פא|ד}}	תִּקְע֣וּ בַחֹ֣דֶשׁ שׁוֹפָ֑ר{{ר1}}בַּ֝כֵּ֗סֶה לְי֣וֹם חַגֵּֽנוּ׃
ספר תהלים/פא	ה	{{ר4}}	{{מ:פסוק|תהלים|פא|ה}}	כִּ֤י חֹ֣ק לְיִשְׂרָאֵ֣ל ה֑וּא{{ר1}}מִ֝שְׁפָּ֗ט לֵאלֹהֵ֥י יַעֲקֹֽב׃
ספר תהלים/פא	ו	{{ר4}}	{{מ:פסוק|תהלים|פא|ו}}	עֵ֤דוּת{{מ:לגרמיה}}בִּיה֘וֹסֵ֤ף שָׂמ֗וֹ{{ר1}}בְּ֭צֵאתוֹ{{ר0}}עַל־אֶ֣רֶץ מִצְרָ֑יִם{{ר2}}שְׂפַ֖ת לֹא־יָדַ֣עְתִּי אֶשְׁמָֽע׃
ספר תהלים/פא	ז	{{ר4}}	{{מ:פסוק|תהלים|פא|ז}}	הֲסִיר֣וֹתִי מִסֵּ֣בֶל שִׁכְמ֑וֹ{{ר1}}כַּ֝פָּ֗יו מִדּ֥וּד תַּעֲבֹֽרְנָה׃
ספר תהלים/פא	ח	{{ר4}}	{{מ:פסוק|תהלים|פא|ח}}	בַּצָּרָ֥ה קָרָ֗אתָ{{ר0}}וָאֲחַ֫לְּצֶ֥ךָּ{{ר1}}אֶ֭עֶנְךָ בְּסֵ֣תֶר רַ֑עַם{{ר2}}אֶבְחׇנְךָ֨ עַל־מֵ֖י מְרִיבָ֣ה סֶֽלָה׃
ספר תהלים/פא	ט	{{ר4}}	{{מ:פסוק|תהלים|פא|ט}}	שְׁמַ֣ע עַ֭מִּי וְאָעִ֣ידָה בָּ֑ךְ{{ר1}}יִ֝שְׂרָאֵ֗ל אִם־תִּֽשְׁמַֽע־לִֽי׃
ספר תהלים/פא	י	{{ר4}}	{{מ:פסוק|תהלים|פא|י}}	לֹא־יִהְיֶ֣ה בְ֭ךָ אֵ֣ל זָ֑ר{{ר1}}וְלֹ֥א תִ֝שְׁתַּחֲוֶ֗ה לְאֵ֣ל נֵכָֽר׃
ספר תהלים/פא	יא	{{ר4}}	{{מ:פסוק|תהלים|פא|יא}}	אָֽנֹכִ֨י{{מ:לגרמיה}}{{נוסח|יְהֹ֘וָ֤ה|א=יְ֘הוָ֤ה (מקום הצינורית)}} אֱלֹהֶ֗יךָ{{ר1}}הַֽ֭מַּעַלְךָ מֵאֶ֣רֶץ מִצְרָ֑יִם{{ר2}}{{נוסח|הַרְחֶב־פִּ֗֝יךָ|א=הַרְחֶב־פִּ֝יךָ}}{{ר0}}וַאֲמַלְאֵֽהוּ׃
ספר תהלים/פא	יב	{{ר4}}	{{מ:פסוק|תהלים|פא|יב}}	וְלֹֽא־שָׁמַ֣ע עַמִּ֣י לְקוֹלִ֑י{{ר1}}וְ֝יִשְׂרָאֵ֗ל לֹא־אָ֥בָה לִֽי׃
ספר תהלים/פא	יג	{{ר4}}	{{מ:פסוק|תהלים|פא|יג}}	וָ֭אֲשַׁלְּחֵהוּ בִּשְׁרִיר֣וּת לִבָּ֑ם{{ר1}}יֵ֝לְכ֗וּ בְּֽמוֹעֲצ֖וֹתֵיהֶֽם׃
ספר תהלים/פא	יד	{{ר4}}	{{מ:פסוק|תהלים|פא|יד}}	ל֗וּ עַ֭מִּי שֹׁמֵ֣עַֽ לִ֑י{{ר1}}יִ֝שְׂרָאֵ֗ל בִּדְרָכַ֥י יְהַלֵּֽכוּ׃
ספר תהלים/פא	טו	{{ר4}}	{{מ:פסוק|תהלים|פא|טו}}	כִּ֭מְעַט אוֹיְבֵיהֶ֣ם אַכְנִ֑יעַ{{ר1}}וְעַ֥ל צָ֝רֵיהֶ֗ם אָשִׁ֥יב יָדִֽי׃
ספר תהלים/פא	טז	{{ר4}}	{{מ:פסוק|תהלים|פא|טז}}	מְשַׂנְאֵ֣י יְ֭הֹוָה יְכַחֲשׁוּ־ל֑וֹ{{ר1}}וִיהִ֖י עִתָּ֣ם לְעוֹלָֽם׃
ספר תהלים/פא	יז	{{ר4}}	{{מ:פסוק|תהלים|פא|יז}}	וַֽ֭יַּאֲכִילֵהוּ מֵחֵ֣לֶב חִטָּ֑ה{{ר1}}וּ֝מִצּ֗וּר דְּבַ֣שׁ אַשְׂבִּיעֶֽךָ׃
ספר תהלים/פא	תתת	<noinclude>//{{תבנית:משתמש:Dovi/טעמי המקרא-סוף}}//{{מ:שוליים-סוף}}//==הפרק בלי מספרים==//{{תבנית:משתמש:Dovi/טעמי המקרא}}//{{#בלי קטע:{{שם הדף המלא}}|סימן}}//{{תבנית:משתמש:Dovi/טעמי המקרא-סוף}}</noinclude>		
ספר תהלים/פב	0	<noinclude>{{תבנית:טעמי המקרא באינטרנט}}//{{מ:שוליים|5}}//{{תבנית:משתמש:Dovi/טעמי המקרא}}//</noinclude>		
ספר תהלים/פב	א	{{פפ}}//	{{מ:פסוק|תהלים|פב|א}}	מִזְמ֗וֹר לְאָ֫סָ֥ף{{נוסח|{{ר3}}|פרשה פתוחה}}//אֱֽלֹהִ֗ים נִצָּ֥ב בַּעֲדַת־אֵ֑ל{{ר1}}בְּקֶ֖רֶב אֱלֹהִ֣ים יִשְׁפֹּֽט׃
ספר תהלים/פב	ב	{{ר4}}	{{מ:פסוק|תהלים|פב|ב}}	עַד־מָתַ֥י תִּשְׁפְּטוּ־עָ֑וֶל{{ר1}}וּפְנֵ֥י רְ֝שָׁעִ֗ים תִּשְׂאוּ־סֶֽלָה׃
ספר תהלים/פב	ג	{{ר4}}	{{מ:פסוק|תהלים|פב|ג}}	שִׁפְטוּ־דַ֥ל וְיָת֑וֹם{{ר1}}עָנִ֖י וָרָ֣שׁ הַצְדִּֽיקוּ׃
ספר תהלים/פב	ד	{{ר4}}	{{מ:פסוק|תהלים|פב|ד}}	פַּלְּטוּ־דַ֥ל וְאֶבְי֑וֹן{{ר1}}מִיַּ֖ד רְשָׁעִ֣ים הַצִּֽילוּ׃
ספר תהלים/פב	ה	{{ר4}}	{{מ:פסוק|תהלים|פב|ה}}	לֹ֤א יָדְע֨וּ{{מ:לגרמיה}}וְלֹ֥א יָבִ֗ינוּ{{ר1}}בַּחֲשֵׁכָ֥ה יִתְהַלָּ֑כוּ{{ר2}}יִ֝מּ֗וֹטוּ{{ר0}}כׇּל־מ֥וֹסְדֵי אָֽרֶץ׃
ספר תהלים/פב	ו	{{ר4}}	{{מ:פסוק|תהלים|פב|ו}}	אֲֽנִי־אָ֭מַרְתִּי אֱלֹהִ֣ים אַתֶּ֑ם{{ר1}}וּבְנֵ֖י עֶלְי֣וֹן כֻּלְּכֶֽם׃
ספר תהלים/פב	ז	{{ר4}}	{{מ:פסוק|תהלים|פב|ז}}	אָ֭כֵן כְּאָדָ֣ם תְּמוּת֑וּן{{ר1}}וּכְאַחַ֖ד הַשָּׂרִ֣ים תִּפֹּֽלוּ׃
ספר תהלים/פב	ח	{{ר4}}	{{מ:פסוק|תהלים|פב|ח}}	קוּמָ֣ה אֱ֭לֹהִים שׇׁפְטָ֣ה הָאָ֑רֶץ{{ר1}}כִּֽי־אַתָּ֥ה תִ֝נְחַ֗ל בְּכׇל־הַגּוֹיִֽם׃
ספר תהלים/פב	תתת	<noinclude>//{{תבנית:משתמש:Dovi/טעמי המקרא-סוף}}//{{מ:שוליים-סוף}}//==הפרק בלי מספרים==//{{תבנית:משתמש:Dovi/טעמי המקרא}}//{{#בלי קטע:{{שם הדף המלא}}|סימן}}//{{תבנית:משתמש:Dovi/טעמי המקרא-סוף}}</noinclude>		
ספר תהלים/פג	0	<noinclude>{{תבנית:טעמי המקרא באינטרנט}}//{{מ:שוליים|5}}//{{תבנית:משתמש:Dovi/טעמי המקרא}}//</noinclude>		
ספר תהלים/פג	א	{{פפ}}//	{{מ:פסוק|תהלים|פג|א}}	שִׁ֖יר מִזְמ֣וֹר לְאָסָֽף׃
ספר תהלים/פג	ב	{{נוסח|{{ר4}}|פרשה פתוחה}}	{{מ:פסוק|תהלים|פג|ב}}	אֱלֹהִ֥ים אַל־דֳּמִי־לָ֑ךְ{{ר1}}אַל־תֶּחֱרַ֖שׁ וְאַל־תִּשְׁקֹ֣ט אֵֽל׃
ספר תהלים/פג	ג	{{ר4}}	{{מ:פסוק|תהלים|פג|ג}}	כִּֽי־הִנֵּ֣ה א֭וֹיְבֶיךָ יֶהֱמָי֑וּן{{ר1}}וּ֝מְשַׂנְאֶ֗יךָ נָ֣שְׂאוּ רֹֽאשׁ׃
ספר תהלים/פג	ד	{{ר4}}	{{מ:פסוק|תהלים|פג|ד}}	עַֽל־עַ֭מְּךָ יַעֲרִ֣ימוּ ס֑וֹד{{ר1}}וְ֝יִתְיָעֲצ֗וּ עַל־צְפוּנֶֽיךָ׃
ספר תהלים/פג	ה	{{ר4}}	{{מ:פסוק|תהלים|פג|ה}}	אָמְר֗וּ לְ֭כוּ וְנַכְחִידֵ֣ם מִגּ֑וֹי{{ר1}}וְלֹֽא־יִזָּכֵ֖ר שֵֽׁם־יִשְׂרָאֵ֣ל עֽוֹד׃
ספר תהלים/פג	ו	{{ר4}}	{{מ:פסוק|תהלים|פג|ו}}	כִּ֤י נוֹעֲצ֣וּ לֵ֣ב יַחְדָּ֑ו{{ר1}}עָ֝לֶ֗יךָ בְּרִ֣ית יִכְרֹֽתוּ׃
ספר תהלים/פג	ז	{{ר4}}	{{מ:פסוק|תהלים|פג|ז}}	{{מ:קמץ|ד=אׇהֳלֵ֣י|ס=אָהֳלֵ֣י}} אֱ֭דוֹם וְיִשְׁמְעֵאלִ֗ים{{ר1}}מוֹאָ֥ב וְהַגְרִֽים׃
ספר תהלים/פג	ח	{{ר4}}	{{מ:פסוק|תהלים|פג|ח}}	גְּבָ֣ל וְ֭עַמּוֹן וַעֲמָלֵ֑ק{{ר1}}פְּ֝לֶ֗שֶׁת עִם־יֹ֥שְׁבֵי צֽוֹר׃
ספר תהלים/פג	ט	{{ר4}}	{{מ:פסוק|תהלים|פג|ט}}	גַּם־אַ֭שּׁוּר נִלְוָ֣ה עִמָּ֑ם{{ר1}}הָ֤יֽוּ זְר֖וֹעַ לִבְנֵי־ל֣וֹט סֶֽלָה׃
ספר תהלים/פג	י	{{ר4}}	{{מ:פסוק|תהלים|פג|י}}	עֲשֵֽׂה־לָהֶ֥ם כְּמִדְיָ֑ן{{ר1}}כְּֽסִיסְרָ֥א כְ֝יָבִ֗ין בְּנַ֣חַל קִישֽׁוֹן׃
ספר תהלים/פג	יא	{{ר4}}	{{מ:פסוק|תהלים|פג|יא}}	נִשְׁמְד֥וּ בְֽעֵין־דֹּ֑אר{{ר1}}הָ֥יוּ {{נוסח|דֹּ֗֝מֶן|א=דֹּ֝מֶן}} לָאֲדָמָֽה׃
ספר תהלים/פג	יב	{{ר4}}	{{מ:פסוק|תהלים|פג|יב}}	שִׁיתֵ֣מוֹ נְ֭דִיבֵימוֹ כְּעֹרֵ֣ב וְכִזְאֵ֑ב{{ר1}}וּֽכְזֶ֥בַח וּ֝כְצַלְמֻנָּ֗ע כׇּל־נְסִיכֵֽימוֹ׃
ספר תהלים/פג	יג	{{ר4}}	{{מ:פסוק|תהלים|פג|יג}}	אֲשֶׁ֣ר אָ֭מְרוּ {{נוסח|נִ֣ירְשָׁה|א=נִ֣ירֲשָׁה (חטף)}} לָּ֑נוּ{{ר1}}{{נוסח|אֵ֗֝ת|א=אֵ֝ת}} נְא֣וֹת אֱלֹהִֽים׃
ספר תהלים/פג	יד	{{ר4}}	{{מ:פסוק|תהלים|פג|יד}}	אֱֽלֹהַ֗י שִׁיתֵ֥מוֹ כַגַּלְגַּ֑ל{{ר1}}כְּ֝קַ֗שׁ לִפְנֵי־רֽוּחַ׃
ספר תהלים/פג	טו	{{ר4}}	{{מ:פסוק|תהלים|פג|טו}}	כְּאֵ֥שׁ תִּבְעַר־יָ֑עַר{{ר1}}וּ֝כְלֶהָבָ֗ה תְּלַהֵ֥ט הָרִֽים׃
ספר תהלים/פג	טז	{{ר4}}	{{מ:פסוק|תהלים|פג|טז}}	כֵּ֭ן תִּרְדְּפֵ֣ם בְּסַעֲרֶ֑ךָ{{ר1}}וּבְסוּפָתְךָ֥ תְבַהֲלֵֽם׃
ספר תהלים/פג	יז	{{ר4}}	{{מ:פסוק|תהלים|פג|יז}}	מַלֵּ֣א פְנֵיהֶ֣ם קָל֑וֹן{{ר1}}וִיבַקְשׁ֖וּ שִׁמְךָ֣ יְהֹוָֽה׃
ספר תהלים/פג	יח	{{ר4}}	{{מ:פסוק|תהלים|פג|יח}}	יֵבֹ֖שׁוּ וְיִבָּהֲל֥וּ עֲדֵי־עַ֗ד{{ר1}}וְֽיַחְפְּר֥וּ וְיֹאבֵֽדוּ׃
ספר תהלים/פג	יט	{{ר4}}	{{מ:פסוק|תהלים|פג|יט}}	וְֽיֵדְע֗וּ כִּֽי־אַתָּ֬ה שִׁמְךָ֣ יְהֹוָ֣ה לְבַדֶּ֑ךָ{{ר1}}עֶ֝לְי֗וֹן עַל־כׇּל־הָאָֽרֶץ׃
ספר תהלים/פג	תתת	<noinclude>//{{תבנית:משתמש:Dovi/טעמי המקרא-סוף}}//{{מ:שוליים-סוף}}//==הפרק בלי מספרים==//{{תבנית:משתמש:Dovi/טעמי המקרא}}//{{#בלי קטע:{{שם הדף המלא}}|סימן}}//{{תבנית:משתמש:Dovi/טעמי המקרא-סוף}}</noinclude>		
ספר תהלים/פד	0	<noinclude>{{תבנית:טעמי המקרא באינטרנט}}//{{מ:שוליים|5}}//{{תבנית:משתמש:Dovi/טעמי המקרא}}//</noinclude>		
ספר תהלים/פד	א	{{פפ}}//	{{מ:פסוק|תהלים|פד|א}}	לַמְנַצֵּ֥חַ עַֽל־הַגִּתִּ֑ית לִבְנֵי־קֹ֥רַח מִזְמֽוֹר׃
ספר תהלים/פד	ב	{{נוסח|{{ר4}}|פרשה פתוחה}}//	{{מ:פסוק|תהלים|פד|ב}}	מַה־יְּדִיד֥וֹת מִשְׁכְּנוֹתֶ֗יךָ{{ר1}}יְהֹוָ֥ה צְבָאֽוֹת׃
ספר תהלים/פד	ג	{{ר4}}	{{מ:פסוק|תהלים|פד|ג}}	נִכְסְפָ֬ה וְגַם־כָּֽלְתָ֨ה{{מ:לגרמיה}}נַפְשִׁי֮{{ר0}}לְחַצְר{{אתנח הפוך}}וֹת {{נוסח|יְהֹ֫וָ֥ה|א=יְ֫הוָ֥ה (מקום העולה)}}{{ר1}}לִבִּ֥י וּבְשָׂרִ֑י{{ר1}}יְ֝רַנְּנ֗וּ אֶ֣ל אֵֽל־חָֽי׃
ספר תהלים/פד	ד	{{ר4}}	{{מ:פסוק|תהלים|פד|ד}}	גַּם־צִפּ֨וֹר מָ{{גלגל}}צְאָה בַ֡יִת{{ר1}}וּדְר֤וֹר{{מ:לגרמיה}}{{נוסח|{{מ:אות-ג|קֵ֥}}ן|=קורן|אלש1ת,ל-גדולות=קֵ֥ן (באות רגילה)}} לָהּ֮{{ר1}}אֲשֶׁר־שָׁ{{אתנח הפוך}}תָה אֶפְרֹ֫חֶ֥יהָ{{ר2}}אֶֽת־מִ֭זְבְּחוֹתֶיךָ יְהֹוָ֣ה צְבָא֑וֹת{{ר2}}מַ֝לְכִּ֗י וֵאלֹהָֽי׃
ספר תהלים/פד	ה	{{ר4}}	{{מ:פסוק|תהלים|פד|ה}}	אַ֭שְׁרֵי יוֹשְׁבֵ֣י בֵיתֶ֑ךָ{{ר1}}{{נוסח|ע֗֝וֹד|א=ע֝וֹד}} {{נוסח|יְֽהַלְל֥וּךָ|א=יְֽהַלֲל֥וּךָ}} סֶּֽלָה׃
ספר תהלים/פד	ו	{{ר4}}	{{מ:פסוק|תהלים|פד|ו}}	אַשְׁרֵ֣י אָ֭דָם עֽוֹז־ל֥וֹ בָ֑ךְ{{ר1}}מְ֝סִלּ֗וֹת בִּלְבָבָֽם׃
ספר תהלים/פד	ז	{{ר4}}	{{מ:פסוק|תהלים|פד|ז}}	עֹבְרֵ֤י{{מ:לגרמיה}}בְּעֵ֣מֶק הַ֭בָּכָא מַעְיָ֣ן יְשִׁית֑וּהוּ{{ר1}}גַּם־בְּ֝רָכ֗וֹת יַעְטֶ֥ה מוֹרֶֽה׃
ספר תהלים/פד	ח	{{ר4}}	{{מ:פסוק|תהלים|פד|ח}}	יֵ֭לְכוּ מֵחַ֣יִל אֶל־חָ֑יִל{{ר1}}יֵרָאֶ֖ה אֶל־אֱלֹהִ֣ים בְּצִיּֽוֹן׃
ספר תהלים/פד	ט	{{ר4}}	{{מ:פסוק|תהלים|פד|ט}}	{{נוסח|יְהֹ֘וָ֤ה|=ל ובדפוסים|א=יְ֘הוָ֤ה (מקום הצינורית)}} אֱלֹהִ֣ים צְ֭בָאוֹת שִׁמְעָ֣ה תְפִלָּתִ֑י{{ר1}}הַאֲזִ֨ינָה אֱלֹהֵ֖י יַעֲקֹ֣ב סֶֽלָה׃
ספר תהלים/פד	י	{{ר4}}	{{מ:פסוק|תהלים|פד|י}}	מָ֭גִנֵּנוּ רְאֵ֣ה אֱלֹהִ֑ים{{ר1}}וְ֝הַבֵּ֗ט פְּנֵ֣י מְשִׁיחֶֽךָ׃
ספר תהלים/פד	יא	{{ר4}}	{{מ:פסוק|תהלים|פד|יא}}	כִּ֤י טֽוֹב־י֥וֹם בַּחֲצֵרֶ֗יךָ{{ר0}}מֵ֫אָ֥לֶף{{ר1}}בָּחַ֗רְתִּי הִ֭סְתּוֹפֵף בְּבֵ֣ית אֱלֹהַ֑י{{ר2}}מִ֝דּ֗וּר {{מ:קמץ|ד=בְּאׇהֳלֵי־רֶֽשַׁע|ס=בְּאָהֳלֵי־רֶֽשַׁע}}׃
ספר תהלים/פד	יב	{{ר4}}	{{מ:פסוק|תהלים|פד|יב}}	כִּ֤י שֶׁ֨מֶשׁ{{מ:לגרמיה}}וּמָגֵן֮{{ר0}}יְהֹוָ{{אתנח הפוך}}ה אֱלֹ֫הִ֥ים{{ר1}}חֵ֣ן וְ֭כָבוֹד יִתֵּ֣ן יְהֹוָ֑ה{{ר2}}לֹ֥א {{נוסח|יִמְנַע־ט֗֝וֹב|א=יִמְנַע־ט֝וֹב}} לַֽהֹלְכִ֥ים בְּתָמִֽים׃
ספר תהלים/פד	יג	{{ר4}}	{{מ:פסוק|תהלים|פד|יג|סדר=יב}}	יְהֹוָ֥ה צְבָא֑וֹת{{ר1}}אַֽשְׁרֵ֥י אָ֝דָ֗ם בֹּטֵ֥חַ בָּֽךְ׃
ספר תהלים/פד	תתת	<noinclude>//{{תבנית:משתמש:Dovi/טעמי המקרא-סוף}}//{{מ:שוליים-סוף}}//==הפרק בלי מספרים==//{{תבנית:משתמש:Dovi/טעמי המקרא}}//{{#בלי קטע:{{שם הדף המלא}}|סימן}}//{{תבנית:משתמש:Dovi/טעמי המקרא-סוף}}</noinclude>		
ספר תהלים/פה	0	<noinclude>{{תבנית:טעמי המקרא באינטרנט}}//{{מ:שוליים|5}}//{{תבנית:משתמש:Dovi/טעמי המקרא}}//</noinclude>		
ספר תהלים/פה	א	{{פפ}}//	{{מ:פסוק|תהלים|פה|א}}	לַמְנַצֵּ֬חַ{{מ:פסק}}לִבְנֵי־קֹ֬רַח מִזְמֽוֹר׃
ספר תהלים/פה	ב	{{נוסח|{{ר4}}|פרשה פתוחה}}	{{מ:פסוק|תהלים|פה|ב}}	"רָצִ֣יתָ יְהֹוָ֣ה אַרְצֶ֑ךָ{{ר1}}{{נוסח|שַׁ֝֗בְתָּ|א=שַׁ֝בְתָּ}} {{כו""ק|שבות|שְׁבִ֣ית}} יַעֲקֹֽב׃"
ספר תהלים/פה	ג	{{ר4}}	{{מ:פסוק|תהלים|פה|ג}}	נָ֭שָׂאתָ עֲוֺ֣ן עַמֶּ֑ךָ{{ר1}}כִּסִּ֖יתָ כׇל־חַטָּאתָ֣ם סֶֽלָה׃
ספר תהלים/פה	ד	{{ר4}}	{{מ:פסוק|תהלים|פה|ד}}	אָסַ֥פְתָּ כׇל־עֶבְרָתֶ֑ךָ{{ר1}}הֱ֝שִׁיב֗וֹתָ מֵחֲר֥וֹן אַפֶּֽךָ׃
ספר תהלים/פה	ה	{{ר4}}	{{מ:פסוק|תהלים|פה|ה}}	שׁ֭וּבֵנוּ אֱלֹהֵ֣י יִשְׁעֵ֑נוּ{{ר1}}וְהָפֵ֖ר כַּעַסְךָ֣ עִמָּֽנוּ׃
ספר תהלים/פה	ו	{{ר4}}	{{מ:פסוק|תהלים|פה|ו}}	הַלְעוֹלָ֥ם תֶּאֱנַף־בָּ֑נוּ{{ר1}}תִּמְשֹׁ֥ךְ אַ֝פְּךָ֗ לְדֹ֣ר וָדֹֽר׃
ספר תהלים/פה	ז	{{ר4}}	{{מ:פסוק|תהלים|פה|ז}}	הֲֽלֹא־אַ֭תָּה תָּשׁ֣וּב תְּחַיֵּ֑נוּ{{ר1}}וְ֝עַמְּךָ֗ יִשְׂמְחוּ־בָֽךְ׃
ספר תהלים/פה	ח	{{ר4}}	{{מ:פסוק|תהלים|פה|ח}}	הַרְאֵ֣נוּ יְהֹוָ֣ה חַסְדֶּ֑ךָ{{ר1}}וְ֝יֶשְׁעֲךָ֗ תִּתֶּן־לָֽנוּ׃
ספר תהלים/פה	ט	{{ר4}}	{{מ:פסוק|תהלים|פה|ט}}	אֶשְׁמְעָ֗ה מַה־יְדַבֵּר֮ הָאֵ{{אתנח הפוך}}ל{{מ:פסק}}יְהֹ֫וָ֥ה{{ר1}}כִּ֤י{{מ:לגרמיה}}יְדַבֵּ֬ר שָׁל֗וֹם{{ר1}}אֶל־עַמּ֥וֹ וְאֶל־חֲסִידָ֑יו{{ר2}}וְאַל־יָשׁ֥וּבוּ לְכִסְלָֽה׃
ספר תהלים/פה	י	{{ר4}}	{{מ:פסוק|תהלים|פה|י}}	אַ֤ךְ קָר֣וֹב לִירֵאָ֣יו יִשְׁע֑וֹ{{ר1}}לִשְׁכֹּ֖ן כָּב֣וֹד בְּאַרְצֵֽנוּ׃
ספר תהלים/פה	יא	{{ר4}}	{{מ:פסוק|תהלים|פה|יא}}	חֶסֶד־וֶאֱמֶ֥ת נִפְגָּ֑שׁוּ{{ר1}}צֶ֖דֶק וְשָׁל֣וֹם נָשָֽׁקוּ׃
ספר תהלים/פה	יב	{{ר4}}	{{מ:פסוק|תהלים|פה|יב}}	אֱ֭מֶת מֵאֶ֣רֶץ תִּצְמָ֑ח{{ר1}}וְ֝צֶ֗דֶק מִשָּׁמַ֥יִם נִשְׁקָֽף׃
ספר תהלים/פה	יג	{{ר4}}	{{מ:פסוק|תהלים|פה|יג}}	גַּם־יְ֭הֹוָה יִתֵּ֣ן הַטּ֑וֹב{{ר1}}וְ֝אַרְצֵ֗נוּ תִּתֵּ֥ן יְבוּלָֽהּ׃
ספר תהלים/פה	יד	{{ר4}}	{{מ:פסוק|תהלים|פה|יד}}	צֶ֭דֶק לְפָנָ֣יו יְהַלֵּ֑ךְ{{ר1}}וְיָשֵׂ֖ם לְדֶ֣רֶךְ פְּעָמָֽיו׃
ספר תהלים/פה	תתת	<noinclude>//{{תבנית:משתמש:Dovi/טעמי המקרא-סוף}}//{{מ:שוליים-סוף}}//==הפרק בלי מספרים==//{{תבנית:משתמש:Dovi/טעמי המקרא}}//{{#בלי קטע:{{שם הדף המלא}}|סימן}}//{{תבנית:משתמש:Dovi/טעמי המקרא-סוף}}</noinclude>		
ספר תהלים/פו	0	<noinclude>{{תבנית:טעמי המקרא באינטרנט}}//{{מ:שוליים|5}}//{{תבנית:משתמש:Dovi/טעמי המקרא}}//</noinclude>		
ספר תהלים/פו	א	{{פפ}}//	{{מ:פסוק|תהלים|פו|א}}	תְּפִלָּ֗ה לְדָ֫וִ֥ד{{נוסח|{{ר3}}|פרשה פתוחה}}הַטֵּֽה־יְהֹוָ֣ה אׇזְנְךָ֣ עֲנֵ֑נִי{{ר1}}כִּֽי־עָנִ֖י וְאֶבְי֣וֹן אָֽנִי׃
ספר תהלים/פו	ב	{{ר4}}	{{מ:פסוק|תהלים|פו|ב}}	שָׁ֥מְרָ֣ה נַפְשִׁי֮{{ר0}}כִּֽי־חָסִ{{אתנח הפוך}}יד אָ֥נִי{{ר1}}הוֹשַׁ֣ע עַ֭בְדְּךָ אַתָּ֣ה אֱלֹהַ֑י{{ר1}}הַבּוֹטֵ֥חַ אֵלֶֽיךָ׃
ספר תהלים/פו	ג	{{ר4}}	{{מ:פסוק|תהלים|פו|ג}}	חׇנֵּ֥נִי אֲדֹנָ֑י{{ר1}}כִּ֥י אֵלֶ֥יךָ אֶ֝קְרָ֗א כׇּל־הַיּֽוֹם׃
ספר תהלים/פו	ד	{{ר4}}	{{מ:פסוק|תהלים|פו|ד}}	שַׂ֭מֵּחַ נֶ֣פֶשׁ עַבְדֶּ֑ךָ{{ר1}}כִּ֥י אֵלֶ֥יךָ אֲ֝דֹנָ֗י נַפְשִׁ֥י אֶשָּֽׂא׃
ספר תהלים/פו	ה	{{ר4}}	{{מ:פסוק|תהלים|פו|ה}}	כִּֽי־אַתָּ֣ה אֲ֭דֹנָי ט֣וֹב וְסַלָּ֑ח{{ר1}}{{נוסח|וְרַב־חֶ֗֝סֶד|א=וְרַב־חֶ֝סֶד}} לְכׇל־קֹֽרְאֶֽיךָ׃
ספר תהלים/פו	ו	{{ר4}}	{{מ:פסוק|תהלים|פו|ו}}	הַאֲזִ֣ינָה יְ֭הֹוָה תְּפִלָּתִ֑י{{ר1}}וְ֝הַקְשִׁ֗יבָה בְּק֣וֹל תַּחֲנוּנוֹתָֽי׃
ספר תהלים/פו	ז	{{ר4}}	{{מ:פסוק|תהלים|פו|ז}}	בְּי֣וֹם צָ֭רָתִ֥י אֶקְרָאֶ֗ךָּ{{ר1}}כִּ֣י תַעֲנֵֽנִי׃
ספר תהלים/פו	ח	{{ר4}}	{{מ:פסוק|תהלים|פו|ח}}	אֵין־כָּמ֖וֹךָ בָאֱלֹהִ֥ים{{מ:פסק}}אֲדֹנָ֗י{{ר1}}וְאֵ֣ין כְּֽמַעֲשֶֽׂיךָ׃
ספר תהלים/פו	ט	{{ר4}}	{{מ:פסוק|תהלים|פו|ט}}	כׇּל־גּוֹיִ֤ם{{מ:לגרמיה}}אֲשֶׁ֥ר עָשִׂ֗יתָ{{ר1}}יָב֤וֹאוּ{{מ:לגרמיה}}וְיִשְׁתַּֽחֲו֣וּ לְפָנֶ֣יךָ אֲדֹנָ֑י{{ר1}}{{נוסח|וִ֖יכַבְּד֣וּ|=אל (טפחא ומונח) ובקורן|ממ,הקלדה=וִֽיכַבְּד֣וּ (געיה ומונח) ובדפוסים}} לִשְׁמֶֽךָ׃
ספר תהלים/פו	י	{{ר4}}	{{מ:פסוק|תהלים|פו|י}}	כִּֽי־גָד֣וֹל אַ֭תָּה וְעֹשֵׂ֣ה נִפְלָא֑וֹת{{ר1}}אַתָּ֖ה אֱלֹהִ֣ים לְבַדֶּֽךָ׃
ספר תהלים/פו	יא	{{ר4}}	{{מ:פסוק|תהלים|פו|יא}}	ה֘וֹרֵ֤נִי יְהֹוָ֨ה{{מ:לגרמיה}}דַּרְכֶּ֗ךָ{{ר1}}אֲהַלֵּ֥ךְ בַּאֲמִתֶּ֑ךָ{{ר1}}יַחֵ֥ד לְ֝בָבִ֗י{{ר0}}לְיִרְאָ֥ה שְׁמֶֽךָ׃
ספר תהלים/פו	יב	{{ר4}}	{{מ:פסוק|תהלים|פו|יב}}	אוֹדְךָ֤{{מ:לגרמיה}}אֲדֹנָ֣י אֱ֭לֹהַי בְּכׇל־לְבָבִ֑י{{ר1}}וַאֲכַבְּדָ֖ה שִׁמְךָ֣ לְעוֹלָֽם׃
ספר תהלים/פו	יג	{{ר4}}	{{מ:פסוק|תהלים|פו|יג}}	כִּֽי־חַ֭סְדְּךָ גָּד֣וֹל עָלָ֑י{{ר1}}וְהִצַּ֥לְתָּ נַ֝פְשִׁ֗י מִשְּׁא֥וֹל תַּחְתִּיָּֽה׃
ספר תהלים/פו	יד	{{ר4}}	{{מ:פסוק|תהלים|פו|יד}}	אֱלֹהִ֤ים{{מ:לגרמיה}}זֵ֘דִ֤ים קָֽמוּ־עָלַ֗י{{ר1}}וַעֲדַ֣ת עָ֭רִיצִים{{ר0}}בִּקְשׁ֣וּ נַפְשִׁ֑י{{ר2}}וְלֹ֖א שָׂמ֣וּךָ לְנֶגְדָּֽם׃
ספר תהלים/פו	טו	{{ר4}}	{{מ:פסוק|תהלים|פו|טו}}	וְאַתָּ֣ה אֲ֭דֹנָי אֵל־רַח֣וּם וְחַנּ֑וּן{{ר1}}אֶ֥רֶךְ אַ֝פַּ֗יִם וְרַב־חֶ֥סֶד וֶאֱמֶֽת׃
ספר תהלים/פו	טז	{{ר4}}	{{מ:פסוק|תהלים|פו|טז}}	פְּנֵ֥ה אֵלַ֗י וְחָ֫נֵּ֥נִי{{ר1}}תְּנָֽה־עֻזְּךָ֥ לְעַבְדֶּ֑ךָ{{ר2}}וְ֝הוֹשִׁ֗יעָה{{ר0}}לְבֶן־אֲמָתֶֽךָ׃
ספר תהלים/פו	יז	{{ר4}}	{{מ:פסוק|תהלים|פו|יז}}	עֲשֵֽׂה־עִמִּ֥י א֗וֹת{{ר0}}לְט֫וֹבָ֥ה{{ר1}}וְיִרְא֣וּ שֹׂנְאַ֣י וְיֵבֹ֑שׁוּ{{ר2}}כִּֽי־אַתָּ֥ה יְ֝הֹוָ֗ה עֲזַרְתַּ֥נִי וְנִחַמְתָּֽנִי׃
ספר תהלים/פו	תתת	<noinclude>//{{תבנית:משתמש:Dovi/טעמי המקרא-סוף}}//{{מ:שוליים-סוף}}//==הפרק בלי מספרים==//{{תבנית:משתמש:Dovi/טעמי המקרא}}//{{#בלי קטע:{{שם הדף המלא}}|סימן}}//{{תבנית:משתמש:Dovi/טעמי המקרא-סוף}}</noinclude>		
ספר תהלים/פז	0	<noinclude>{{תבנית:טעמי המקרא באינטרנט}}//{{מ:שוליים|5}}//{{תבנית:משתמש:Dovi/טעמי המקרא}}//</noinclude>		
ספר תהלים/פז	א	{{פפ}}//	{{מ:פסוק|תהלים|פז|א}}	לִבְנֵי־קֹ֭רַח מִזְמ֣וֹר שִׁ֑יר{{נוסח|{{ר1}}|פרשה סתומה}}יְ֝סוּדָת֗וֹ בְּהַרְרֵי־קֹֽדֶשׁ׃
ספר תהלים/פז	ב	{{ר4}}	{{מ:פסוק|תהלים|פז|ב}}	אֹהֵ֣ב יְ֭הֹוָה שַׁעֲרֵ֣י צִיּ֑וֹן{{ר1}}מִ֝כֹּ֗ל מִשְׁכְּנ֥וֹת יַעֲקֹֽב׃
ספר תהלים/פז	ג	{{ר4}}	{{מ:פסוק|תהלים|פז|ג}}	נִ֭כְבָּדוֹת מְדֻבָּ֣ר בָּ֑ךְ{{ר1}}עִ֖יר הָאֱלֹהִ֣ים סֶֽלָה׃
ספר תהלים/פז	ד	{{ר4}}	{{מ:פסוק|תהלים|פז|ד}}	אַזְכִּ֤יר{{מ:לגרמיה}}רַ֥הַב וּבָבֶ֗ל{{ר0}}לְֽיֹ֫דְעָ֥י{{ר1}}הִנֵּ֤ה פְלֶ֣שֶׁת וְצֹ֣ר עִם־כּ֑וּשׁ{{ר1}}{{נוסח|זֶ֗֝ה|א=זֶ֝ה}} יֻלַּד־שָֽׁם׃
ספר תהלים/פז	ה	{{ר4}}	{{מ:פסוק|תהלים|פז|ה}}	{{נוסח|וּ֥לְצִיּ֨וֹן{{מ:לגרמיה}}|א=וּ֥לֲצִיּ֨וֹן ׀ (חטף)}}יֵאָמַ֗ר אִ֣ישׁ וְ֭אִישׁ יֻלַּד־בָּ֑הּ{{ר1}}וְה֖וּא יְכוֹנְנֶ֣הָ עֶלְיֽוֹן׃
ספר תהלים/פז	ו	{{ר4}}	{{מ:פסוק|תהלים|פז|ו}}	יְֽהֹוָ֗ה יִ֭סְפֹּר בִּכְת֣וֹב עַמִּ֑ים{{ר1}}זֶ֖ה יֻלַּד־שָׁ֣ם סֶֽלָה׃
ספר תהלים/פז	ז	{{ר4}}	{{מ:פסוק|תהלים|פז|ז}}	וְשָׁרִ֥ים {{נוסח|כְּחֹלְלִ֑ים|א=כְּחֹלֲלִ֑ים (חטף)}}{{ר1}}כׇּֽל־מַעְיָנַ֥י בָּֽךְ׃
ספר תהלים/פז	תתת	<noinclude>//{{תבנית:משתמש:Dovi/טעמי המקרא-סוף}}//{{מ:שוליים-סוף}}//==הפרק בלי מספרים==//{{תבנית:משתמש:Dovi/טעמי המקרא}}//{{#בלי קטע:{{שם הדף המלא}}|סימן}}//{{תבנית:משתמש:Dovi/טעמי המקרא-סוף}}</noinclude>		
ספר תהלים/פח	0	<noinclude>{{תבנית:טעמי המקרא באינטרנט}}//{{מ:שוליים|5}}//{{תבנית:משתמש:Dovi/טעמי המקרא}}//</noinclude>		
ספר תהלים/פח	א	{{פפ}}//	{{מ:פסוק|תהלים|פח|א}}	שִׁ֥יר מִזְמ֗וֹר לִבְנֵ֫י קֹ֥רַח{{נוסח|{{ר3}}|פרשה פתוחה}}//לַמְנַצֵּ֣חַ עַל־מָחֲלַ֣ת לְעַנּ֑וֹת{{נוסח|{{ר1}}|פרשה סתומה}}מַ֝שְׂכִּ֗יל לְהֵימָ֥ן הָאֶזְרָחִֽי׃
ספר תהלים/פח	ב	{{ר4}}	{{מ:פסוק|תהלים|פח|ב}}	יְ֭הֹוָה אֱלֹהֵ֣י יְשׁוּעָתִ֑י{{ר1}}יוֹם־צָעַ֖קְתִּי בַלַּ֣יְלָה נֶגְדֶּֽךָ׃
ספר תהלים/פח	ג	{{ר4}}	{{מ:פסוק|תהלים|פח|ג}}	תָּב֣וֹא לְ֭פָנֶיךָ תְּפִלָּתִ֑י{{ר1}}{{נוסח|הַטֵּ֥ה|=אל (ואף בקורן)|ממ=הַטֵּֽה־ (געיה ומקף) ובדפוסים}} אׇ֝זְנְךָ֗ לְרִנָּתִֽי׃
ספר תהלים/פח	ד	{{ר4}}	{{מ:פסוק|תהלים|פח|ד}}	כִּֽי־שָׂבְעָ֣ה בְרָע֣וֹת נַפְשִׁ֑י{{ר1}}וְחַיַּ֗י לִשְׁא֥וֹל הִגִּֽיעוּ׃
ספר תהלים/פח	ה	{{ר4}}	{{מ:פסוק|תהלים|פח|ה}}	נֶ֭חְשַׁבְתִּי עִם־י֣וֹרְדֵי ב֑וֹר{{ר1}}הָ֝יִ֗יתִי כְּגֶ֣בֶר אֵֽין־אֱיָֽל׃
ספר תהלים/פח	ו	{{ר4}}	{{מ:פסוק|תהלים|פח|ו}}	בַּמֵּתִ֗ים חׇ֫פְשִׁ֥י{{ר1}}כְּמ֤וֹ חֲלָלִ֨ים{{מ:לגרמיה}}שֹׁ֥כְבֵי קֶ֗בֶר{{ר1}}אֲשֶׁ֤ר לֹ֣א זְכַרְתָּ֣ם ע֑וֹד{{ר2}}וְ֝הֵ֗מָּה מִיָּדְךָ֥ נִגְזָֽרוּ׃
ספר תהלים/פח	ז	{{ר4}}	{{מ:פסוק|תהלים|פח|ז}}	שַׁ֭תַּנִי בְּב֣וֹר תַּחְתִּיּ֑וֹת{{ר1}}בְּ֝מַחֲשַׁכִּ֗ים בִּמְצֹלֽוֹת׃
ספר תהלים/פח	ח	{{ר4}}	{{מ:פסוק|תהלים|פח|ח}}	עָ֭לַי סָמְכָ֣ה חֲמָתֶ֑ךָ{{ר1}}וְכׇל־מִ֝שְׁבָּרֶ֗יךָ עִנִּ֥יתָ סֶּֽלָה׃
ספר תהלים/פח	ט	{{ר4}}	{{מ:פסוק|תהלים|פח|ט}}	הִרְחַ֥קְתָּ מְיֻדָּעַ֗י מִ֫מֶּ֥נִּי{{ר1}}שַׁתַּ֣נִי תוֹעֵב֣וֹת לָ֑מוֹ{{ר2}}כָּ֝לֻ֗א{{ר0}}וְלֹ֣א אֵצֵֽא׃
ספר תהלים/פח	י	{{ר4}}	{{מ:פסוק|תהלים|פח|י}}	עֵינִ֥י דָאֲבָ֗ה{{ר0}}מִנִּ֫י עֹ֥נִי{{ר1}}קְרָאתִ֣יךָ יְהֹוָ֣ה בְּכׇל־י֑וֹם{{ר2}}שִׁטַּ֖חְתִּי אֵלֶ֣יךָ כַפָּֽי׃
ספר תהלים/פח	יא	{{ר4}}	{{מ:פסוק|תהלים|פח|יא}}	הֲלַמֵּתִ֥ים תַּעֲשֶׂה־פֶּ֑לֶא{{ר1}}אִם־רְ֝פָאִ֗ים יָק֤וּמוּ{{מ:לגרמיה}}יוֹד֬וּךָ סֶּֽלָה׃
ספר תהלים/פח	יב	{{ר4}}	{{מ:פסוק|תהלים|פח|יב}}	הַיְסֻפַּ֣ר בַּקֶּ֣בֶר חַסְדֶּ֑ךָ{{ר1}}אֱ֝מ֥וּנָתְךָ֗ בָּאֲבַדּֽוֹן׃
ספר תהלים/פח	יג	{{ר4}}	{{מ:פסוק|תהלים|פח|יג}}	הֲיִוָּדַ֣ע בַּחֹ֣שֶׁךְ פִּלְאֶ֑ךָ{{ר1}}וְ֝צִדְקָתְךָ֗ בְּאֶ֣רֶץ נְשִׁיָּֽה׃
ספר תהלים/פח	יד	{{ר4}}	{{מ:פסוק|תהלים|פח|יד}}	וַאֲנִ֤י{{מ:לגרמיה}}אֵלֶ֣יךָ יְהֹוָ֣ה שִׁוַּ֑עְתִּי{{ר1}}וּ֝בַבֹּ֗קֶר תְּֽפִלָּתִ֥י תְקַדְּמֶֽךָּ׃
ספר תהלים/פח	טו	{{ר4}}	{{מ:פסוק|תהלים|פח|טו}}	לָמָ֣ה יְ֭הֹוָה תִּזְנַ֣ח נַפְשִׁ֑י{{ר1}}תַּסְתִּ֖יר פָּנֶ֣יךָ מִמֶּֽנִּי׃
ספר תהלים/פח	טז	{{ר4}}	{{מ:פסוק|תהלים|פח|טז}}	עָ֘נִ֤י אֲנִ֣י וְגֹוֵ֣עַ מִנֹּ֑עַר{{ר1}}נָשָׂ֖אתִי אֵמֶ֣יךָ אָפֽוּנָה׃
ספר תהלים/פח	יז	{{ר4}}	{{מ:פסוק|תהלים|פח|יז}}	עָ֭לַי עָבְר֣וּ חֲרוֹנֶ֑יךָ{{ר1}}בִּ֝עוּתֶ֗יךָ צִמְּתוּתֻֽנִי׃
ספר תהלים/פח	יח	{{ר4}}	{{מ:פסוק|תהלים|פח|יח}}	סַבּ֣וּנִי כַ֭מַּיִם כׇּל־הַיּ֑וֹם{{ר1}}הִקִּ֖יפוּ עָלַ֣י יָֽחַד׃
ספר תהלים/פח	יט	{{ר4}}	{{מ:פסוק|תהלים|פח|יט}}	הִרְחַ֣קְתָּ מִ֭מֶּנִּי אֹהֵ֣ב וָרֵ֑עַ{{ר1}}מְֽיֻדָּעַ֥י מַחְשָֽׁךְ׃
ספר תהלים/פח	תתת	<noinclude>//{{תבנית:משתמש:Dovi/טעמי המקרא-סוף}}//{{מ:שוליים-סוף}}//==הפרק בלי מספרים==//{{תבנית:משתמש:Dovi/טעמי המקרא}}//{{#בלי קטע:{{שם הדף המלא}}|סימן}}//{{תבנית:משתמש:Dovi/טעמי המקרא-סוף}}</noinclude>		
ספר תהלים/פט	0	<noinclude>{{תבנית:טעמי המקרא באינטרנט}}//{{מ:שוליים|5}}//{{תבנית:משתמש:Dovi/טעמי המקרא}}//</noinclude>		
ספר תהלים/פט	א	{{פפ}}//	{{מ:פסוק|תהלים|פט|א}}	מַ֝שְׂכִּ֗יל לְאֵיתָ֥ן הָאֶזְרָחִֽי׃
ספר תהלים/פט	ב	{{נוסח|{{ר4}}|פרשה פתוחה}}	{{מ:פסוק|תהלים|פט|ב}}	חַֽסְדֵ֣י יְ֭הֹוָה עוֹלָ֣ם אָשִׁ֑ירָה{{ר1}}לְדֹ֥ר וָדֹ֓ר{{מ:לגרמיה}}אוֹדִ֖יעַ אֱמוּנָתְךָ֣ בְּפִֽי׃
ספר תהלים/פט	ג	{{ר4}}	{{מ:פסוק|תהלים|פט|ג}}	כִּֽי־אָמַ֗רְתִּי ע֭וֹלָם חֶ֣סֶד יִבָּנֶ֑ה{{ר1}}שָׁמַ֓יִם{{מ:לגרמיה}}תָּכִ֖ן אֱמוּנָתְךָ֣ בָהֶֽם׃
ספר תהלים/פט	ד	{{ר4}}	{{מ:פסוק|תהלים|פט|ד}}	כָּרַ֣תִּי בְ֭רִית לִבְחִירִ֑י{{ר1}}נִ֝שְׁבַּ֗עְתִּי לְדָוִ֥ד עַבְדִּֽי׃
ספר תהלים/פט	ה	{{ר4}}	{{מ:פסוק|תהלים|פט|ה}}	עַד־ע֭וֹלָם אָכִ֣ין זַרְעֶ֑ךָ{{ר1}}וּבָנִ֨יתִי לְדֹר־וָד֖וֹר כִּסְאֲךָ֣ סֶֽלָה׃
ספר תהלים/פט	ו	{{ר4}}	{{מ:פסוק|תהלים|פט|ו}}	{{נוסח|וְי֘וֹד֤וּ|=ל ובדפוסים|א=וְ֘יוֹד֤וּ (מקום הצינורית)}} שָׁמַ֣יִם פִּלְאֲךָ֣ יְהֹוָ֑ה{{ר1}}אַף־אֱ֝מ֥וּנָתְךָ֗ בִּקְהַ֥ל קְדֹשִֽׁים׃
ספר תהלים/פט	ז	{{ר4}}	{{מ:פסוק|תהלים|פט|ז}}	כִּ֤י מִ֣י בַ֭שַּׁחַק יַעֲרֹ֣ךְ לַיהֹוָ֑ה{{ר1}}יִדְמֶ֥ה לַ֝יהֹוָ֗ה בִּבְנֵ֥י אֵלִֽים׃
ספר תהלים/פט	ח	{{ר4}}	{{מ:פסוק|תהלים|פט|ח}}	אֵ֣ל נַ֭עֲרָץ בְּסוֹד־קְדֹשִׁ֣ים רַבָּ֑ה{{ר1}}וְ֝נוֹרָ֗א עַל־כׇּל־סְבִיבָֽיו׃
ספר תהלים/פט	ט	{{ר4}}	{{מ:פסוק|תהלים|פט|ט}}	יְהֹוָ֤ה{{מ:לגרמיה}}אֱלֹ֘הֵ֤י צְבָא֗וֹת{{ר1}}מִֽי־כָמ֖וֹךָֽ חֲסִ֥ין{{מ:פסק}}יָ֑הּ{{ר2}}וֶ֝אֱמ֥וּנָתְךָ֗{{ר0}}סְבִיבוֹתֶֽיךָ׃
ספר תהלים/פט	י	{{ר4}}	{{מ:פסוק|תהלים|פט|י}}	אַתָּ֣ה מ֭וֹשֵׁל בְּגֵא֣וּת הַיָּ֑ם{{ר1}}בְּשׂ֥וֹא גַ֝לָּ֗יו אַתָּ֥ה תְשַׁבְּחֵֽם׃
ספר תהלים/פט	יא	{{ר4}}	{{מ:פסוק|תהלים|פט|יא}}	אַתָּ֤ה דִכִּ֣אתָ כֶחָלָ֣ל רָ֑הַב{{ר1}}בִּזְר֥וֹעַ עֻ֝זְּךָ֗ פִּזַּ֥רְתָּ אוֹיְבֶֽיךָ׃
ספר תהלים/פט	יב	{{ר4}}	{{מ:פסוק|תהלים|פט|יב}}	לְךָ֣ שָׁ֭מַיִם אַף־לְךָ֥ אָ֑רֶץ{{ר1}}תֵּבֵ֥ל וּ֝מְלֹאָ֗הּ אַתָּ֥ה יְסַדְתָּֽם׃
ספר תהלים/פט	יג	{{ר4}}	{{מ:פסוק|תהלים|פט|יג}}	צָפ֣וֹן וְ֭יָמִין אַתָּ֣ה בְרָאתָ֑ם{{ר1}}תָּב֥וֹר וְ֝חֶרְמ֗וֹן בְּשִׁמְךָ֥ יְרַנֵּֽנוּ׃
ספר תהלים/פט	יד	{{ר4}}//	{{מ:פסוק|תהלים|פט|יד}}	לְךָ֣ זְ֭רוֹעַ עִם־גְּבוּרָ֑ה{{ר1}}תָּעֹ֥ז יָ֝דְךָ֗ תָּר֥וּם יְמִינֶֽךָ׃
ספר תהלים/פט	טו	{{ר4}}	{{מ:פסוק|תהלים|פט|טו}}	צֶ֣דֶק וּ֭מִשְׁפָּט מְכ֣וֹן כִּסְאֶ֑ךָ{{ר1}}חֶ֥סֶד וֶ֝אֱמֶ֗ת יְֽקַדְּמ֥וּ פָנֶֽיךָ׃
ספר תהלים/פט	טז	{{ר4}}	{{מ:פסוק|תהלים|פט|טז}}	אַשְׁרֵ֣י הָ֭עָם יֹדְעֵ֣י תְרוּעָ֑ה{{ר1}}יְ֝הֹוָ֗ה בְּֽאוֹר־פָּנֶ֥יךָ יְהַלֵּכֽוּן׃
ספר תהלים/פט	יז	{{ר4}}	{{מ:פסוק|תהלים|פט|יז}}	בְּ֭שִׁמְךָ יְגִיל֣וּן כׇּל־הַיּ֑וֹם{{ר1}}וּבְצִדְקָתְךָ֥ יָרֽוּמוּ׃
ספר תהלים/פט	יח	{{ר4}}	{{מ:פסוק|תהלים|פט|יח}}	"כִּי־תִפְאֶ֣רֶת עֻזָּ֣מוֹ אָ֑תָּה{{ר1}}וּ֝בִרְצוֹנְךָ֗ {{כו""ק|תרים|תָּר֥וּם}} קַרְנֵֽינוּ׃"
ספר תהלים/פט	יט	{{ר4}}	{{מ:פסוק|תהלים|פט|יט}}	כִּ֣י לַ֭יהֹוָה מָגִנֵּ֑נוּ{{ר1}}וְלִקְד֖וֹשׁ יִשְׂרָאֵ֣ל מַלְכֵּֽנוּ׃
ספר תהלים/פט	כ	{{ר4}}	{{מ:פסוק|תהלים|פט|כ}}	אָ֤ז {{נוסח|דִּבַּ֥רְתָּֽ בְחָ֡זוֹן|א=דִּבַּ֥רְתָּֽ־בְחָ֡זוֹן (מקף בתיבת משרת)}} לַחֲסִידֶ֗יךָ{{ר1}}וַתֹּ֗אמֶר{{ר0}}שִׁוִּ֣יתִי עֵ֭זֶר עַל־גִּבּ֑וֹר{{ר2}}הֲרִימ֖וֹתִי בָח֣וּר מֵעָֽם׃
ספר תהלים/פט	כא	{{ר4}}	{{מ:פסוק|תהלים|פט|כא}}	מָ֭צָאתִי דָּוִ֣ד עַבְדִּ֑י{{ר1}}בְּשֶׁ֖מֶן קׇדְשִׁ֣י מְשַׁחְתִּֽיו׃
ספר תהלים/פט	כב	{{ר4}}	{{מ:פסוק|תהלים|פט|כב}}	אֲשֶׁ֣ר יָ֭דִי תִּכּ֣וֹן עִמּ֑וֹ{{ר1}}אַף־זְרוֹעִ֥י תְאַמְּצֶֽנּוּ׃
ספר תהלים/פט	כג	{{ר4}}	{{מ:פסוק|תהלים|פט|כג}}	לֹא־יַשִּׁ֣יא אוֹיֵ֣ב בּ֑וֹ{{ר1}}וּבֶן־עַ֝וְלָ֗ה לֹ֣א יְעַנֶּֽנּוּ׃
ספר תהלים/פט	כד	{{ר4}}	{{מ:פסוק|תהלים|פט|כד}}	וְכַתּוֹתִ֣י מִפָּנָ֣יו צָרָ֑יו{{ר1}}וּמְשַׂנְאָ֥יו אֶגּֽוֹף׃
ספר תהלים/פט	כה	{{ר4}}	{{מ:פסוק|תהלים|פט|כה}}	וֶ֥אֱֽמוּנָתִ֣י וְחַסְדִּ֣י עִמּ֑וֹ{{ר1}}וּ֝בִשְׁמִ֗י תָּר֥וּם קַרְנֽוֹ׃
ספר תהלים/פט	כו	{{ר4}}	{{מ:פסוק|תהלים|פט|כו}}	וְשַׂמְתִּ֣י בַיָּ֣ם יָד֑וֹ{{ר1}}וּֽבַנְּהָר֥וֹת יְמִינֽוֹ׃
ספר תהלים/פט	כז	{{ר4}}	{{מ:פסוק|תהלים|פט|כז}}	ה֣וּא יִ֭קְרָאֵנִי אָ֣בִי אָ֑תָּה{{ר1}}אֵ֝לִ֗י וְצ֣וּר יְשׁוּעָתִֽי׃
ספר תהלים/פט	כח	{{ר4}}	{{מ:פסוק|תהלים|פט|כח}}	אַף־אָ֭נִי בְּכ֣וֹר אֶתְּנֵ֑הוּ{{ר1}}עֶ֝לְי֗וֹן לְמַלְכֵי־אָֽרֶץ׃
ספר תהלים/פט	כט	{{ר4}}	{{מ:פסוק|תהלים|פט|כט}}	"לְ֭עוֹלָם {{נוסח|{{כו""ק|אשמור|אֶשְׁמׇר־}}|=ל ובדפוסים (וכן בברויאר)|א=אֶשְׁמָור־ (אין הערת קרי) וכן במג""ה|מ""ק-א=<ל' מל'>}}ל֣וֹ חַסְדִּ֑י{{ר1}}וּ֝בְרִיתִ֗י נֶאֱמֶ֥נֶת לֽוֹ׃"
ספר תהלים/פט	ל	{{ר4}}	{{מ:פסוק|תהלים|פט|ל}}	וְשַׂמְתִּ֣י לָעַ֣ד זַרְע֑וֹ{{ר1}}וְ֝כִסְא֗וֹ כִּימֵ֥י שָׁמָֽיִם׃
ספר תהלים/פט	לא	{{ר4}}	{{מ:פסוק|תהלים|פט|לא}}	אִם־יַעַזְב֣וּ בָ֭נָיו תּוֹרָתִ֑י{{ר1}}וּ֝בְמִשְׁפָּטַ֗י לֹ֣א יֵלֵכֽוּן׃
ספר תהלים/פט	לב	{{ר4}}	{{מ:פסוק|תהלים|פט|לב}}	אִם־חֻקֹּתַ֥י יְחַלֵּ֑לוּ{{ר1}}וּ֝מִצְוֺתַ֗י לֹ֣א יִשְׁמֹֽרוּ׃
ספר תהלים/פט	לג	{{ר4}}	{{מ:פסוק|תהלים|פט|לג}}	וּפָקַדְתִּ֣י בְשֵׁ֣בֶט פִּשְׁעָ֑ם{{ר1}}וּבִנְגָעִ֥ים עֲוֺנָֽם׃
ספר תהלים/פט	לד	{{ר4}}	{{מ:פסוק|תהלים|פט|לד}}	וְ֭חַסְדִּי לֹא־אָפִ֣יר מֵעִמּ֑וֹ{{ר1}}וְלֹא־אֲ֝שַׁקֵּ֗ר בֶּאֱמוּנָתִֽי׃
ספר תהלים/פט	לה	{{ר4}}	{{מ:פסוק|תהלים|פט|לה}}	לֹֽא־אֲחַלֵּ֥ל בְּרִיתִ֑י{{ר1}}וּמוֹצָ֥א שְׂ֝פָתַ֗י לֹ֣א אֲשַׁנֶּֽה׃
ספר תהלים/פט	לו	{{ר4}}	{{מ:פסוק|תהלים|פט|לו}}	אַ֭חַת נִשְׁבַּ֣עְתִּי בְקׇדְשִׁ֑י{{ר1}}אִֽם־לְדָוִ֥ד אֲכַזֵּֽב׃
ספר תהלים/פט	לז	{{ר4}}	{{מ:פסוק|תהלים|פט|לז}}	זַ֭רְעוֹ לְעוֹלָ֣ם יִהְיֶ֑ה{{ר1}}וְכִסְא֖וֹ כַשֶּׁ֣מֶשׁ נֶגְדִּֽי׃
ספר תהלים/פט	לח	{{ר4}}	{{מ:פסוק|תהלים|פט|לח}}	כְּ֭יָרֵחַ יִכּ֣וֹן עוֹלָ֑ם{{ר1}}וְעֵ֥ד בַּ֝שַּׁ֗חַק נֶאֱמָ֥ן סֶֽלָה׃
ספר תהלים/פט	לט	{{ר4}}	{{מ:פסוק|תהלים|פט|לט}}	וְאַתָּ֣ה זָ֭נַחְתָּ וַתִּמְאָ֑ס{{ר1}}הִ֝תְעַבַּ֗רְתָּ עִם־מְשִׁיחֶֽךָ׃
ספר תהלים/פט	מ	{{ר4}}	{{מ:פסוק|תהלים|פט|מ}}	נֵ֭אַרְתָּה בְּרִ֣ית עַבְדֶּ֑ךָ{{ר1}}חִלַּ֖לְתָּ לָאָ֣רֶץ נִזְרֽוֹ׃
ספר תהלים/פט	מא	{{ר4}}	{{מ:פסוק|תהלים|פט|מא}}	פָּרַ֥צְתָּ כׇל־גְּדֵרֹתָ֑יו{{ר1}}שַׂ֖מְתָּ מִבְצָרָ֣יו מְחִתָּֽה׃
ספר תהלים/פט	מב	{{ר4}}	{{מ:פסוק|תהלים|פט|מב}}	שַׁ֭סֻּהוּ כׇּל־עֹ֣בְרֵי דָ֑רֶךְ{{ר1}}הָיָ֥ה חֶ֝רְפָּ֗ה לִשְׁכֵנָֽיו׃
ספר תהלים/פט	מג	{{ר4}}	{{מ:פסוק|תהלים|פט|מג}}	הֲ֭רִימוֹתָ יְמִ֣ין צָרָ֑יו{{ר1}}הִ֝שְׂמַ֗חְתָּ כׇּל־אוֹיְבָֽיו׃
ספר תהלים/פט	מד	{{ר4}}	{{מ:פסוק|תהלים|פט|מד}}	אַף־תָּ֭שִׁיב צ֣וּר חַרְבּ֑וֹ{{ר1}}וְלֹ֥א הֲ֝קֵימֹת֗וֹ בַּמִּלְחָמָֽה׃
ספר תהלים/פט	מה	{{ר4}}	{{מ:פסוק|תהלים|פט|מה}}	הִשְׁבַּ֥תָּ מִטְּהָר֑וֹ{{ר1}}וְ֝כִסְא֗וֹ לָאָ֥רֶץ מִגַּֽרְתָּה׃
ספר תהלים/פט	מו	{{ר4}}	{{מ:פסוק|תהלים|פט|מו}}	הִ֭קְצַרְתָּ יְמֵ֣י עֲלוּמָ֑יו{{ר1}}הֶ֥עֱטִ֨יתָ עָלָ֖יו בּוּשָׁ֣ה סֶֽלָה׃
ספר תהלים/פט	מז	{{ר4}}	{{מ:פסוק|תהלים|פט|מז}}	עַד־מָ֣ה יְ֭הֹוָה תִּסָּתֵ֣ר לָנֶ֑צַח{{ר1}}תִּבְעַ֖ר כְּמוֹ־אֵ֣שׁ חֲמָתֶֽךָ׃
ספר תהלים/פט	מח	{{ר4}}	{{מ:פסוק|תהלים|פט|מח}}	זְכׇר־אֲנִ֥י מֶה־חָ֑לֶד{{ר1}}{{נוסח|עַל־מַה־שָּׁ֝֗וְא|א=עַל־מַה־שָּׁ֝וְא}} בָּרָ֥אתָ כׇל־בְּנֵֽי־אָדָֽם׃
ספר תהלים/פט	מט	{{ר4}}	{{מ:פסוק|תהלים|פט|מט}}	מִ֤י גֶ֣בֶר יִֽ֭חְיֶה וְלֹ֣א יִרְאֶה־מָּ֑וֶת{{ר1}}יְמַלֵּ֨ט נַפְשׁ֖וֹ מִיַּד־שְׁא֣וֹל סֶֽלָה׃
ספר תהלים/פט	נ	{{ר4}}	{{מ:פסוק|תהלים|פט|נ}}	אַיֵּ֤ה{{מ:לגרמיה}}חֲסָדֶ֖יךָ הָרִאשֹׁנִ֥ים{{מ:פסק}}אֲדֹנָ֑י{{ר1}}נִשְׁבַּ֥עְתָּ לְ֝דָוִ֗ד בֶּאֱמוּנָתֶֽךָ׃
ספר תהלים/פט	נא	{{ר4}}	{{מ:פסוק|תהלים|פט|נא}}	זְכֹ֣ר אֲ֭דֹנָי חֶרְפַּ֣ת עֲבָדֶ֑יךָ{{ר1}}שְׂאֵתִ֥י בְ֝חֵיקִ֗י כׇּל־רַבִּ֥ים עַמִּֽים׃
ספר תהלים/פט	נב	{{ר4}}	{{מ:פסוק|תהלים|פט|נב}}	אֲשֶׁ֤ר חֵרְפ֖וּ אוֹיְבֶ֥יךָ{{מ:פסק}}יְהֹוָ֑ה{{ר1}}אֲשֶׁ֥ר חֵ֝רְפ֗וּ עִקְּב֥וֹת מְשִׁיחֶֽךָ׃
ספר תהלים/פט	נג	{{ר4}}	{{מ:פסוק|תהלים|פט|נג}}	בָּר֖וּךְ יְהֹוָ֥ה לְ֝עוֹלָ֗ם{{ר1}}אָ֘מֵ֥ן{{מ:פסק}}וְאָמֵֽן׃
ספר תהלים/פט	תתת	<noinclude>//{{תבנית:משתמש:Dovi/טעמי המקרא-סוף}}//{{מ:שוליים-סוף}}//==הפרק בלי מספרים==//{{תבנית:משתמש:Dovi/טעמי המקרא}}//{{#בלי קטע:{{שם הדף המלא}}|סימן}}//{{תבנית:משתמש:Dovi/טעמי המקרא-סוף}}</noinclude>		
