ספר תהלים/מב	0	<noinclude>{{תבנית:טעמי המקרא באינטרנט}}//{{מ:שוליים|5}}//{{תבנית:משתמש:Dovi/טעמי המקרא}}//</noinclude>		
ספר תהלים/מב	א	{{מ:רווח לספר בתהלים|ספר שני}}	{{מ:פסוק|תהלים|מב|א}}	לַמְנַצֵּ֗חַ מַשְׂכִּ֥יל לִבְנֵי־קֹֽרַח׃
ספר תהלים/מב	ב	{{נוסח|{{ר4}}|פרשה פתוחה}}	{{מ:פסוק|תהלים|מב|ב}}	כְּאַיָּ֗ל תַּעֲרֹ֥ג עַל־אֲפִֽיקֵי־מָ֑יִם{{ר1}}כֵּ֤ן נַפְשִׁ֨י תַעֲרֹ֖ג אֵלֶ֣יךָ אֱלֹהִֽים׃
ספר תהלים/מב	ג	{{ר4}}	{{מ:פסוק|תהלים|מב|ג}}	צָמְאָ֬ה נַפְשִׁ֨י{{מ:לגרמיה}}לֵאלֹהִים֮{{ר0}}לְאֵ{{אתנח הפוך}}ל חָ֥֫י{{ר1}}מָתַ֥י אָב֑וֹא{{ר1}}וְ֝אֵרָאֶ֗ה פְּנֵ֣י אֱלֹהִֽים׃
ספר תהלים/מב	ד	{{ר4}}	{{מ:פסוק|תהלים|מב|ד}}	הָיְתָה־לִּ֬י דִמְעָתִ֣י לֶ֭חֶם יוֹמָ֣ם וָלָ֑יְלָה{{ר1}}בֶּאֱמֹ֥ר אֵלַ֥י כׇּל־הַ֝יּ֗וֹם אַיֵּ֥ה אֱלֹהֶֽיךָ׃
ספר תהלים/מב	ה	{{ר4}}	{{מ:פסוק|תהלים|מב|ה}}	אֵ֤לֶּה אֶזְכְּרָ֨ה{{מ:לגרמיה}}וְאֶשְׁפְּכָ֬ה עָלַ֨י{{מ:לגרמיה}}נַפְשִׁ֗י{{ר1}}כִּ֤י אֶעֱבֹ֨ר{{מ:לגרמיה}}בַּסָּךְ֮{{ר1}}אֶדַּדֵּ֗ם עַד־בֵּ֥ית אֱלֹ֫הִ֥ים{{ר2}}בְּקוֹל־רִנָּ֥ה וְתוֹדָ֗ה{{ר2}}הָמ֥וֹן חוֹגֵֽג׃
ספר תהלים/מב	ו	{{ר4}}	{{מ:פסוק|תהלים|מב|ו}}	מַה־תִּשְׁתּ֬וֹחֲחִ֨י{{מ:לגרמיה}}נַפְשִׁי֮{{ר0}}וַתֶּהֱמִ{{אתנח הפוך}}י עָ֫לָ֥י{{ר1}}הוֹחִ֣לִי לֵ֭אלֹהִים כִּי־ע֥וֹד אוֹדֶ֗נּוּ{{ר1}}יְשׁוּע֥וֹת פָּנָֽיו׃
ספר תהלים/מב	ז	{{ר4}}	{{מ:פסוק|תהלים|מב|ז}}	אֱלֹהַ֗י{{ר0}}עָלַי֮ נַפְשִׁ{{אתנח הפוך}}י תִשְׁתּ֫וֹחָ֥ח{{ר1}}עַל־כֵּ֗ן אֶ֭זְכׇּרְךָ מֵאֶ֣רֶץ יַרְדֵּ֑ן{{ר2}}וְ֝חֶרְמוֹנִ֗ים מֵהַ֥ר מִצְעָֽר׃
ספר תהלים/מב	ח	{{ר4}}	{{מ:פסוק|תהלים|מב|ח}}	תְּהוֹם־אֶל־תְּה֣וֹם ק֭וֹרֵא לְק֣וֹל צִנּוֹרֶ֑יךָ{{ר1}}כׇּֽל־מִשְׁבָּרֶ֥יךָ וְ֝גַלֶּ֗יךָ עָלַ֥י עָבָֽרוּ׃
ספר תהלים/מב	ט	{{ר4}}	{{מ:פסוק|תהלים|מב|ט}}	יוֹמָ֤ם{{מ:לגרמיה}}יְצַוֶּ֬ה יְהֹוָ֨ה{{מ:לגרמיה}}חַסְדּ֗וֹ{{ר1}}וּ֭בַלַּיְלָה שִׁירֹ֣ה עִמִּ֑י{{ר2}}תְּ֝פִלָּ֗ה{{ר0}}לְאֵ֣ל חַיָּֽי׃
ספר תהלים/מב	י	{{ר4}}	{{מ:פסוק|תהלים|מב|י}}	אוֹמְרָ֤ה{{מ:לגרמיה}}לְאֵ֥ל סַלְעִי֮{{ר0}}לָמָ{{אתנח הפוך}}ה שְׁכַ֫חְתָּ֥נִי{{ר1}}לָֽמָּה־קֹדֵ֥ר אֵלֵ֗ךְ{{ר1}}בְּלַ֣חַץ אוֹיֵֽב׃
ספר תהלים/מב	יא	{{ר4}}	{{מ:פסוק|תהלים|מב|יא}}	בְּרֶ֤צַח{{מ:לגרמיה}}בְּֽעַצְמוֹתַ֗י חֵרְפ֥וּנִי {{נוסח|צוֹרְרָ֑י|א=צוֹרֲרָ֑י (חטף)|חסר ברשימת ברויאר}}{{ר1}}בְּאׇמְרָ֥ם אֵלַ֥י כׇּל־הַ֝יּ֗וֹם{{ר1}}אַיֵּ֥ה אֱלֹהֶֽיךָ׃
ספר תהלים/מב	יב	{{ר4}}	{{מ:פסוק|תהלים|מב|יב}}	מַה־תִּשְׁתּ֬וֹחֲחִ֨י{{מ:לגרמיה}}נַפְשִׁי֮{{ר1}}וּֽמַה־תֶּהֱמִ{{אתנח הפוך}}י עָ֫לָ֥י{{ר3}}הוֹחִ֣ילִי לֵ֭אלֹהִים כִּי־ע֣וֹד אוֹדֶ֑נּוּ{{ר1}}יְשׁוּעֹ֥ת פָּ֝נַ֗י וֵאלֹהָֽי׃
ספר תהלים/מב	תתת	<noinclude>//{{תבנית:משתמש:Dovi/טעמי המקרא-סוף}}//{{מ:שוליים-סוף}}//==הפרק בלי מספרים==//{{תבנית:משתמש:Dovi/טעמי המקרא}}//{{#בלי קטע:{{שם הדף המלא}}|סימן}}//{{תבנית:משתמש:Dovi/טעמי המקרא-סוף}}</noinclude>		
ספר תהלים/מג	0	<noinclude>{{תבנית:טעמי המקרא באינטרנט}}//{{מ:שוליים|5}}//{{תבנית:משתמש:Dovi/טעמי המקרא}}//</noinclude>		
ספר תהלים/מג	א	{{פפ}}//	{{מ:פסוק|תהלים|מג|א}}	שׇׁפְטֵ֤נִי אֱלֹהִ֨ים{{מ:לגרמיה}}{{ר0|רווח=לא}}וְרִ֘יבָ֤ה רִיבִ֗י{{ר1}}מִגּ֥וֹי לֹֽא־חָסִ֑יד{{ר2}}מֵ֤אִישׁ מִרְמָ֖ה וְעַוְלָ֣ה תְפַלְּטֵֽנִי׃
ספר תהלים/מג	ב	{{ר4}}	{{מ:פסוק|תהלים|מג|ב}}	כִּֽי־אַתָּ֤ה{{מ:לגרמיה}}אֱלֹהֵ֣י מָֽעוּזִּי֮{{ר1}}לָמָ{{אתנח הפוך}}ה זְנַ֫חְתָּ֥נִי{{ר2}}לָֽמָּה־קֹדֵ֥ר אֶתְהַלֵּ֗ךְ{{ר2}}בְּלַ֣חַץ אוֹיֵֽב׃
ספר תהלים/מג	ג	{{ר4}}	{{מ:פסוק|תהלים|מג|ג}}	שְׁלַח־אוֹרְךָ֣ וַ֭אֲמִתְּךָ הֵ֣מָּה יַנְח֑וּנִי{{ר1}}יְבִיא֥וּנִי אֶל־הַֽר־קׇ֝דְשְׁךָ֗ וְאֶל־מִשְׁכְּנוֹתֶֽיךָ׃
ספר תהלים/מג	ד	{{ר4}}	{{מ:פסוק|תהלים|מג|ד}}	וְאָב֤וֹאָה{{מ:לגרמיה}}אֶל־מִזְבַּ֬ח אֱלֹהִ֗ים{{ר1}}אֶל־אֵל֮ שִׂמְחַ{{אתנח הפוך}}ת גִּ֫ילִ֥י{{ר2}}וְאוֹדְךָ֥ בְכִנּ֗וֹר{{ר2}}אֱלֹהִ֥ים אֱלֹהָֽי׃
ספר תהלים/מג	ה	{{ר4}}	{{מ:פסוק|תהלים|מג|ה}}	מַה־תִּשְׁתּ֬וֹחֲחִ֨י{{מ:לגרמיה}}נַפְשִׁי֮{{ר1}}וּֽמַה־תֶּהֱמִ{{אתנח הפוך}}י עָ֫לָ֥י{{ר3}}הוֹחִ֣ילִי לֵ֭אלֹהִים כִּי־ע֣וֹד אוֹדֶ֑נּוּ{{ר1}}יְשׁוּעֹ֥ת פָּ֝נַ֗י וֵאלֹהָֽי׃
ספר תהלים/מג	תתת	<noinclude>//{{תבנית:משתמש:Dovi/טעמי המקרא-סוף}}//{{מ:שוליים-סוף}}//==הפרק בלי מספרים==//{{תבנית:משתמש:Dovi/טעמי המקרא}}//{{#בלי קטע:{{שם הדף המלא}}|סימן}}//{{תבנית:משתמש:Dovi/טעמי המקרא-סוף}}</noinclude>		
ספר תהלים/מד	0	<noinclude>{{תבנית:טעמי המקרא באינטרנט}}//{{מ:שוליים|5}}//{{תבנית:משתמש:Dovi/טעמי המקרא}}//</noinclude>		
ספר תהלים/מד	א	{{פפ}}//	{{מ:פסוק|תהלים|מד|א}}	לַמְנַצֵּ֬חַ{{מ:פסק}}לִבְנֵי־קֹ֬רַח מַשְׂכִּֽיל׃
ספר תהלים/מד	ב	{{נוסח|{{ר4}}|פרשה פתוחה}}	{{מ:פסוק|תהלים|מד|ב}}	אֱלֹהִ֤ים{{מ:לגרמיה}}בְּאׇזְנֵ֬ינוּ שָׁמַ֗עְנוּ{{ר1}}אֲבוֹתֵ֥ינוּ סִפְּרוּ־לָ֑נוּ{{ר2}}פֹּ֥עַל פָּעַ֥לְתָּ בִ֝ימֵיהֶ֗ם{{ר0}}בִּ֣ימֵי קֶֽדֶם׃
ספר תהלים/מד	ג	{{ר4}}	{{מ:פסוק|תהלים|מד|ג}}	אַתָּ֤ה{{מ:לגרמיה}}יָדְךָ֡ גּוֹיִ֣ם ה֭וֹרַשְׁתָּ וַתִּטָּעֵ֑ם{{ר1}}תָּרַ֥ע לְ֝אֻמִּ֗ים וַֽתְּשַׁלְּחֵֽם׃
ספר תהלים/מד	ד	{{ר4}}	{{מ:פסוק|תהלים|מד|ד}}	כִּ֤י לֹ{{גלגל}}א בְחַרְבָּ֡ם יָ֥רְשׁוּ אָ֗רֶץ{{ר1}}וּזְרוֹעָם֮ לֹא־הוֹשִׁ{{אתנח הפוך}}יעָ֫ה{{מ:מקף אפור}}לָּ֥מוֹ{{ר2}}כִּֽי־יְמִינְךָ֣ וּ֭זְרוֹעֲךָ וְא֥וֹר פָּנֶ֗יךָ{{ר2}}כִּ֣י רְצִיתָֽם׃
ספר תהלים/מד	ה	{{ר4}}	{{מ:פסוק|תהלים|מד|ה}}	אַתָּה־ה֣וּא מַלְכִּ֣י אֱלֹהִ֑ים{{ר1}}צַ֝וֵּ֗ה יְשׁוּע֥וֹת יַעֲקֹֽב׃
ספר תהלים/מד	ו	{{ר4}}	{{מ:פסוק|תהלים|מד|ו}}	בְּ֭ךָ צָרֵ֣ינוּ נְנַגֵּ֑חַ{{ר1}}בְּ֝שִׁמְךָ֗ נָב֥וּס קָמֵֽינוּ׃
ספר תהלים/מד	ז	{{ר4}}	{{מ:פסוק|תהלים|מד|ז}}	"כִּ֤י לֹ֣א בְקַשְׁתִּ֣י אֶבְטָ֑ח{{ר1}}{{נוסח|וְ֝חַרְבִּ֗י|=א?ל ובדפוסים (וכן הכריעו ברויאר ומג""ה)|א=וְחַרְבִּ֗י? (חסר גרש?)|אפשר להבחין בגרש באופן ברור, אמנם הוא מטושטש ואולי מחוק}} לֹ֣א תוֹשִׁיעֵֽנִי׃"
ספר תהלים/מד	ח	{{ר4}}	{{מ:פסוק|תהלים|מד|ח}}	כִּ֣י ה֭וֹשַׁעְתָּנוּ מִצָּרֵ֑ינוּ{{ר1}}וּמְשַׂנְאֵ֥ינוּ הֱבִישֽׁוֹתָ׃
ספר תהלים/מד	ט	{{ר4}}	{{מ:פסוק|תהלים|מד|ט}}	בֵּ֭אלֹהִים הִלַּ֣לְנוּ כׇל־הַיּ֑וֹם{{ר1}}וְשִׁמְךָ֓{{מ:לגרמיה}}לְעוֹלָ֖ם נוֹדֶ֣ה סֶֽלָה׃
ספר תהלים/מד	י	{{ר4}}	{{מ:פסוק|תהלים|מד|י}}	אַף־זָ֭נַחְתָּ וַתַּכְלִימֵ֑נוּ{{ר1}}וְלֹא־תֵ֝צֵ֗א בְּצִבְאוֹתֵֽינוּ׃
ספר תהלים/מד	יא	{{ר4}}	{{מ:פסוק|תהלים|מד|יא}}	תְּשִׁיבֵ֣נוּ אָ֭חוֹר מִנִּי־צָ֑ר{{ר1}}וּ֝מְשַׂנְאֵ֗ינוּ שָׁ֣סוּ לָֽמוֹ׃
ספר תהלים/מד	יב	{{ר4}}	{{מ:פסוק|תהלים|מד|יב}}	תִּ֭תְּנֵנוּ כְּצֹ֣אן מַאֲכָ֑ל{{ר1}}וּ֝בַגּוֹיִ֗ם זֵרִיתָֽנוּ׃
ספר תהלים/מד	יג	{{ר4}}	{{מ:פסוק|תהלים|מד|יג}}	תִּמְכֹּֽר־עַמְּךָ֥ בְלֹא־ה֑וֹן{{ר1}}וְלֹֽא־רִ֝בִּ֗יתָ בִּמְחִירֵיהֶֽם׃
ספר תהלים/מד	יד	{{ר4}}	{{מ:פסוק|תהלים|מד|יד}}	תְּשִׂימֵ֣נוּ חֶ֭רְפָּה לִשְׁכֵנֵ֑ינוּ{{ר1}}לַ֥עַג וָ֝קֶ֗לֶס לִסְבִיבוֹתֵֽינוּ׃
ספר תהלים/מד	טו	{{ר4}}	{{מ:פסוק|תהלים|מד|טו}}	תְּשִׂימֵ֣נוּ מָ֭שָׁל בַּגּוֹיִ֑ם{{ר1}}{{נוסח|מְנֽוֹד־רֹ֝֗אשׁ|א=מְנֽוֹד־רֹ֝אשׁ}} בַּלְאֻמִּֽים׃
ספר תהלים/מד	טז	{{ר4}}	{{מ:פסוק|תהלים|מד|טז}}	כׇּל־הַ֭יּוֹם כְּלִמָּתִ֣י נֶגְדִּ֑י{{ר1}}וּבֹ֖שֶׁת פָּנַ֣י כִּסָּֽתְנִי׃
ספר תהלים/מד	יז	{{ר4}}	{{מ:פסוק|תהלים|מד|יז}}	מִ֭קּוֹל מְחָרֵ֣ף וּמְגַדֵּ֑ף{{ר1}}מִפְּנֵ֥י א֝וֹיֵ֗ב וּמִתְנַקֵּֽם׃
ספר תהלים/מד	יח	{{ר4}}	{{מ:פסוק|תהלים|מד|יח}}	כׇּל־זֹ֣את בָּ֭אַתְנוּ וְלֹ֣א שְׁכַחֲנ֑וּךָ{{ר1}}וְלֹֽא־שִׁ֝קַּ֗רְנוּ בִּבְרִיתֶֽךָ׃
ספר תהלים/מד	יט	{{ר4}}	{{מ:פסוק|תהלים|מד|יט}}	לֹא־נָס֣וֹג אָח֣וֹר לִבֵּ֑נוּ{{ר1}}וַתֵּ֥ט אֲשֻׁרֵ֗ינוּ מִנִּ֥י אׇרְחֶֽךָ׃
ספר תהלים/מד	כ	{{ר4}}	{{מ:פסוק|תהלים|מד|כ}}	כִּ֣י דִ֭כִּיתָנוּ בִּמְק֣וֹם תַּנִּ֑ים{{ר1}}וַתְּכַ֖ס עָלֵ֣ינוּ בְצַלְמָֽוֶת׃
ספר תהלים/מד	כא	{{ר4}}	{{מ:פסוק|תהלים|מד|כא}}	אִם־שָׁ֭כַחְנוּ שֵׁ֣ם אֱלֹהֵ֑ינוּ{{ר1}}וַנִּפְרֹ֥שׂ כַּ֝פֵּ֗ינוּ לְאֵ֣ל זָֽר׃
ספר תהלים/מד	כב	{{ר4}}	{{מ:פסוק|תהלים|מד|כב}}	הֲלֹ֣א אֱ֭לֹהִים יַחֲקׇר־זֹ֑את{{ר1}}כִּי־ה֥וּא יֹ֝דֵ֗עַ תַּעֲלֻמ֥וֹת לֵֽב׃
ספר תהלים/מד	כג	{{ר4}}	{{מ:פסוק|תהלים|מד|כג}}	כִּֽי־עָ֭לֶיךָ הֹרַ֣גְנוּ כׇל־הַיּ֑וֹם{{ר1}}נֶ֝חְשַׁ֗בְנוּ כְּצֹ֣אן טִבְחָֽה׃
ספר תהלים/מד	כד	{{ר4}}	{{מ:פסוק|תהלים|מד|כד}}	ע֤וּרָה{{מ:לגרמיה}}לָ֖מָּה תִישַׁ֥ן{{מ:לגרמיה}}אֲדֹנָ֑י{{ר1}}הָ֝קִ֗יצָה אַל־תִּזְנַ֥ח לָנֶֽצַח׃
ספר תהלים/מד	כה	{{ר4}}	{{מ:פסוק|תהלים|מד|כה}}	לָֽמָּה־פָנֶ֥יךָ תַסְתִּ֑יר{{ר1}}תִּשְׁכַּ֖ח עׇנְיֵ֣נוּ וְֽלַחֲצֵֽנוּ׃
ספר תהלים/מד	כו	{{ר4}}	{{מ:פסוק|תהלים|מד|כו}}	כִּ֤י שָׁ֣חָה לֶעָפָ֣ר נַפְשֵׁ֑נוּ{{ר1}}דָּבְקָ֖ה לָאָ֣רֶץ בִּטְנֵֽנוּ׃
ספר תהלים/מד	כז	{{ר4}}	{{מ:פסוק|תהלים|מד|כז}}	"{{נוסח|ק֭וּמָֽה|=א?ל ובדפוסים (בדחי וגעיה, וכן הכריעו במג""ה)|א?=ק֭וּמָ֥ה (הקו קצת נטוי כמרכא, וכן הכריע ברויאר בשתי מהדורותיו האחרונות ועל פיו במכון ממרא)}} עֶזְרָ֣תָה לָּ֑נוּ{{ר1}}וּ֝פְדֵ֗נוּ לְמַ֣עַן חַסְדֶּֽךָ׃"
ספר תהלים/מד	תתת	<noinclude>//{{תבנית:משתמש:Dovi/טעמי המקרא-סוף}}//{{מ:שוליים-סוף}}//==הפרק בלי מספרים==//{{תבנית:משתמש:Dovi/טעמי המקרא}}//{{#בלי קטע:{{שם הדף המלא}}|סימן}}//{{תבנית:משתמש:Dovi/טעמי המקרא-סוף}}</noinclude>		
ספר תהלים/מה	0	<noinclude>{{תבנית:טעמי המקרא באינטרנט}}//{{מ:שוליים|5}}//{{תבנית:משתמש:Dovi/טעמי המקרא}}//</noinclude>		
ספר תהלים/מה	א	{{פפ}}//	{{מ:פסוק|תהלים|מה|א}}	לַמְנַצֵּ֣חַ עַל־שֹׁ֭שַׁנִּים{{נוסח|{{ר1}}|פרשה סתומה}}לִבְנֵי־קֹ֑רַח{{ר2}}מַ֝שְׂכִּ֗יל שִׁ֣יר יְדִידֹֽת׃
ספר תהלים/מה	ב	{{ר4}}	{{מ:פסוק|תהלים|מה|ב}}	רָ֘חַ֤שׁ לִבִּ֨י{{מ:לגרמיה}}דָּ֘בָ֤ר ט֗וֹב{{ר1}}אֹמֵ֣ר אָ֭נִי מַעֲשַׂ֣י לְמֶ֑לֶךְ{{ר2}}לְ֝שׁוֹנִ֗י{{ר0}}עֵ֤ט{{מ:לגרמיה}}סוֹפֵ֬ר מָהִֽיר׃
ספר תהלים/מה	ג	{{ר4}}	{{מ:פסוק|תהלים|מה|ג}}	"{{נוסח|יׇפְיָפִ֡יתָ|לגבי הקמץ הקטן ביו""ד ראו ויינברג 3.6.8.7, שנשאר בספק לגבי תיבה זו. הכרענו לפי המסורת הספרדית שבה הקמץ קטן, וכך בסימנים.}}{{ר0}}מִבְּנֵ֬י אָדָ֗ם{{ר1}}ה֣וּצַק חֵ֭ן בְּשִׂפְתוֹתֶ֑יךָ{{ר2}}עַל־כֵּ֤ן בֵּֽרַכְךָ֖ אֱלֹהִ֣ים לְעוֹלָֽם׃"
ספר תהלים/מה	ד	{{ר4}}	{{מ:פסוק|תהלים|מה|ד}}	חֲגֽוֹר־חַרְבְּךָ֣ עַל־יָרֵ֣ךְ גִּבּ֑וֹר{{ר1}}ה֝וֹדְךָ֗ וַהֲדָרֶֽךָ׃
ספר תהלים/מה	ה	{{ר4}}	{{מ:פסוק|תהלים|מה|ה}}	וַהֲדָ֬רְךָ֨{{מ:לגרמיה}}צְלַ֬ח רְכַ֗ב{{ר1}}עַֽל־דְּבַר־אֱ֭מֶת{{ר0}}וְעַנְוָה־צֶ֑דֶק{{ר2}}וְתוֹרְךָ֖ נוֹרָא֣וֹת יְמִינֶֽךָ׃
ספר תהלים/מה	ו	{{ר4}}	{{מ:פסוק|תהלים|מה|ו}}	חִצֶּ֗יךָ שְׁנ֫וּנִ֥ים{{ר1}}עַ֭מִּים תַּחְתֶּ֣יךָ יִפְּל֑וּ{{ר2}}בְּ֝לֵ֗ב{{ר0}}אוֹיְבֵ֥י הַמֶּֽלֶךְ׃
ספר תהלים/מה	ז	{{ר4}}	{{מ:פסוק|תהלים|מה|ז}}	כִּסְאֲךָ֣ אֱ֭לֹהִים עוֹלָ֣ם וָעֶ֑ד{{ר1}}שֵׁ֥בֶט מִ֝ישֹׁ֗ר שֵׁ֣בֶט מַלְכוּתֶֽךָ׃
ספר תהלים/מה	ח	{{ר4}}	{{מ:פסוק|תהלים|מה|ח}}	אָהַ֣בְתָּ צֶּדֶק֮ וַתִּשְׂנָ֫א{{מ:מקף אפור}}רֶ֥שַׁע{{ר1}}עַל־כֵּ֤ן{{מ:לגרמיה}}מְשָׁחֲךָ֡{{ר2}}אֱלֹהִ֣ים אֱ֭לֹהֶיךָ שֶׁ֥מֶן שָׂשׂ֗וֹן{{ר2}}מֵחֲבֵרֶֽךָ׃
ספר תהלים/מה	ט	{{ר4}}	{{מ:פסוק|תהלים|מה|ט}}	מֹר־וַאֲהָל֣וֹת קְ֭צִיעוֹת כׇּל־בִּגְדֹתֶ֑יךָ{{ר1}}מִֽן־הֵ֥יכְלֵי {{נוסח|שֵׁ֝֗ן|א=שֵׁ֝ן}} מִנִּ֥י שִׂמְּחֽוּךָ׃
ספר תהלים/מה	י	{{ר4}}	{{מ:פסוק|תהלים|מה|י}}	בְּנ֣וֹת מְ֭לָכִים בְּיִקְּרוֹתֶ֑יךָ{{ר1}}נִצְּבָ֥ה שֵׁגַ֥ל לִ֝ימִינְךָ֗ בְּכֶ֣תֶם אוֹפִֽיר׃
ספר תהלים/מה	יא	{{ר4}}	{{מ:פסוק|תהלים|מה|יא}}	שִׁמְעִי־בַ֣ת וּ֭רְאִי וְהַטִּ֣י אׇזְנֵ֑ךְ{{ר1}}וְשִׁכְחִ֥י עַ֝מֵּ֗ךְ וּבֵ֥ית אָבִֽיךְ׃
ספר תהלים/מה	יב	{{ר4}}	{{מ:פסוק|תהלים|מה|יב}}	וְיִתְאָ֣ו הַמֶּ֣לֶךְ יׇפְיֵ֑ךְ{{ר1}}כִּי־ה֥וּא אֲ֝דֹנַ֗יִךְ וְהִשְׁתַּֽחֲוִי־לֽוֹ׃
ספר תהלים/מה	יג	{{ר4}}	{{מ:פסוק|תהלים|מה|יג}}	וּבַֽת־צֹ֨ר{{מ:לגרמיה}}{{ר1}}בְּ֭מִנְחָה{{ר0}}פָּנַ֥יִךְ יְחַלּ֗וּ{{ר1}}עֲשִׁ֣ירֵי עָֽם׃
ספר תהלים/מה	יד	{{ר4}}	{{מ:פסוק|תהלים|מה|יד}}	כׇּל־כְּבוּדָּ֣ה בַת־מֶ֣לֶךְ פְּנִ֑ימָה{{ר1}}מִֽמִּשְׁבְּצ֖וֹת זָהָ֣ב לְבוּשָֽׁהּ׃
ספר תהלים/מה	טו	{{ר4}}	{{מ:פסוק|תהלים|מה|טו}}	לִרְקָמוֹת֮{{ר0}}תּוּבַ{{אתנח הפוך}}ל לַ֫מֶּ֥לֶךְ{{ר1}}בְּתוּל֣וֹת אַ֭חֲרֶיהָ רֵעוֹתֶ֑יהָ{{ר1}}מ֖וּבָא֣וֹת לָֽךְ׃
ספר תהלים/מה	טז	{{ר4}}	{{מ:פסוק|תהלים|מה|טז}}	תּ֭וּבַלְנָה בִּשְׂמָחֹ֣ת וָגִ֑יל{{ר1}}תְּ֝בֹאֶ֗ינָה בְּהֵ֣יכַל מֶֽלֶךְ׃
ספר תהלים/מה	יז	{{ר4}}	{{מ:פסוק|תהלים|מה|יז}}	תַּ֣חַת אֲ֭בֹתֶיךָ יִהְי֣וּ בָנֶ֑יךָ{{ר1}}תְּשִׁיתֵ֥מוֹ לְ֝שָׂרִ֗ים בְּכׇל־הָאָֽרֶץ׃
ספר תהלים/מה	יח	{{ר4}}	{{מ:פסוק|תהלים|מה|יח}}	אַזְכִּ֣ירָה שִׁ֭מְךָ בְּכׇל־דֹּ֣ר וָדֹ֑ר{{ר1}}עַל־כֵּ֥ן עַמִּ֥ים יְ֝הוֹדוּ֗ךָ לְעֹלָ֥ם וָעֶֽד׃
ספר תהלים/מה	תתת	<noinclude>//{{תבנית:משתמש:Dovi/טעמי המקרא-סוף}}//{{מ:שוליים-סוף}}//==הפרק בלי מספרים==//{{תבנית:משתמש:Dovi/טעמי המקרא}}//{{#בלי קטע:{{שם הדף המלא}}|סימן}}//{{תבנית:משתמש:Dovi/טעמי המקרא-סוף}}</noinclude>		
ספר תהלים/מו	0	<noinclude>{{תבנית:טעמי המקרא באינטרנט}}//{{מ:שוליים|5}}//{{תבנית:משתמש:Dovi/טעמי המקרא}}//</noinclude>		
ספר תהלים/מו	א	{{פפ}}//	{{מ:פסוק|תהלים|מו|א}}	לַמְנַצֵּ֥חַ לִבְנֵי־קֹ֑רַח{{נוסח|{{ר1}}|פרשה סתומה}}עַֽל־עֲלָמ֥וֹת שִֽׁיר׃
ספר תהלים/מו	ב	{{ר4}}	{{מ:פסוק|תהלים|מו|ב}}	אֱלֹהִ֣ים לָ֭נוּ מַחֲסֶ֣ה וָעֹ֑ז{{ר1}}עֶזְרָ֥ה בְ֝צָר֗וֹת נִמְצָ֥א מְאֹֽד׃
ספר תהלים/מו	ג	{{ר4}}	{{מ:פסוק|תהלים|מו|ג}}	עַל־כֵּ֣ן לֹֽא־נִ֭ירָא בְּהָמִ֣יר אָ֑רֶץ{{ר1}}וּבְמ֥וֹט הָ֝רִ֗ים בְּלֵ֣ב יַמִּֽים׃
ספר תהלים/מו	ד	{{ר4}}	{{מ:פסוק|תהלים|מו|ד}}	יֶהֱמ֣וּ יֶחְמְר֣וּ מֵימָ֑יו{{ר1}}יִ֥רְעֲשֽׁוּ הָרִ֖ים בְּגַאֲוָת֣וֹ סֶֽלָה׃
ספר תהלים/מו	ה	{{ר4}}	{{מ:פסוק|תהלים|מו|ה}}	נָהָ֗ר פְּלָגָ֗יו יְשַׂמְּח֥וּ עִיר־אֱלֹהִ֑ים{{ר1}}קְ֝דֹ֗שׁ מִשְׁכְּנֵ֥י עֶלְיֽוֹן׃
ספר תהלים/מו	ו	{{ר4}}	{{מ:פסוק|תהלים|מו|ו}}	אֱלֹהִ֣ים בְּ֭קִרְבָּהּ בַּל־תִּמּ֑וֹט{{ר1}}יַעְזְרֶ֥הָ אֱ֝לֹהִ֗ים לִפְנ֥וֹת בֹּֽקֶר׃
ספר תהלים/מו	ז	{{ר4}}	{{מ:פסוק|תהלים|מו|ז}}	הָמ֣וּ ג֭וֹיִם מָ֣טוּ מַמְלָכ֑וֹת{{ר1}}נָתַ֥ן בְּ֝קוֹל֗וֹ תָּמ֥וּג אָֽרֶץ׃
ספר תהלים/מו	ח	{{ר4}}	{{מ:פסוק|תהלים|מו|ח}}	יְהֹוָ֣ה צְבָא֣וֹת עִמָּ֑נוּ{{ר1}}מִשְׂגָּֽב־לָ֨נוּ אֱלֹהֵ֖י יַֽעֲקֹ֣ב סֶֽלָה׃
ספר תהלים/מו	ט	{{ר4}}	{{מ:פסוק|תהלים|מו|ט}}	לְֽכוּ־חֲ֭זוּ מִפְעֲל֣וֹת יְהֹוָ֑ה{{ר1}}אֲשֶׁר־שָׂ֖ם שַׁמּ֣וֹת בָּאָֽרֶץ׃
ספר תהלים/מו	י	{{ר4}}	{{מ:פסוק|תהלים|מו|י}}	מַשְׁבִּ֥ית מִלְחָמוֹת֮{{ר0}}עַד־קְצֵ{{אתנח הפוך}}ה הָ֫אָ֥רֶץ{{ר1}}קֶ֣שֶׁת יְ֭שַׁבֵּר וְקִצֵּ֣ץ חֲנִ֑ית{{ר2}}עֲ֝גָל֗וֹת יִשְׂרֹ֥ף בָּאֵֽשׁ׃
ספר תהלים/מו	יא	{{ר4}}	{{מ:פסוק|תהלים|מו|יא}}	הַרְפּ֣וּ וּ֭דְעוּ כִּֽי־אָנֹכִ֣י אֱלֹהִ֑ים{{ר1}}אָר֥וּם בַּ֝גּוֹיִ֗ם אָר֥וּם בָּאָֽרֶץ׃
ספר תהלים/מו	יב	{{ר4}}	{{מ:פסוק|תהלים|מו|יב}}	יְהֹוָ֣ה צְבָא֣וֹת עִמָּ֑נוּ{{ר1}}מִשְׂגָּֽב־לָ֨נוּ אֱלֹהֵ֖י יַעֲקֹ֣ב סֶֽלָה׃
ספר תהלים/מו	תתת	<noinclude>//{{תבנית:משתמש:Dovi/טעמי המקרא-סוף}}//{{מ:שוליים-סוף}}//==הפרק בלי מספרים==//{{תבנית:משתמש:Dovi/טעמי המקרא}}//{{#בלי קטע:{{שם הדף המלא}}|סימן}}//{{תבנית:משתמש:Dovi/טעמי המקרא-סוף}}</noinclude>		
ספר תהלים/מז	0	<noinclude>{{תבנית:טעמי המקרא באינטרנט}}//{{מ:שוליים|5}}//{{תבנית:משתמש:Dovi/טעמי המקרא}}//</noinclude>		
ספר תהלים/מז	א	{{פפ}}//	{{מ:פסוק|תהלים|מז|א}}	לַמְנַצֵּ֬חַ{{מ:פסק}}לִבְנֵי־קֹ֬רַח מִזְמֽוֹר׃
ספר תהלים/מז	ב	{{נוסח|{{ר4}}|פרשה פתוחה}}	{{מ:פסוק|תהלים|מז|ב}}	כׇּֽל־הָ֭עַמִּים תִּקְעוּ־כָ֑ף{{ר1}}הָרִ֥יעוּ לֵ֝אלֹהִ֗ים בְּק֣וֹל רִנָּֽה׃
ספר תהלים/מז	ג	{{ר4}}	{{מ:פסוק|תהלים|מז|ג}}	כִּֽי־יְהֹוָ֣ה עֶלְי֣וֹן נוֹרָ֑א{{ר1}}מֶ֥לֶךְ גָּ֝ד֗וֹל עַל־כׇּל־הָאָֽרֶץ׃
ספר תהלים/מז	ד	{{ר4}}	{{מ:פסוק|תהלים|מז|ד}}	יַדְבֵּ֣ר עַמִּ֣ים תַּחְתֵּ֑ינוּ{{ר1}}וּ֝לְאֻמִּ֗ים תַּ֣חַת רַגְלֵֽינוּ׃
ספר תהלים/מז	ה	{{ר4}}	{{מ:פסוק|תהלים|מז|ה}}	יִבְחַר־לָ֥נוּ אֶת־נַחֲלָתֵ֑נוּ{{ר1}}אֶ֥ת{{מ:מקף אפור}}גְּא֨וֹן יַעֲקֹ֖ב אֲשֶׁר־אָהֵ֣ב סֶֽלָה׃
ספר תהלים/מז	ו	{{ר4}}	{{מ:פסוק|תהלים|מז|ו}}	עָלָ֣ה אֱ֭לֹהִים בִּתְרוּעָ֑ה{{ר1}}יְ֝הֹוָ֗ה בְּק֣וֹל שׁוֹפָֽר׃
ספר תהלים/מז	ז	{{ר4}}	{{מ:פסוק|תהלים|מז|ז}}	זַמְּר֣וּ אֱלֹהִ֣ים זַמֵּ֑רוּ{{ר1}}זַמְּר֖וּ לְמַלְכֵּ֣נוּ זַמֵּֽרוּ׃
ספר תהלים/מז	ח	{{ר4}}	{{מ:פסוק|תהלים|מז|ח}}	כִּ֤י מֶ֖לֶךְ כׇּל־הָאָ֥רֶץ אֱלֹהִ֗ים{{ר1}}זַמְּר֥וּ מַשְׂכִּֽיל׃
ספר תהלים/מז	ט	{{ר4}}	{{מ:פסוק|תהלים|מז|ט}}	מָלַ֣ךְ אֱ֭לֹהִים עַל־גּוֹיִ֑ם{{ר1}}אֱ֝לֹהִ֗ים יָשַׁ֤ב{{מ:לגרמיה}}עַל־כִּסֵּ֬א קׇדְשֽׁוֹ׃
ספר תהלים/מז	י	{{ר4}}	{{מ:פסוק|תהלים|מז|י}}	נְדִ֘יבֵ֤י עַמִּ֨ים{{מ:לגרמיה}}נֶאֱסָ֗פוּ{{ר1}}עַם֮ אֱלֹהֵ{{אתנח הפוך}}י אַבְרָ֫הָ֥ם{{ר2}}כִּ֣י לֵ֭אלֹהִים מָֽגִנֵּי־אֶ֗רֶץ{{ר2}}מְאֹ֣ד נַֽעֲלָֽה׃
ספר תהלים/מז	תתת	<noinclude>//{{תבנית:משתמש:Dovi/טעמי המקרא-סוף}}//{{מ:שוליים-סוף}}//==הפרק בלי מספרים==//{{תבנית:משתמש:Dovi/טעמי המקרא}}//{{#בלי קטע:{{שם הדף המלא}}|סימן}}//{{תבנית:משתמש:Dovi/טעמי המקרא-סוף}}</noinclude>		
ספר תהלים/מח	0	<noinclude>{{תבנית:טעמי המקרא באינטרנט}}//{{מ:שוליים|5}}//{{תבנית:משתמש:Dovi/טעמי המקרא}}//</noinclude>		
ספר תהלים/מח	א	{{פפ}}//	{{מ:פסוק|תהלים|מח|א}}	שִׁ֥יר מִ֝זְמ֗וֹר לִבְנֵי־קֹֽרַח׃
ספר תהלים/מח	ב	{{נוסח|{{ר4}}|פרשה פתוחה}}	{{מ:פסוק|תהלים|מח|ב}}	גָּ֘ד֤וֹל יְהֹוָ֣ה וּמְהֻלָּ֣ל מְאֹ֑ד{{ר1}}בְּעִ֥יר אֱ֝לֹהֵ֗ינוּ הַר־קׇדְשֽׁוֹ׃
ספר תהלים/מח	ג	{{ר4}}	{{מ:פסוק|תהלים|מח|ג}}	יְפֵ֥ה נוֹף֮{{ר0}}מְשׂ{{אתנח הפוך}}וֹשׂ כׇּל־הָ֫אָ֥רֶץ{{ר1}}הַר־צִ֭יּוֹן יַרְכְּתֵ֣י צָפ֑וֹן{{ר2}}קִ֝רְיַ֗ת מֶ֣לֶךְ רָֽב׃
ספר תהלים/מח	ד	{{ר4}}	{{מ:פסוק|תהלים|מח|ד}}	אֱלֹהִ֥ים בְּאַרְמְנוֹתֶ֗יהָ{{ר1}}נוֹדַ֥ע לְמִשְׂגָּֽב׃
ספר תהלים/מח	ה	{{ר4}}	{{מ:פסוק|תהלים|מח|ה}}	כִּֽי־הִנֵּ֣ה הַ֭מְּלָכִים נ֥וֹעֲד֑וּ{{ר1}}עָבְר֥וּ יַחְדָּֽו׃
ספר תהלים/מח	ו	{{ר4}}	{{מ:פסוק|תהלים|מח|ו}}	הֵ֣מָּה רָ֭אוּ כֵּ֣ן תָּמָ֑הוּ{{ר1}}נִבְהֲל֥וּ נֶחְפָּֽזוּ׃
ספר תהלים/מח	ז	{{ר4}}	{{מ:פסוק|תהלים|מח|ז}}	רְ֭עָדָה אֲחָזָ֣תַם שָׁ֑ם{{ר1}}{{נוסח|חִ֝֗יל|א=חִ֝יל}} כַּיּוֹלֵדָֽה׃
ספר תהלים/מח	ח	{{ר4}}	{{מ:פסוק|תהלים|מח|ח}}	בְּר֥וּחַ קָדִ֑ים{{ר1}}תְּ֝שַׁבֵּ֗ר אֳנִיּ֥וֹת תַּרְשִֽׁישׁ׃
ספר תהלים/מח	ט	{{ר4}}	{{מ:פסוק|תהלים|מח|ט}}	כַּאֲשֶׁ֤ר שָׁמַ֨עְנוּ{{מ:לגרמיה}}כֵּ֤ן רָאִ֗ינוּ{{ר1}}בְּעִיר־יְהֹוָ֣ה צְ֭בָאוֹת{{ר0}}בְּעִ֣יר אֱלֹהֵ֑ינוּ{{ר2}}אֱלֹ֘הִ֤ים יְכוֹנְנֶ֖הָ עַד־עוֹלָ֣ם סֶֽלָה׃
ספר תהלים/מח	י	{{ר4}}	{{מ:פסוק|תהלים|מח|י}}	דִּמִּ֣ינוּ אֱלֹהִ֣ים חַסְדֶּ֑ךָ{{ר1}}בְּ֝קֶ֗רֶב הֵיכָלֶֽךָ׃
ספר תהלים/מח	יא	{{ר4}}	{{מ:פסוק|תהלים|מח|יא}}	כְּשִׁמְךָ֤ אֱלֹהִ֗ים{{ר1}}כֵּ֣ן תְּ֭הִלָּתְךָ{{ר0}}עַל־קַצְוֵי־אֶ֑רֶץ{{ר2}}{{נוסח|צֶ֝֗דֶק|א=צֶ֝דֶק}} מָלְאָ֥ה יְמִינֶֽךָ׃
ספר תהלים/מח	יב	{{ר4}}	{{מ:פסוק|תהלים|מח|יב}}	יִשְׂמַ֤ח{{מ:לגרמיה}}הַר־צִיּ֗וֹן{{ר1}}תָּ֭גֵלְנָה בְּנ֣וֹת יְהוּדָ֑ה{{ר1}}לְ֝מַ֗עַן{{ר0}}מִשְׁפָּטֶֽיךָ׃
ספר תהלים/מח	יג	{{ר4}}	{{מ:פסוק|תהלים|מח|יג}}	סֹ֣בּוּ צִ֭יּוֹן וְהַקִּיפ֑וּהָ{{ר1}}סִ֝פְר֗וּ מִגְדָּלֶֽיהָ׃
ספר תהלים/מח	יד	{{ר4}}	{{מ:פסוק|תהלים|מח|יד}}	שִׁ֤יתוּ לִבְּכֶ֨ם{{מ:לגרמיה}}לְֽחֵילָ֗ה{{ר1}}פַּסְּג֥וּ אַרְמְנוֹתֶ֑יהָ{{ר2}}לְמַ֥עַן תְּ֝סַפְּר֗וּ{{ר0}}לְד֣וֹר אַֽחֲרֽוֹן׃
ספר תהלים/מח	טו	{{ר4}}	{{מ:פסוק|תהלים|מח|טו}}	כִּ֤י זֶ֨ה{{מ:לגרמיה}}אֱלֹהִ֣ים אֱ֭לֹהֵינוּ עוֹלָ֣ם וָעֶ֑ד{{ר1}}ה֖וּא יְנַהֲגֵ֣נוּ עַל־מֽוּת׃
ספר תהלים/מח	תתת	<noinclude>//{{תבנית:משתמש:Dovi/טעמי המקרא-סוף}}//{{מ:שוליים-סוף}}//==הפרק בלי מספרים==//{{תבנית:משתמש:Dovi/טעמי המקרא}}//{{#בלי קטע:{{שם הדף המלא}}|סימן}}//{{תבנית:משתמש:Dovi/טעמי המקרא-סוף}}</noinclude>		
ספר תהלים/מט	0	<noinclude>{{תבנית:טעמי המקרא באינטרנט}}//{{מ:שוליים|5}}//{{תבנית:משתמש:Dovi/טעמי המקרא}}//</noinclude>		
ספר תהלים/מט	א	{{פפ}}//	{{מ:פסוק|תהלים|מט|א}}	לַמְנַצֵּ֬חַ{{מ:פסק}}לִבְנֵי־קֹ֬רַח מִזְמֽוֹר׃
ספר תהלים/מט	ב	{{נוסח|{{ר4}}|פרשה פתוחה}}	{{מ:פסוק|תהלים|מט|ב}}	שִׁמְעוּ־זֹ֭את כׇּל־הָעַמִּ֑ים{{ר1}}הַ֝אֲזִ֗ינוּ כׇּל־יֹ֥שְׁבֵי חָֽלֶד׃
ספר תהלים/מט	ג	{{ר4}}	{{מ:פסוק|תהלים|מט|ג}}	גַּם־בְּנֵ֣י אָ֭דָם גַּם־בְּנֵי־אִ֑ישׁ{{ר1}}{{נוסח|יַ֝֗חַד|א=יַ֝חַד}} עָשִׁ֥יר וְאֶבְיֽוֹן׃
ספר תהלים/מט	ד	{{ר4}}	{{מ:פסוק|תהלים|מט|ד}}	פִּ֭י יְדַבֵּ֣ר חׇכְמ֑וֹת{{ר1}}וְהָג֖וּת לִבִּ֣י תְבוּנֽוֹת׃
ספר תהלים/מט	ה	{{ר4}}	{{מ:פסוק|תהלים|מט|ה}}	אַטֶּ֣ה לְמָשָׁ֣ל אׇזְנִ֑י{{ר1}}אֶפְתַּ֥ח בְּ֝כִנּ֗וֹר חִידָתִֽי׃
ספר תהלים/מט	ו	{{ר4}}	{{מ:פסוק|תהלים|מט|ו}}	לָ֣מָּה אִ֭ירָא בִּ֣ימֵי רָ֑ע{{ר1}}עֲוֺ֖ן עֲקֵבַ֣י יְסוּבֵּֽנִי׃
ספר תהלים/מט	ז	{{ר4}}	{{מ:פסוק|תהלים|מט|ז}}	הַבֹּטְחִ֥ים עַל־חֵילָ֑ם{{ר1}}וּבְרֹ֥ב עׇ֝שְׁרָ֗ם יִתְהַלָּֽלוּ׃
ספר תהלים/מט	ח	{{ר4}}	{{מ:פסוק|תהלים|מט|ח}}	אָ֗ח לֹא־פָדֹ֣ה יִפְדֶּ֣ה אִ֑ישׁ{{ר1}}לֹא־יִתֵּ֖ן לֵאלֹהִ֣ים כׇּפְרֽוֹ׃
ספר תהלים/מט	ט	{{ר4}}	{{מ:פסוק|תהלים|מט|ט}}	וְ֭יֵקַר פִּדְי֥וֹן נַפְשָׁ֗ם{{ר1}}וְחָדַ֥ל לְעוֹלָֽם׃
ספר תהלים/מט	י	{{ר4}}	{{מ:פסוק|תהלים|מט|י}}	וִיחִי־ע֥וֹד לָנֶ֑צַח{{ר1}}לֹ֖א יִרְאֶ֣ה הַשָּֽׁחַת׃
ספר תהלים/מט	יא	{{ר4}}	{{מ:פסוק|תהלים|מט|יא}}	כִּ֤י יִרְאֶ֨ה{{מ:לגרמיה}}{{ר0|רווח=לא}}חֲכָ֘מִ֤ים יָמ֗וּתוּ{{ר1}}יַ֤חַד כְּסִ֣יל וָבַ֣עַר יֹאבֵ֑דוּ{{ר2}}וְעָזְב֖וּ לַאֲחֵרִ֣ים חֵילָֽם׃
ספר תהלים/מט	יב	{{ר4}}	{{מ:פסוק|תהלים|מט|יב}}	קִרְבָּ֤ם בָּתֵּ֨ימוֹ{{מ:לגרמיה}}לְֽעוֹלָ֗ם{{ר1}}מִ֭שְׁכְּנֹתָם לְד֣וֹר וָדֹ֑ר{{ר2}}קָרְא֥וּ בִ֝שְׁמוֹתָ֗ם{{ר0}}עֲלֵ֣י אֲדָמֽוֹת׃
ספר תהלים/מט	יג	{{ר4}}	{{מ:פסוק|תהלים|מט|יג}}	וְאָדָ֣ם בִּ֭יקָר בַּל־יָלִ֑ין{{ר1}}נִמְשַׁ֖ל כַּבְּהֵמ֣וֹת נִדְמֽוּ׃
ספר תהלים/מט	יד	{{ר4}}	{{מ:פסוק|תהלים|מט|יד}}	זֶ֣ה דַ֭רְכָּם כֵּ֣סֶל לָ֑מוֹ{{ר1}}וְאַחֲרֵיהֶ֓ם{{מ:לגרמיה}}בְּפִיהֶ֖ם יִרְצ֣וּ סֶֽלָה׃
ספר תהלים/מט	טו	{{ר4}}	{{מ:פסוק|תהלים|מט|טו}}	"כַּצֹּ֤אן{{מ:לגרמיה}}לִ֥שְׁא֣וֹל שַׁתּוּ֮{{ר0}}מָ֤וֶת יִ֫רְעֵ֥ם{{ר1}}וַיִּרְדּ֘וּ בָ֤ם יְשָׁרִ֨ים{{מ:לגרמיה}}לַבֹּ֗קֶר{{ר2}}{{כו""ק|וצירם|וְ֭צוּרָם}} לְבַלּ֥וֹת שְׁא֗וֹל{{ר2}}מִזְּבֻ֥ל לֽוֹ׃"
ספר תהלים/מט	טז	{{ר4}}	{{מ:פסוק|תהלים|מט|טז}}	אַךְ־אֱלֹהִ֗ים יִפְדֶּ֣ה נַ֭פְשִׁי מִֽיַּד־שְׁא֑וֹל{{ר1}}כִּ֖י יִקָּחֵ֣נִי סֶֽלָה׃
ספר תהלים/מט	יז	{{ר4}}	{{מ:פסוק|תהלים|מט|יז}}	אַל־תִּ֭ירָא כִּֽי־יַעֲשִׁ֣ר אִ֑ישׁ{{ר1}}כִּי־יִ֝רְבֶּ֗ה כְּב֣וֹד בֵּיתֽוֹ׃
ספר תהלים/מט	יח	{{ר4}}	{{מ:פסוק|תהלים|מט|יח}}	כִּ֤י לֹ֣א בְ֭מוֹתוֹ יִקַּ֣ח הַכֹּ֑ל{{ר1}}לֹֽא־יֵרֵ֖ד אַחֲרָ֣יו כְּבוֹדֽוֹ׃
ספר תהלים/מט	יט	{{ר4}}	{{מ:פסוק|תהלים|מט|יט|סדר=ז}}	כִּֽי־נַ֭פְשׁוֹ בְּחַיָּ֣יו יְבָרֵ֑ךְ{{ר1}}וְ֝יוֹדֻ֗ךָ כִּי־תֵיטִ֥יב לָֽךְ׃
ספר תהלים/מט	כ	{{ר4}}	{{מ:פסוק|תהלים|מט|כ}}	תָּ֭בוֹא עַד־דּ֣וֹר אֲבוֹתָ֑יו{{ר1}}{{נוסח|עַד־נֵ֝֗צַח|א=עַד־נֵ֝צַח}} לֹ֣א יִרְאוּ־אֽוֹר׃
ספר תהלים/מט	כא	{{ר4}}	{{מ:פסוק|תהלים|מט|כא}}	אָדָ֣ם בִּ֭יקָר וְלֹ֣א יָבִ֑ין{{ר1}}נִמְשַׁ֖ל כַּבְּהֵמ֣וֹת נִדְמֽוּ׃
ספר תהלים/מט	תתת	<noinclude>//{{תבנית:משתמש:Dovi/טעמי המקרא-סוף}}//{{מ:שוליים-סוף}}//==הפרק בלי מספרים==//{{תבנית:משתמש:Dovi/טעמי המקרא}}//{{#בלי קטע:{{שם הדף המלא}}|סימן}}//{{תבנית:משתמש:Dovi/טעמי המקרא-סוף}}</noinclude>		
ספר תהלים/נ	0	<noinclude>{{תבנית:טעמי המקרא באינטרנט}}//{{מ:שוליים|5}}//{{תבנית:משתמש:Dovi/טעמי המקרא}}//</noinclude>		
ספר תהלים/נ	א	{{פפ}}//	{{מ:פסוק|תהלים|נ|א}}	מִזְמ֗וֹר לְאָ֫סָ֥ף{{נוסח|{{ר3}}|פרשה פתוחה}}אֵ֤ל{{מ:לגרמיה}}אֱֽלֹהִ֡ים יְֽהֹוָ֗ה{{ר1}}דִּבֶּ֥ר וַיִּקְרָא־אָ֑רֶץ{{ר2}}{{נוסח|מִמִּזְרַח־שֶׁ֝֗מֶשׁ|א=מִמִּזְרַח־שֶׁ֝מֶשׁ}}{{ר0}}עַד־מְבֹאֽוֹ׃
ספר תהלים/נ	ב	{{ר4}}	{{מ:פסוק|תהלים|נ|ב}}	מִצִּיּ֥וֹן מִכְלַל־יֹ֗פִי{{ר1}}אֱלֹהִ֥ים הוֹפִֽיעַ׃
ספר תהלים/נ	ג	{{ר4}}	{{מ:פסוק|תהלים|נ|ג}}	יָ֤בֹ֥א אֱלֹהֵ֗ינוּ{{ר0}}וְֽאַל־יֶ֫חֱרַ֥שׁ{{ר1}}אֵשׁ־לְפָנָ֥יו תֹּאכֵ֑ל{{ר2}}וּ֝סְבִיבָ֗יו נִשְׂעֲרָ֥ה מְאֹֽד׃
ספר תהלים/נ	ד	{{ר4}}	{{מ:פסוק|תהלים|נ|ד}}	יִקְרָ֣א אֶל־הַשָּׁמַ֣יִם מֵעָ֑ל{{ר1}}וְאֶל־הָ֝אָ֗רֶץ לָדִ֥ין עַמּֽוֹ׃
ספר תהלים/נ	ה	{{ר4}}	{{מ:פסוק|תהלים|נ|ה}}	אִסְפוּ־לִ֥י חֲסִידָ֑י{{ר1}}כֹּרְתֵ֖י בְרִיתִ֣י עֲלֵי־זָֽבַח׃
ספר תהלים/נ	ו	{{ר4}}	{{מ:פסוק|תהלים|נ|ו}}	וַיַּגִּ֣ידוּ שָׁמַ֣יִם צִדְק֑וֹ{{ר1}}כִּֽי־אֱלֹהִ֓ים{{מ:לגרמיה}}שֹׁפֵ֖ט ה֣וּא סֶֽלָה׃
ספר תהלים/נ	ז	{{ר4}}	{{מ:פסוק|תהלים|נ|ז}}	שִׁמְעָ֤ה עַמִּ֨י{{מ:לגרמיה}}{{ר0|רווח=לא}}וַאֲדַבֵּ֗רָה{{ר1}}יִ֭שְׂרָאֵל וְאָעִ֣ידָה בָּ֑ךְ{{ר2}}אֱלֹהִ֖ים אֱלֹהֶ֣יךָ אָנֹֽכִי׃
ספר תהלים/נ	ח	{{ר4}}	{{מ:פסוק|תהלים|נ|ח}}	לֹ֣א עַל־זְ֭בָחֶיךָ אוֹכִיחֶ֑ךָ{{ר1}}וְעוֹלֹתֶ֖יךָ לְנֶגְדִּ֣י תָמִֽיד׃
ספר תהלים/נ	ט	{{ר4}}	{{מ:פסוק|תהלים|נ|ט}}	לֹא־אֶקַּ֣ח מִבֵּיתְךָ֣ פָ֑ר{{ר1}}מִ֝מִּכְלְאֹתֶ֗יךָ עַתּוּדִֽים׃
ספר תהלים/נ	י	{{ר4}}	{{מ:פסוק|תהלים|נ|י}}	כִּי־לִ֥י כׇל־חַיְתוֹ־יָ֑עַר{{ר1}}בְּ֝הֵמ֗וֹת בְּהַרְרֵי־אָֽלֶף׃
ספר תהלים/נ	יא	{{ר4}}	{{מ:פסוק|תהלים|נ|יא}}	יָ֭דַעְתִּי כׇּל־ע֣וֹף הָרִ֑ים{{ר1}}וְזִ֥יז שָׂ֝דַ֗י עִמָּדִֽי׃
ספר תהלים/נ	יב	{{ר4}}	{{מ:פסוק|תהלים|נ|יב}}	אִם־אֶ֭רְעַב לֹא־אֹ֣מַר לָ֑ךְ{{ר1}}כִּי־לִ֥י תֵ֝בֵ֗ל וּמְלֹאָֽהּ׃
ספר תהלים/נ	יג	{{ר4}}	{{מ:פסוק|תהלים|נ|יג}}	הַ֭אוֹכַל בְּשַׂ֣ר אַבִּירִ֑ים{{ר1}}וְדַ֖ם עַתּוּדִ֣ים אֶשְׁתֶּֽה׃
ספר תהלים/נ	יד	{{ר4}}	{{מ:פסוק|תהלים|נ|יד}}	זְבַ֣ח לֵאלֹהִ֣ים תּוֹדָ֑ה{{ר1}}וְשַׁלֵּ֖ם לְעֶלְי֣וֹן נְדָרֶֽיךָ׃
ספר תהלים/נ	טו	{{ר4}}	{{מ:פסוק|תהלים|נ|טו}}	וּ֭קְרָאֵנִי בְּי֣וֹם צָרָ֑ה{{ר1}}אֲ֝חַלֶּצְךָ֗ וּֽתְכַבְּדֵֽנִי׃
ספר תהלים/נ	טז	{{ר4}}	{{מ:פסוק|תהלים|נ|טז}}	וְלָ֤רָשָׁ֨ע{{מ:לגרמיה}}אָ֘מַ֤ר אֱלֹהִ֗ים{{ר1}}מַה־לְּ֭ךָ{{ר0}}לְסַפֵּ֣ר חֻקָּ֑י{{ר2}}וַתִּשָּׂ֖א בְרִיתִ֣י עֲלֵי־פִֽיךָ׃
ספר תהלים/נ	יז	{{ר4}}	{{מ:פסוק|תהלים|נ|יז}}	וְ֭אַתָּה שָׂנֵ֣אתָ מוּסָ֑ר{{ר1}}וַתַּשְׁלֵ֖ךְ דְּבָרַ֣י אַחֲרֶֽיךָ׃
ספר תהלים/נ	יח	{{ר4}}	{{מ:פסוק|תהלים|נ|יח}}	אִם־רָאִ֣יתָ גַ֭נָּב וַתִּ֣רֶץ עִמּ֑וֹ{{ר1}}וְעִ֖ם מְנָאֲפִ֣ים חֶלְקֶֽךָ׃
ספר תהלים/נ	יט	{{ר4}}	{{מ:פסוק|תהלים|נ|יט}}	פִּ֭יךָ שָׁלַ֣חְתָּ בְרָעָ֑ה{{ר1}}וּ֝לְשׁוֹנְךָ֗ תַּצְמִ֥יד מִרְמָֽה׃
ספר תהלים/נ	כ	{{ר4}}	{{מ:פסוק|תהלים|נ|כ}}	תֵּ֭שֵׁב בְּאָחִ֣יךָ תְדַבֵּ֑ר{{ר1}}בְּבֶֽן־אִ֝מְּךָ֗ תִּתֶּן־דֹּֽפִי׃
ספר תהלים/נ	כא	{{ר4}}	{{מ:פסוק|תהלים|נ|כא}}	אֵ֤לֶּה עָשִׂ֨יתָ{{מ:לגרמיה}}וְֽהֶחֱרַ֗שְׁתִּי{{ר1}}דִּמִּ֗יתָ{{ר0}}הֱיֽוֹת־אֶהְיֶ֥ה כָמ֑וֹךָ{{ר2}}אוֹכִיחֲךָ֖ וְאֶעֶרְכָ֣ה לְעֵינֶֽיךָ׃
ספר תהלים/נ	כב	{{ר4}}	{{מ:פסוק|תהלים|נ|כב}}	בִּינוּ־נָ֣א זֹ֭את שֹׁכְחֵ֣י אֱל֑וֹהַּ{{ר1}}פֶּן־אֶ֝טְרֹ֗ף וְאֵ֣ין מַצִּֽיל׃
ספר תהלים/נ	כג	{{ר4}}	{{מ:פסוק|תהלים|נ|כג}}	"זֹבֵ֥חַ תּוֹדָ֗ה{{ר0}}{{נוסח|יְֽכַ֫בְּדָ֥נְנִי|=ל ובדפוסים (וכן הכריעו ברויאר ומג""ה)|א=יְֽכַ֫בְּ֫דָ֥נְנִי (""עולה"" כפול!)}}{{ר1}}וְשָׂ֥ם דֶּ֑רֶךְ{{ר1}}אַ֝רְאֶ֗נּוּ בְּיֵ֣שַׁע אֱלֹהִֽים׃"
ספר תהלים/נ	תתת	<noinclude>//{{תבנית:משתמש:Dovi/טעמי המקרא-סוף}}//{{מ:שוליים-סוף}}//==הפרק בלי מספרים==//{{תבנית:משתמש:Dovi/טעמי המקרא}}//{{#בלי קטע:{{שם הדף המלא}}|סימן}}//{{תבנית:משתמש:Dovi/טעמי המקרא-סוף}}</noinclude>		
ספר תהלים/נא	0	<noinclude>{{תבנית:טעמי המקרא באינטרנט}}//{{מ:שוליים|5}}//{{תבנית:משתמש:Dovi/טעמי המקרא}}//</noinclude>		
ספר תהלים/נא	א	{{פפ}}//	{{מ:פסוק|תהלים|נא|א}}	לַמְנַצֵּ֗חַ מִזְמ֥וֹר לְדָוִֽד׃
ספר תהלים/נא	ב	{{נוסח|{{ר4}}|פרשה פתוחה}}	{{מ:פסוק|תהלים|נא|ב}}	בְּֽבוֹא־אֵ֭לָיו נָתָ֣ן הַנָּבִ֑יא{{ר1}}{{נוסח|כַּאֲשֶׁר־בָּ֝֗א|א=כַּאֲשֶׁר־בָּ֝א}} אֶל־בַּת־שָֽׁבַע׃
ספר תהלים/נא	ג	{{ר4}}	{{מ:פסוק|תהלים|נא|ג}}	חׇנֵּ֣נִי אֱלֹהִ֣ים כְּחַסְדֶּ֑ךָ{{ר1}}כְּרֹ֥ב רַ֝חֲמֶ֗יךָ מְחֵ֣ה פְשָׁעָֽי׃
ספר תהלים/נא	ד	{{ר4}}	{{מ:פסוק|תהלים|נא|ד}}	"{{כו""ק|הרבה|הֶ֭רֶב}} כַּבְּסֵ֣נִי מֵעֲוֺנִ֑י{{ר1}}וּֽמֵחַטָּאתִ֥י טַהֲרֵֽנִי׃"
ספר תהלים/נא	ה	{{ר4}}	{{מ:פסוק|תהלים|נא|ה}}	כִּֽי־פְ֭שָׁעַי אֲנִ֣י אֵדָ֑ע{{ר1}}וְחַטָּאתִ֖י נֶגְדִּ֣י תָמִֽיד׃
ספר תהלים/נא	ו	{{ר4}}	{{מ:פסוק|תהלים|נא|ו}}	לְךָ֤ לְבַדְּךָ֨{{מ:לגרמיה}}חָטָאתִי֮{{ר1}}וְהָרַ֥ע בְּעֵינֶ֗יךָ עָ֫שִׂ֥יתִי{{ר2}}לְ֭מַעַן תִּצְדַּ֥ק בְּדׇבְרֶ֗ךָ{{ר2}}תִּזְכֶּ֥ה בְשׇׁפְטֶֽךָ׃
ספר תהלים/נא	ז	{{ר4}}	{{מ:פסוק|תהלים|נא|ז}}	הֵן־בְּעָו֥וֹן חוֹלָ֑לְתִּי{{ר1}}וּ֝בְחֵ֗טְא יֶחֱמַ֥תְנִי אִמִּֽי׃
ספר תהלים/נא	ח	{{ר4}}	{{מ:פסוק|תהלים|נא|ח}}	הֵן־אֱ֭מֶת חָפַ֣צְתָּ בַטֻּח֑וֹת{{ר1}}וּ֝בְסָתֻ֗ם חׇכְמָ֥ה תוֹדִיעֵֽנִי׃
ספר תהלים/נא	ט	{{ר4}}	{{מ:פסוק|תהלים|נא|ט}}	תְּחַטְּאֵ֣נִי בְאֵז֣וֹב וְאֶטְהָ֑ר{{ר1}}תְּ֝כַבְּסֵ֗נִי וּמִשֶּׁ֥לֶג אַלְבִּֽין׃
ספר תהלים/נא	י	{{ר4}}	{{מ:פסוק|תהלים|נא|י}}	תַּ֭שְׁמִיעֵנִי שָׂשׂ֣וֹן וְשִׂמְחָ֑ה{{ר1}}תָּ֝גֵ֗לְנָה עֲצָמ֥וֹת דִּכִּֽיתָ׃
ספר תהלים/נא	יא	{{ר4}}	{{מ:פסוק|תהלים|נא|יא}}	הַסְתֵּ֣ר פָּ֭נֶיךָ מֵחֲטָאָ֑י{{ר1}}{{נוסח|וְֽכׇל־עֲוֺ֖נֹתַ֣י|ממ=וְֽכׇל־עֲ֖וֹנֹתַ֣י}} מְחֵֽה׃
ספר תהלים/נא	יב	{{ר4}}	{{מ:פסוק|תהלים|נא|יב}}	לֵ֣ב טָ֭הוֹר בְּרָא־לִ֣י אֱלֹהִ֑ים{{ר1}}וְר֥וּחַ נָ֝כ֗וֹן חַדֵּ֥שׁ בְּקִרְבִּֽי׃
ספר תהלים/נא	יג	{{ר4}}	{{מ:פסוק|תהלים|נא|יג}}	אַל־תַּשְׁלִיכֵ֥נִי מִלְּפָנֶ֑יךָ{{ר1}}וְר֥וּחַ קׇ֝דְשְׁךָ֗ אַל־תִּקַּ֥ח מִמֶּֽנִּי׃
ספר תהלים/נא	יד	{{ר4}}	{{מ:פסוק|תהלים|נא|יד}}	הָשִׁ֣יבָה לִּ֭י שְׂשׂ֣וֹן יִשְׁעֶ֑ךָ{{ר1}}וְר֖וּחַ נְדִיבָ֣ה תִסְמְכֵֽנִי׃
ספר תהלים/נא	טו	{{ר4}}	{{מ:פסוק|תהלים|נא|טו}}	אֲלַמְּדָ֣ה פֹשְׁעִ֣ים דְּרָכֶ֑יךָ{{ר1}}וְ֝חַטָּאִ֗ים אֵלֶ֥יךָ יָשֽׁוּבוּ׃
ספר תהלים/נא	טז	{{ר4}}	{{מ:פסוק|תהלים|נא|טז}}	הַצִּ֘ילֵ֤נִי מִדָּמִ֨ים{{מ:לגרמיה}}אֱֽלֹהִ֗ים{{ר1}}אֱלֹהֵ֥י תְּשׁוּעָתִ֑י{{ר1}}תְּרַנֵּ֥ן {{נוסח|לְ֝שׁוֹנִ֗י|ממ=לְשׁוֹנִ֗י}}{{ר0}}צִדְקָתֶֽךָ׃
ספר תהלים/נא	יז	{{ר4}}	{{מ:פסוק|תהלים|נא|יז}}	אֲ֭דֹנָי שְׂפָתַ֣י תִּפְתָּ֑ח{{ר1}}וּ֝פִ֗י יַגִּ֥יד תְּהִלָּתֶֽךָ׃
ספר תהלים/נא	יח	{{ר4}}	{{מ:פסוק|תהלים|נא|יח}}	כִּ֤י{{מ:לגרמיה}}לֹא־תַחְפֹּ֣ץ זֶ֣בַח וְאֶתֵּ֑נָה{{ר1}}ע֝וֹלָ֗ה לֹ֣א תִרְצֶֽה׃
ספר תהלים/נא	יט	{{ר4}}	{{מ:פסוק|תהלים|נא|יט}}	זִ֥בְחֵ֣י אֱלֹהִים֮{{ר0}}ר֤וּחַ נִשְׁבָּ֫רָ֥ה{{ר1}}לֵב־נִשְׁבָּ֥ר וְנִדְכֶּ֑ה{{ר2}}אֱ֝לֹהִ֗ים לֹ֣א תִבְזֶֽה׃
ספר תהלים/נא	כ	{{ר4}}	{{מ:פסוק|תהלים|נא|כ}}	הֵיטִ֣יבָה בִ֭רְצוֹנְךָ אֶת־צִיּ֑וֹן{{ר1}}תִּ֝בְנֶ֗ה חוֹמ֥וֹת יְרוּשָׁל{{מ:ירושלם|ָ|ֽ}}ם׃
ספר תהלים/נא	כא	{{ר4}}	{{מ:פסוק|תהלים|נא|כא}}	אָ֤ז תַּחְפֹּ֣ץ זִבְחֵי־צֶ֭דֶק עוֹלָ֣ה וְכָלִ֑יל{{ר1}}אָ֤ז יַעֲל֖וּ עַל־מִזְבַּחֲךָ֣ פָרִֽים׃
ספר תהלים/נא	תתת	<noinclude>//{{תבנית:משתמש:Dovi/טעמי המקרא-סוף}}//{{מ:שוליים-סוף}}//==הפרק בלי מספרים==//{{תבנית:משתמש:Dovi/טעמי המקרא}}//{{#בלי קטע:{{שם הדף המלא}}|סימן}}//{{תבנית:משתמש:Dovi/טעמי המקרא-סוף}}</noinclude>		
ספר תהלים/נב	0	<noinclude>{{תבנית:טעמי המקרא באינטרנט}}//{{מ:שוליים|5}}//{{תבנית:משתמש:Dovi/טעמי המקרא}}//</noinclude>		
ספר תהלים/נב	א	{{פפ}}//	{{מ:פסוק|תהלים|נב|א}}	לַמְנַצֵּ֗חַ מַשְׂכִּ֥יל לְדָוִֽד׃
ספר תהלים/נב	ב	{{נוסח|{{ר4}}|פרשה פתוחה}}	{{מ:פסוק|תהלים|נב|ב}}	בְּב֤וֹא{{מ:לגרמיה}}דּוֹאֵ֣ג הָאֲדֹמִי֮{{ר0}}וַיַּגֵּ{{אתנח הפוך}}ד לְשָׁ֫א֥וּל{{ר1}}וַיֹּ֥אמֶר ל֑וֹ{{ר1}}בָּ֥א דָ֝וִ֗ד אֶל־בֵּ֥ית אֲחִימֶֽלֶךְ׃
ספר תהלים/נב	ג	{{ר4}}	{{מ:פסוק|תהלים|נב|ג}}	מַה־תִּתְהַלֵּ֣ל בְּ֭רָעָה הַגִּבּ֑וֹר{{ר1}}חֶ֥סֶד {{נוסח|אֵ֝֗ל|א=אֵ֝ל}} כׇּל־הַיּֽוֹם׃
ספר תהלים/נב	ד	{{ר4}}	{{מ:פסוק|תהלים|נב|ד}}	הַ֭וּוֹת תַּחְשֹׁ֣ב לְשׁוֹנֶ֑ךָ{{ר1}}כְּתַ֥עַר מְ֝לֻטָּ֗שׁ עֹשֵׂ֥ה רְמִיָּֽה׃
ספר תהלים/נב	ה	{{ר4}}	{{מ:פסוק|תהלים|נב|ה}}	אָהַ֣בְתָּ רָּ֣ע מִטּ֑וֹב{{ר1}}שֶׁ֓קֶר{{מ:לגרמיה}}מִדַּבֵּ֖ר צֶ֣דֶק סֶֽלָה׃
ספר תהלים/נב	ו	{{ר4}}	{{מ:פסוק|תהלים|נב|ו}}	אָהַ֥בְתָּ כׇֽל־דִּבְרֵי־בָ֗לַע{{ר1}}לְשׁ֣וֹן מִרְמָֽה׃
ספר תהלים/נב	ז	{{ר4}}	{{מ:פסוק|תהלים|נב|ז}}	גַּם־אֵל֮{{ר0}}יִתׇּצְךָ{{אתנח הפוך}} לָ֫נֶ֥צַח{{ר1}}יַחְתְּךָ֣ וְיִסָּחֲךָ֣ מֵאֹ֑הֶל{{ר2}}וְשֵׁרֶשְׁךָ֨ מֵאֶ֖רֶץ חַיִּ֣ים סֶֽלָה׃
ספר תהלים/נב	ח	{{ר4}}	{{מ:פסוק|תהלים|נב|ח}}	וְיִרְא֖וּ צַדִּיקִ֥ים וְיִירָ֗אוּ{{ר1}}וְעָלָ֥יו יִשְׂחָֽקוּ׃
ספר תהלים/נב	ט	{{ר4}}	{{מ:פסוק|תהלים|נב|ט}}	"הִנֵּ֤ה הַגֶּ֗בֶר{{ר0}}לֹ֤א יָשִׂ֥ים אֱלֹהִ֗ים {{נוסח|מָ֫עוּזּ֥וֹ|א=מָע֫וּזּ֥וֹ (בניגוד למנהגו ה""עולה"" אינו מסומן בהברה הראויה לגעיה)}}{{ר1}}וַ֭יִּבְטַח בְּרֹ֣ב עׇשְׁר֑וֹ{{ר1}}יָ֝עֹ֗ז בְּהַוָּתֽוֹ׃"
ספר תהלים/נב	י	{{ר4}}	{{מ:פסוק|תהלים|נב|י}}	וַאֲנִ֤י{{מ:לגרמיה}}כְּזַ֣יִת רַ֭עֲנָן בְּבֵ֣ית אֱלֹהִ֑ים{{ר1}}בָּטַ֥חְתִּי בְחֶסֶד־אֱ֝לֹהִ֗ים עוֹלָ֥ם וָעֶֽד׃
ספר תהלים/נב	יא	{{ר4}}	{{מ:פסוק|תהלים|נב|יא}}	אוֹדְךָ֣ לְ֭עוֹלָם כִּ֣י עָשִׂ֑יתָ{{ר1}}{{נוסח|וַאֲקַוֶּ֥ה|=א (במרכא)|הקלדה=וַאֲקַוֶּ֖ה בעקבות BHS.}} שִׁמְךָ֥ {{נוסח|כִי־ט֝֗וֹב|א=כִי־ט֝וֹב}} נֶ֣גֶד חֲסִידֶֽיךָ׃
ספר תהלים/נב	תתת	<noinclude>//{{תבנית:משתמש:Dovi/טעמי המקרא-סוף}}//{{מ:שוליים-סוף}}//==הפרק בלי מספרים==//{{תבנית:משתמש:Dovi/טעמי המקרא}}//{{#בלי קטע:{{שם הדף המלא}}|סימן}}//{{תבנית:משתמש:Dovi/טעמי המקרא-סוף}}</noinclude>		
ספר תהלים/נג	0	<noinclude>{{תבנית:טעמי המקרא באינטרנט}}//{{מ:שוליים|5}}//{{תבנית:משתמש:Dovi/טעמי המקרא}}//</noinclude>		
ספר תהלים/נג	א	{{פפ}}//	{{מ:פסוק|תהלים|נג|א}}	לַמְנַצֵּ֥חַ עַֽל־מָחֲלַ֗ת מַשְׂכִּ֥יל לְדָוִֽד׃
ספר תהלים/נג	ב	{{נוסח|{{ר4}}|פרשה פתוחה}}	{{מ:פסוק|תהלים|נג|ב}}	אָ֘מַ֤ר נָבָ֣ל בְּ֭לִבּוֹ{{ר0}}אֵ֣ין אֱלֹהִ֑ים{{ר1}}{{נוסח|הִֽ֝שְׁחִ֗יתוּ|א=הִֽ֝שְִׁחִ֗יתוּ (בחטף חיריק!)}} {{נוסח|וְהִֽתְעִ֥יבוּ|א=וְהִֽתְִעִ֥יבוּ (בחטף חיריק!)}} {{נוסח|עָ֝֗וֶל|א=עָ֝וֶל}}{{ר2}}אֵ֣ין עֹֽשֵׂה־טֽוֹב׃
ספר תהלים/נג	ג	{{ר4}}	{{מ:פסוק|תהלים|נג|ג}}	אֱֽלֹהִ֗ים{{ר0}}מִשָּׁמַיִם֮ הִשְׁקִ{{אתנח הפוך}}יף עַֽל־בְּנֵי־אָ֫דָ֥ם{{ר1}}לִ֭רְאוֹת הֲיֵ֣שׁ מַשְׂכִּ֑יל{{ר2}}דֹּ֝רֵ֗שׁ אֶת־אֱלֹהִֽים׃
ספר תהלים/נג	ד	{{ר4}}	{{מ:פסוק|תהלים|נג|ד}}	כֻּלּ֥וֹ סָג֮{{ר0}}יַחְדָּ{{אתנח הפוך}}ו נֶ֫אֱלָ֥חוּ{{ר1}}אֵ֤ין עֹֽשֵׂה־ט֑וֹב{{ר2}}{{נוסח|אֵ֝֗ין|א=אֵ֝ין}} גַּם־אֶחָֽד׃
ספר תהלים/נג	ה	{{ר4}}	{{מ:פסוק|תהלים|נג|ה}}	הֲלֹ֥א יָדְעוּ֮ פֹּ֤עֲלֵ֫י{{מ:מקף אפור}}אָ֥וֶן{{ר1}}אֹכְלֵ֣י עַ֭מִּי{{ר0}}אָ֣כְלוּ לֶ֑חֶם{{ר2}}אֱ֝לֹהִ֗ים לֹ֣א קָרָֽאוּ׃
ספר תהלים/נג	ו	{{ר4}}	{{מ:פסוק|תהלים|נג|ו}}	שָׁ֤ם{{מ:לגרמיה}}פָּ֥חֲדוּ פַחַד֮{{ר0}}לֹא־הָ{{אתנח הפוך}}יָה֫{{מ:מקף אפור}}פָ֥חַד{{ר1}}כִּֽי־אֱלֹהִ֗ים פִּ֭זַּר עַצְמ֣וֹת חֹנָ֑ךְ{{ר2}}הֱ֝בִשֹׁ֗תָה כִּֽי־אֱלֹהִ֥ים מְאָסָֽם׃
ספר תהלים/נג	ז	{{ר4}}	{{מ:פסוק|תהלים|נג|ז}}	מִ֥י יִתֵּ֣ן מִצִּיּוֹן֮{{ר0}}יְשֻׁע{{אתנח הפוך}}וֹת יִשְׂרָ֫אֵ֥ל{{ר1}}בְּשׁ֣וּב אֱ֭לֹהִים שְׁב֣וּת עַמּ֑וֹ{{ר2}}יָגֵ֥ל יַ֝עֲקֹ֗ב יִשְׂמַ֥ח יִשְׂרָאֵֽל׃
ספר תהלים/נג	תתת	<noinclude>//{{תבנית:משתמש:Dovi/טעמי המקרא-סוף}}//{{מ:שוליים-סוף}}//==הפרק בלי מספרים==//{{תבנית:משתמש:Dovi/טעמי המקרא}}//{{#בלי קטע:{{שם הדף המלא}}|סימן}}//{{תבנית:משתמש:Dovi/טעמי המקרא-סוף}}</noinclude>		
ספר תהלים/נד	0	<noinclude>{{תבנית:טעמי המקרא באינטרנט}}//{{מ:שוליים|5}}//{{תבנית:משתמש:Dovi/טעמי המקרא}}//</noinclude>		
ספר תהלים/נד	א	{{פפ}}//	{{מ:פסוק|תהלים|נד|א}}	לַמְנַצֵּ֥חַ בִּנְגִינֹ֗ת מַשְׂכִּ֥יל לְדָוִֽד׃
ספר תהלים/נד	ב	{{נוסח|{{ר4}}|פרשה פתוחה}}	{{מ:פסוק|תהלים|נד|ב}}	בְּבֹ֣א הַ֭זִּיפִים וַיֹּאמְר֣וּ לְשָׁא֑וּל{{ר1}}הֲלֹ֥א דָ֝וִ֗ד מִסְתַּתֵּ֥ר עִמָּֽנוּ׃
ספר תהלים/נד	ג	{{ר4}}	{{מ:פסוק|תהלים|נד|ג}}	אֱ֭לֹהִים בְּשִׁמְךָ֣ הוֹשִׁיעֵ֑נִי{{ר1}}וּבִגְבוּרָתְךָ֥ תְדִינֵֽנִי׃
ספר תהלים/נד	ד	{{ר4}}	{{מ:פסוק|תהלים|נד|ד}}	אֱ֭לֹהִים שְׁמַ֣ע תְּפִלָּתִ֑י{{ר1}}הַ֝אֲזִ֗ינָה לְאִמְרֵי־פִֽי׃
ספר תהלים/נד	ה	{{ר4}}	{{מ:פסוק|תהלים|נד|ה}}	כִּ֤י זָרִ֨ים{{מ:לגרמיה}}{{ר0|רווח=לא}}קָ֤מוּ עָלַ֗י{{ר1}}וְֽ֭עָרִיצִים בִּקְשׁ֣וּ נַפְשִׁ֑י{{ר2}}לֹ֤א שָׂ֨מוּ אֱלֹהִ֖ים לְנֶגְדָּ֣ם סֶֽלָה׃
ספר תהלים/נד	ו	{{ר4}}	{{מ:פסוק|תהלים|נד|ו}}	הִנֵּ֣ה אֱ֭לֹהִים עֹזֵ֣ר לִ֑י{{ר1}}אֲ֝דֹנָ֗י בְּֽסֹמְכֵ֥י נַפְשִֽׁי׃
ספר תהלים/נד	ז	{{ר4}}	{{מ:פסוק|תהלים|נד|ז}}	"{{כו""ק|ישוב|יָשִׁ֣יב}} הָ֭רַע לְשֹׁרְרָ֑י{{ר1}}בַּ֝אֲמִתְּךָ֗ הַצְמִיתֵֽם׃"
ספר תהלים/נד	ח	{{ר4}}	{{מ:פסוק|תהלים|נד|ח}}	בִּנְדָבָ֥ה אֶזְבְּחָה־לָּ֑ךְ{{ר1}}א֤וֹדֶה שִּׁמְךָ֖ יְהֹוָ֣ה כִּי־טֽוֹב׃
ספר תהלים/נד	ט	{{ר4}}	{{מ:פסוק|תהלים|נד|ט}}	כִּ֣י מִכׇּל־צָ֭רָה הִצִּילָ֑נִי{{ר1}}וּ֝בְאֹיְבַ֗י רָאֲתָ֥ה עֵינִֽי׃
ספר תהלים/נד	תתת	<noinclude>//{{תבנית:משתמש:Dovi/טעמי המקרא-סוף}}//{{מ:שוליים-סוף}}//==הפרק בלי מספרים==//{{תבנית:משתמש:Dovi/טעמי המקרא}}//{{#בלי קטע:{{שם הדף המלא}}|סימן}}//{{תבנית:משתמש:Dovi/טעמי המקרא-סוף}}</noinclude>		
ספר תהלים/נה	0	<noinclude>{{תבנית:טעמי המקרא באינטרנט}}//{{מ:שוליים|5}}//{{תבנית:משתמש:Dovi/טעמי המקרא}}//</noinclude>		
ספר תהלים/נה	א	{{פפ}}//	{{מ:פסוק|תהלים|נה|א}}	לַמְנַצֵּ֥חַ בִּנְגִינֹ֗ת מַשְׂכִּ֥יל לְדָוִֽד׃
ספר תהלים/נה	ב	{{נוסח|{{ר4}}|פרשה פתוחה}}	{{מ:פסוק|תהלים|נה|ב}}	הַאֲזִ֣ינָה אֱ֭לֹהִים תְּפִלָּתִ֑י{{ר1}}וְאַל־תִּ֝תְעַלַּ֗ם מִתְּחִנָּתִֽי׃
ספר תהלים/נה	ג	{{ר4}}	{{מ:פסוק|תהלים|נה|ג}}	הַקְשִׁ֣יבָה לִּ֣י וַעֲנֵ֑נִי{{ר1}}אָרִ֖יד בְּשִׂיחִ֣י וְאָהִֽימָה׃
ספר תהלים/נה	ד	{{ר4}}	{{מ:פסוק|תהלים|נה|ד}}	מִקּ֤וֹל אוֹיֵ֗ב מִ֭פְּנֵי עָקַ֣ת רָשָׁ֑ע{{ר1}}כִּֽי־יָמִ֥יטוּ עָלַ֥י {{נוסח|אָ֝֗וֶן|א=אָ֝וֶן}} וּבְאַ֥ף יִשְׂטְמֽוּנִי׃
ספר תהלים/נה	ה	{{ר4}}	{{מ:פסוק|תהלים|נה|ה}}	לִ֭בִּי יָחִ֣יל בְּקִרְבִּ֑י{{ר1}}וְאֵימ֥וֹת {{נוסח|מָ֝֗וֶת|א=מָ֝וֶת}} נָפְל֥וּ עָלָֽי׃
ספר תהלים/נה	ו	{{ר4}}	{{מ:פסוק|תהלים|נה|ו}}	יִרְאָ֣ה וָ֭רַעַד יָ֣בֹא בִ֑י{{ר1}}וַ֝תְּכַסֵּ֗נִי פַּלָּצֽוּת׃
ספר תהלים/נה	ז	{{ר4}}	{{מ:פסוק|תהלים|נה|ז}}	וָאֹמַ֗ר מִֽי־יִתֶּן־לִ֣י אֵ֭בֶר כַּיּוֹנָ֗ה{{ר1}}אָע֥וּפָה וְאֶשְׁכֹּֽנָה׃
ספר תהלים/נה	ח	{{ר4}}	{{מ:פסוק|תהלים|נה|ח}}	הִ֭נֵּה אַרְחִ֣יק נְדֹ֑ד{{ר1}}אָלִ֖ין בַּמִּדְבָּ֣ר סֶֽלָה׃
ספר תהלים/נה	ט	{{ר4}}	{{מ:פסוק|תהלים|נה|ט}}	אָחִ֣ישָׁה מִפְלָ֣ט לִ֑י{{ר1}}מֵר֖וּחַ סֹעָ֣ה מִסָּֽעַר׃
ספר תהלים/נה	י	{{ר4}}	{{מ:פסוק|תהלים|נה|י}}	בַּלַּ֣ע אֲ֭דֹנָי פַּלַּ֣ג לְשׁוֹנָ֑ם{{ר1}}כִּֽי־רָאִ֨יתִי חָמָ֖ס וְרִ֣יב בָּעִֽיר׃
ספר תהלים/נה	יא	{{ר4}}	{{מ:פסוק|תהלים|נה|יא}}	יוֹמָ֤ם וָלַ֗יְלָה {{נוסח|יְסוֹבְבֻ֥הָ|א=יְסוֹבֲבֻ֥הָ (חטף)}} עַל־חוֹמֹתֶ֑יהָ{{ר1}}וְאָ֖וֶן וְעָמָ֣ל בְּקִרְבָּֽהּ׃
ספר תהלים/נה	יב	{{ר4}}	{{מ:פסוק|תהלים|נה|יב}}	הַוּ֥וֹת בְּקִרְבָּ֑הּ{{ר1}}וְֽלֹא־יָמִ֥ישׁ מֵ֝רְחֹבָ֗הּ תֹּ֣ךְ וּמִרְמָֽה׃
ספר תהלים/נה	יג	{{ר4}}	{{מ:פסוק|תהלים|נה|יג}}	כִּ֤י לֹֽא־אוֹיֵ֥ב יְחָֽרְפֵ֗נִי{{ר0}}וְאֶ֫שָּׂ֥א{{ר1}}לֹא־מְ֭שַׂנְאִי עָלַ֣י הִגְדִּ֑יל{{ר1}}וְאֶסָּתֵ֥ר מִמֶּֽנּוּ׃
ספר תהלים/נה	יד	{{ר4}}	{{מ:פסוק|תהלים|נה|יד}}	וְאַתָּ֣ה אֱנ֣וֹשׁ כְּעֶרְכִּ֑י{{ר1}}אַ֝לּוּפִ֗י וּמְיֻדָּעִֽי׃
ספר תהלים/נה	טו	{{ר4}}	{{מ:פסוק|תהלים|נה|טו}}	אֲשֶׁ֣ר יַ֭חְדָּו נַמְתִּ֣יק ס֑וֹד{{ר1}}בְּבֵ֥ית אֱ֝לֹהִ֗ים נְהַלֵּ֥ךְ בְּרָֽגֶשׁ׃
ספר תהלים/נה	טז	{{ר4}}	{{מ:פסוק|תהלים|נה|טז}}	"{{מ:כו""ק כתיב מילה חדה וקרי תרתין מילין|ישימות|יַשִּׁ֤י מָ֨וֶת{{מ:לגרמיה|רווח=לא}}|רווח=כן}}{{ר0|רווח=לא}}עָלֵ֗ימוֹ{{ר1}}יֵרְד֣וּ שְׁא֣וֹל חַיִּ֑ים{{ר2}}כִּֽי־רָע֖וֹת בִּמְגוּרָ֣ם בְּקִרְבָּֽם׃"
ספר תהלים/נה	יז	{{ר4}}	{{מ:פסוק|תהלים|נה|יז}}	אֲ֭נִי אֶל־אֱלֹהִ֣ים אֶקְרָ֑א{{ר1}}וַ֝יהֹוָ֗ה יוֹשִׁיעֵֽנִי׃
ספר תהלים/נה	יח	{{ר4}}	{{מ:פסוק|תהלים|נה|יח}}	עֶ֤רֶב וָבֹ֣קֶר {{מ:קמץ|ד=וְ֭צׇהֳרַיִם|ס=וְ֭צָהֳרַיִם}} אָשִׂ֣יחָה וְאֶֽהֱמֶ֑ה{{ר1}}וַיִּשְׁמַ֥ע קוֹלִֽי׃
ספר תהלים/נה	יט	{{ר4}}	{{מ:פסוק|תהלים|נה|יט}}	פָּ֘דָ֤ה בְשָׁל֣וֹם נַ֭פְשִׁי מִקְּרׇב־לִ֑י{{ר1}}כִּֽי־בְ֝רַבִּ֗ים הָי֥וּ עִמָּדִֽי׃
ספר תהלים/נה	כ	{{ר4}}	{{מ:פסוק|תהלים|נה|כ}}	יִשְׁמַ֤ע{{מ:לגרמיה}}אֵ֨ל{{מ:לגרמיה}}וְֽיַעֲנֵם֮{{ר0}}וְיֹ֤שֵׁ֥ב קֶ֗דֶם {{נוסח|סֶ֥֫לָה|א=סֶ֥לָה}}{{ר1}}אֲשֶׁ֤ר אֵ֣ין חֲלִיפ֣וֹת לָ֑מוֹ{{ר2}}וְלֹ֖א יָרְא֣וּ אֱלֹהִֽים׃
ספר תהלים/נה	כא	{{ר4}}	{{מ:פסוק|תהלים|נה|כא}}	שָׁלַ֣ח יָ֭דָיו בִּשְׁלֹמָ֗יו{{ר1}}חִלֵּ֥ל בְּרִיתֽוֹ׃
ספר תהלים/נה	כב	{{ר4}}	{{מ:פסוק|תהלים|נה|כב}}	חָלְק֤וּ{{מ:לגרמיה}}מַחְמָאֹ֣ת פִּיו֮{{ר0}}{{נוסח|וּֽקְרָב־לִ֫בּ֥וֹ|א=וּֽקֲרָב־לִ֫בּ֥וֹ (חטף)}}{{ר1}}רַכּ֖וּ דְבָרָ֥יו מִשֶּׁ֗מֶן{{ר1}}וְהֵ֣מָּה פְתִחֽוֹת׃
ספר תהלים/נה	כג	{{ר4}}	{{מ:פסוק|תהלים|נה|כג}}	הַשְׁלֵ֤ךְ עַל־יְהֹוָ֨ה{{מ:לגרמיה}}יְהָבְךָ֮{{ר0}}וְה{{אתנח הפוך}}וּא יְכַ֫לְכְּלֶ֥ךָ{{ר1}}לֹא־יִתֵּ֖ן לְעוֹלָ֥ם מ֗וֹט{{ר1}}לַצַּדִּֽיק׃
ספר תהלים/נה	כד	{{ר4}}	{{מ:פסוק|תהלים|נה|כד}}	וְאַתָּ֤ה אֱלֹהִ֨ים{{מ:לגרמיה}}{{ר0|רווח=לא}}תּוֹרִדֵ֬ם{{מ:לגרמיה}}לִבְאֵ֬ר שַׁ֗חַת{{ר1}}אַנְשֵׁ֤י דָמִ֣ים וּ֭מִרְמָה לֹא־יֶחֱצ֣וּ יְמֵיהֶ֑ם{{ר2}}וַ֝אֲנִ֗י אֶבְטַח־בָּֽךְ׃
ספר תהלים/נה	תתת	<noinclude>//{{תבנית:משתמש:Dovi/טעמי המקרא-סוף}}//{{מ:שוליים-סוף}}//==הפרק בלי מספרים==//{{תבנית:משתמש:Dovi/טעמי המקרא}}//{{#בלי קטע:{{שם הדף המלא}}|סימן}}//{{תבנית:משתמש:Dovi/טעמי המקרא-סוף}}</noinclude>		
ספר תהלים/נו	0	<noinclude>{{תבנית:טעמי המקרא באינטרנט}}//{{מ:שוליים|5}}//{{תבנית:משתמש:Dovi/טעמי המקרא}}//</noinclude>		
ספר תהלים/נו	א	{{פפ}}//	{{מ:פסוק|תהלים|נו|א}}	לַמְנַצֵּ֤חַ{{מ:לגרמיה}}עַל־י֬וֹנַת אֵ֣לֶם רְ֭חֹקִים{{נוסח|{{ר1}}|פרשה סתומה}}לְדָוִ֣ד מִכְתָּ֑ם{{ר2}}בֶּאֱחֹ֨ז אוֹת֖וֹ פְלִשְׁתִּ֣ים{{ר0}}בְּגַֽת׃
ספר תהלים/נו	ב	{{ר4}}	{{מ:פסוק|תהלים|נו|ב}}	חׇנֵּ֣נִי אֱ֭לֹהִים כִּֽי־שְׁאָפַ֣נִי אֱנ֑וֹשׁ{{ר1}}כׇּל־הַ֝יּ֗וֹם לֹחֵ֥ם יִלְחָצֵֽנִי׃
ספר תהלים/נו	ג	{{ר4}}	{{מ:פסוק|תהלים|נו|ג}}	שָׁאֲפ֣וּ {{נוסח|שׁ֭וֹרְרַי|א=שׁ֭וֹרֲרַי (חטף)}} כׇּל־הַיּ֑וֹם{{ר1}}כִּֽי־רַבִּ֨ים לֹחֲמִ֖ים לִ֣י מָרֽוֹם׃
ספר תהלים/נו	ד	{{ר4}}	{{מ:פסוק|תהלים|נו|ד}}	י֥וֹם אִירָ֑א{{ר1}}אֲ֝נִ֗י אֵלֶ֥יךָ אֶבְטָֽח׃
ספר תהלים/נו	ה	{{ר4}}	{{מ:פסוק|תהלים|נו|ה}}	בֵּאלֹהִים֮ אֲהַלֵּ{{אתנח הפוך}}ל {{נוסח|דְּבָ֫ר֥וֹ|א=דְּבָר֥֫וֹ (!)}}{{ר1}}בֵּאלֹהִ֣ים בָּ֭טַחְתִּי{{ר0}}לֹ֣א אִירָ֑א{{ר2}}מַה־יַּעֲשֶׂ֖ה בָשָׂ֣ר לִֽי׃
ספר תהלים/נו	ו	{{ר4}}	{{מ:פסוק|תהלים|נו|ו}}	כׇּל־הַ֭יּוֹם דְּבָרַ֣י יְעַצֵּ֑בוּ{{ר1}}עָלַ֖י כׇּל־מַחְשְׁבֹתָ֣ם לָרָֽע׃
ספר תהלים/נו	ז	{{ר4}}	{{מ:פסוק|תהלים|נו|ז}}	"יָג֤וּרוּ{{מ:לגרמיה}}{{כו""ק|יצפינו|יִצְפּ֗וֹנוּ}} הֵ֭מָּה עֲקֵבַ֣י יִשְׁמֹ֑רוּ{{ר1}}כַּ֝אֲשֶׁ֗ר קִוּ֥וּ נַפְשִֽׁי׃"
ספר תהלים/נו	ח	{{ר4}}	{{מ:פסוק|תהלים|נו|ח}}	עַל־אָ֥וֶן פַּלֶּט־לָ֑מוֹ{{ר1}}בְּ֝אַ֗ף עַמִּ֤ים{{מ:לגרמיה}}הוֹרֵ֬ד אֱלֹהִֽים׃
ספר תהלים/נו	ט	{{ר4}}	{{מ:פסוק|תהלים|נו|ט}}	נֹדִי֮ סָפַ{{אתנח הפוך}}רְתָּ֫ה{{מ:מקף אפור}}אָ֥תָּה{{ר1}}שִׂ֣ימָה דִמְעָתִ֣י בְנֹאדֶ֑ךָ{{ר1}}הֲ֝לֹ֗א{{ר0}}בְּסִפְרָתֶֽךָ׃
ספר תהלים/נו	י	{{ר4}}	{{מ:פסוק|תהלים|נו|י}}	אָ֨ז יָ֘שׁ֤וּבוּ אוֹיְבַ֣י אָ֭חוֹר בְּי֣וֹם אֶקְרָ֑א{{ר1}}זֶה־יָ֝דַ֗עְתִּי כִּֽי־אֱלֹהִ֥ים לִֽי׃
ספר תהלים/נו	יא	{{ר4}}	{{מ:פסוק|תהלים|נו|יא}}	בֵּ֭אלֹהִים אֲהַלֵּ֣ל דָּבָ֑ר{{ר1}}בַּ֝יהֹוָ֗ה אֲהַלֵּ֥ל דָּבָֽר׃
ספר תהלים/נו	יב	{{ר4}}	{{מ:פסוק|תהלים|נו|יב}}	"בֵּאלֹהִ֣ים בָּ֭טַחְתִּי {{נוסח|לֹּ֣א|=א (למ""ד דגושה וכן הכריעו במג""ה)|לש1=לֹ֣א ובדפוסים (למ""ד רפה וכן הכריע ברויאר)}} אִירָ֑א{{ר1}}מַה־יַּעֲשֶׂ֖ה אָדָ֣ם לִֽי׃"
ספר תהלים/נו	יג	{{ר4}}	{{מ:פסוק|תהלים|נו|יג}}	עָלַ֣י אֱלֹהִ֣ים נְדָרֶ֑יךָ{{ר1}}אֲשַׁלֵּ֖ם תּוֹדֹ֣ת לָֽךְ׃
ספר תהלים/נו	יד	{{ר4}}	{{מ:פסוק|תהלים|נו|יד}}	כִּ֤י הִצַּ{{אתנח הפוך}}לְתָּ נַפְשִׁ֡י מִמָּוֶת֮{{ר1}}הֲלֹ֥א רַגְלַ֗י מִ֫דֶּ֥חִי{{ר2}}לְ֭הִֽתְהַלֵּךְ לִפְנֵ֣י אֱלֹהִ֑ים{{ר2}}בְּ֝א֗וֹר הַחַיִּֽים׃
ספר תהלים/נו	תתת	<noinclude>//{{תבנית:משתמש:Dovi/טעמי המקרא-סוף}}//{{מ:שוליים-סוף}}//==הפרק בלי מספרים==//{{תבנית:משתמש:Dovi/טעמי המקרא}}//{{#בלי קטע:{{שם הדף המלא}}|סימן}}//{{תבנית:משתמש:Dovi/טעמי המקרא-סוף}}</noinclude>		
ספר תהלים/נז	0	<noinclude>{{תבנית:טעמי המקרא באינטרנט}}//{{מ:שוליים|5}}//{{תבנית:משתמש:Dovi/טעמי המקרא}}//</noinclude>		
ספר תהלים/נז	א	{{פפ}}//	{{מ:פסוק|תהלים|נז|א}}	לַמְנַצֵּ֣חַ אַל־תַּ֭שְׁחֵת לְדָוִ֣ד מִכְתָּ֑ם{{נוסח|{{ר1}}|פרשה סתומה}}בְּבׇרְח֥וֹ מִפְּנֵי־שָׁ֝א֗וּל בַּמְּעָרָֽה׃
ספר תהלים/נז	ב	{{ר4}}	{{מ:פסוק|תהלים|נז|ב}}	חׇנֵּ֤נִי אֱלֹהִ֨ים{{מ:לגרמיה}}חׇנֵּ֗נִי{{ר1}}כִּ֥י בְךָ֮ חָסָ{{אתנח הפוך}}יָה נַ֫פְשִׁ֥י{{ר3}}וּבְצֵֽל־כְּנָפֶ֥יךָ אֶחְסֶ֑ה{{ר1}}{{נוסח|עַ֝֗ד|א=עַ֝ד}} יַעֲבֹ֥ר הַוּֽוֹת׃
ספר תהלים/נז	ג	{{ר4}}	{{מ:פסוק|תהלים|נז|ג}}	אֶ֭קְרָא לֵֽאלֹהִ֣ים עֶלְי֑וֹן{{ר1}}לָ֝אֵ֗ל גֹּמֵ֥ר עָלָֽי׃
ספר תהלים/נז	ד	{{ר4}}	{{מ:פסוק|תהלים|נז|ד}}	יִשְׁלַ֤ח מִשָּׁמַ֨יִם{{מ:לגרמיה}}וְֽיוֹשִׁיעֵ֗נִי{{ר1}}חֵרֵ֣ף שֹׁאֲפִ֣י סֶ֑לָה{{ר2}}יִשְׁלַ֥ח אֱ֝לֹהִ֗ים{{ר0}}חַסְדּ֥וֹ וַאֲמִתּֽוֹ׃
ספר תהלים/נז	ה	{{ר4}}	{{מ:פסוק|תהלים|נז|ה}}	"נַפְשִׁ֤י{{מ:לגרמיה}}בְּת֥וֹךְ לְבָאִם֮{{ר0}}אֶשְׁכְּבָ{{אתנח הפוך}}ה לֹ֫הֲטִ֥ים{{ר1}}בְּֽנֵי־אָדָ֗ם שִׁ֭נֵּיהֶם חֲנִ֣ית וְחִצִּ֑ים{{ר2}}{{נוסח|וּ֝לְשׁוֹנָ֗ם|=ל ובדפוסים (וכן הכריעו ברויאר ומג""ה)|א=וּלְשׁוֹנָ֗ם (חסר גרש; לפי ברויאר רק בספק, אמנם מעיון בצילום הכתר חסרון הגרש ודאי.)}} חֶ֣רֶב חַדָּֽה׃"
ספר תהלים/נז	ו	{{ר4}}	{{מ:פסוק|תהלים|נז|ו}}	ר֣וּמָה עַל־הַשָּׁמַ֣יִם אֱלֹהִ֑ים{{ר1}}עַ֖ל כׇּל־הָאָ֣רֶץ כְּבוֹדֶֽךָ׃
ספר תהלים/נז	ז	{{ר4}}	{{מ:פסוק|תהלים|נז|ז}}	רֶ֤שֶׁת{{מ:לגרמיה}}הֵכִ֣ינוּ לִפְעָמַי֮{{ר0}}כָּפַ{{אתנח הפוך}}ף נַ֫פְשִׁ֥י{{ר1}}כָּר֣וּ לְפָנַ֣י שִׁיחָ֑ה{{ר2}}נָפְל֖וּ בְתוֹכָ֣הּ סֶֽלָה׃
ספר תהלים/נז	ח	{{ר4}}	{{מ:פסוק|תהלים|נז|ח}}	נָ֘כ֤וֹן לִבִּ֣י אֱ֭לֹהִים נָכ֣וֹן לִבִּ֑י{{ר1}}אָ֝שִׁ֗ירָה וַאֲזַמֵּֽרָה׃
ספר תהלים/נז	ט	{{ר4}}	{{מ:פסוק|תהלים|נז|ט}}	"ע֤וּרָה כְבוֹדִ֗י{{ר1}}{{נוסח|ע֭וּרָ֥ה|=א,ל (טרחא ומרכא); וראו ברויאר, טעמי המקרא, יא.43 עמ' 285. כך נדפס אצל ברויאר (כתר ירושלים) ובמכון ממרא.|מג""ה=ע֭וּרָֽה (טרחא וגעיה).|הקלדה=ע֭וּרָֽה (דחי וגעיה) בעקבות BHS וכן בדפוסים וקורן. גם אצל ברויאר היה נדפס כך (מוסד הרב קוק וחורב), וכן הוא ב""סימנים"".}} הַנֵּ֥בֶל וְכִנּ֗וֹר{{ר2}}אָעִ֥ירָה שָּֽׁחַר׃"
ספר תהלים/נז	י	{{ר4}}	{{מ:פסוק|תהלים|נז|י}}	אוֹדְךָ֖ בָעַמִּ֥ים{{מ:פסק}}אֲדֹנָ֑י{{ר1}}אֲ֝זַמֶּרְךָ֗ בַּלְאֻמִּֽים׃
ספר תהלים/נז	יא	{{ר4}}	{{מ:פסוק|תהלים|נז|יא}}	כִּֽי־גָדֹ֣ל עַד־שָׁמַ֣יִם חַסְדֶּ֑ךָ{{ר1}}וְֽעַד־שְׁחָקִ֥ים אֲמִתֶּֽךָ׃
ספר תהלים/נז	יב	{{ר4}}	{{מ:פסוק|תהלים|נז|יב|סדר=ח}}	ר֣וּמָה עַל־שָׁמַ֣יִם אֱלֹהִ֑ים{{ר1}}עַ֖ל כׇּל־הָאָ֣רֶץ כְּבוֹדֶֽךָ׃
ספר תהלים/נז	תתת	<noinclude>//{{תבנית:משתמש:Dovi/טעמי המקרא-סוף}}//{{מ:שוליים-סוף}}//==הפרק בלי מספרים==//{{תבנית:משתמש:Dovi/טעמי המקרא}}//{{#בלי קטע:{{שם הדף המלא}}|סימן}}//{{תבנית:משתמש:Dovi/טעמי המקרא-סוף}}</noinclude>		
ספר תהלים/נח	0	<noinclude>{{תבנית:טעמי המקרא באינטרנט}}//{{מ:שוליים|5}}//{{תבנית:משתמש:Dovi/טעמי המקרא}}//</noinclude>		
ספר תהלים/נח	א	{{פפ}}//	{{מ:פסוק|תהלים|נח|א}}	לַמְנַצֵּ֥חַ אַל־תַּשְׁחֵ֗ת לְדָוִ֥ד מִכְתָּֽם׃
ספר תהלים/נח	ב	{{נוסח|{{ר4}}|פרשה פתוחה}}	{{מ:פסוק|תהלים|נח|ב}}	הַאֻמְנָ֗ם אֵ֣לֶם צֶ֭דֶק תְּדַבֵּר֑וּן{{ר1}}מֵישָׁרִ֥ים תִּ֝שְׁפְּט֗וּ בְּנֵ֣י אָדָֽם׃
ספר תהלים/נח	ג	{{ר4}}	{{מ:פסוק|תהלים|נח|ג}}	אַף־בְּלֵב֮ עוֹלֹ{{אתנח הפוך}}ת תִּפְעָ֫ל֥וּן{{ר1}}בָּאָ֡רֶץ חֲמַ֥ס יְ֝דֵיכֶ֗ם תְּפַלֵּסֽוּן׃
ספר תהלים/נח	ד	{{ר4}}	{{מ:פסוק|תהלים|נח|ד}}	זֹ֣רוּ רְשָׁעִ֣ים מֵרָ֑חֶם{{ר1}}תָּע֥וּ מִ֝בֶּ֗טֶן דֹּבְרֵ֥י כָזָֽב׃
ספר תהלים/נח	ה	{{ר4}}	{{מ:פסוק|תהלים|נח|ה}}	חֲמַת־לָ֗מוֹ כִּדְמ֥וּת חֲמַת־נָחָ֑שׁ{{ר1}}כְּמוֹ־פֶ֥תֶן חֵ֝רֵ֗שׁ יַאְטֵ֥ם אׇזְנֽוֹ׃
ספר תהלים/נח	ו	{{ר4}}	{{מ:פסוק|תהלים|נח|ו}}	אֲשֶׁ֣ר לֹֽא־יִ֭שְׁמַע לְק֣וֹל מְלַחֲשִׁ֑ים{{ר1}}חוֹבֵ֖ר חֲבָרִ֣ים מְחֻכָּֽם׃
ספר תהלים/נח	ז	{{ר4}}	{{מ:פסוק|תהלים|נח|ז}}	אֱֽלֹהִ֗ים הֲרׇס־שִׁנֵּ֥ימוֹ בְּפִ֑ימוֹ{{ר1}}מַלְתְּע֥וֹת כְּ֝פִירִ֗ים נְתֹ֣ץ{{מ:פסק}}יְהֹוָֽה׃
ספר תהלים/נח	ח	{{ר4}}	{{מ:פסוק|תהלים|נח|ח}}	"יִמָּאֲס֣וּ כְמוֹ־מַ֭יִם יִתְהַלְּכוּ־לָ֑מוֹ{{ר1}}יִדְרֹ֥ךְ {{קו""כ-אם|חִ֝צָּ֗ו|א-קרי=חִ֝צָּ֗יו}} כְּמ֣וֹ יִתְמֹלָֽלוּ׃"
ספר תהלים/נח	ט	{{ר4}}	{{מ:פסוק|תהלים|נח|ט}}	כְּמ֣וֹ שַׁ֭בְּלוּל תֶּ֣מֶס יַהֲלֹ֑ךְ{{ר1}}נֵ֥פֶל {{נוסח|אֵ֝֗שֶׁת|א=אֵ֝שֶׁת}} בַּל־חָ֥זוּ שָֽׁמֶשׁ׃
ספר תהלים/נח	י	{{ר4}}	{{מ:פסוק|תהלים|נח|י}}	בְּטֶ֤רֶם{{מ:לגרמיה}}יָבִ֣ינוּ סִּירֹתֵכֶ֣ם אָטָ֑ד{{ר1}}כְּמוֹ־חַ֥י כְּמוֹ־חָ֝ר֗וֹן יִשְׂעָרֶֽנּוּ׃
ספר תהלים/נח	יא	{{ר4}}	{{מ:פסוק|תהלים|נח|יא}}	יִשְׂמַ֣ח צַ֭דִּיק כִּי־חָזָ֣ה נָקָ֑ם{{ר1}}פְּעָמָ֥יו יִ֝רְחַ֗ץ בְּדַ֣ם הָרָשָֽׁע׃
ספר תהלים/נח	יב	{{ר4}}	{{מ:פסוק|תהלים|נח|יב}}	וְיֹאמַ֣ר אָ֭דָם אַךְ־פְּרִ֣י לַצַּדִּ֑יק{{ר1}}אַ֥ךְ יֵשׁ־אֱ֝לֹהִ֗ים שֹׁפְטִ֥ים בָּאָֽרֶץ׃
ספר תהלים/נח	תתת	<noinclude>//{{תבנית:משתמש:Dovi/טעמי המקרא-סוף}}//{{מ:שוליים-סוף}}//==הפרק בלי מספרים==//{{תבנית:משתמש:Dovi/טעמי המקרא}}//{{#בלי קטע:{{שם הדף המלא}}|סימן}}//{{תבנית:משתמש:Dovi/טעמי המקרא-סוף}}</noinclude>		
ספר תהלים/נט	0	<noinclude>{{תבנית:טעמי המקרא באינטרנט}}//{{מ:שוליים|5}}//{{תבנית:משתמש:Dovi/טעמי המקרא}}//</noinclude>		
ספר תהלים/נט	א	{{פפ}}//	{{מ:פסוק|תהלים|נט|א}}	לַמְנַצֵּ֣חַ אַל־תַּשְׁחֵת֮ לְדָוִ{{אתנח הפוך}}ד מִ֫כְתָּ֥ם{{נוסח|{{ר1}}|פרשה סתומה}}בִּשְׁלֹ֥חַ שָׁא֑וּל{{ר1}}וַֽיִּשְׁמְר֥וּ אֶת־הַ֝בַּ֗יִת{{ר0}}לַהֲמִיתֽוֹ׃
ספר תהלים/נט	ב	{{ר4}}	{{מ:פסוק|תהלים|נט|ב}}	הַצִּילֵ֖נִי מֵאֹיְבַ֥י{{מ:פסק}}אֱלֹהָ֑י{{ר1}}מִֽמִּתְקוֹמְמַ֥י תְּשַׂגְּבֵֽנִי׃
ספר תהלים/נט	ג	{{ר4}}	{{מ:פסוק|תהלים|נט|ג}}	הַ֭צִּילֵנִי מִפֹּ֣עֲלֵי אָ֑וֶן{{ר1}}וּֽמֵאַנְשֵׁ֥י דָ֝מִ֗ים הֽוֹשִׁיעֵֽנִי׃
ספר תהלים/נט	ד	{{ר4}}	{{מ:פסוק|תהלים|נט|ד}}	כִּ֤י הִנֵּ{{גלגל}}ה אָרְב֡וּ{{ר0}}לְנַפְשִׁ֗י{{ר1}}יָג֣וּרוּ עָלַ֣י עַזִּ֑ים{{ר2}}לֹֽא־פִשְׁעִ֖י וְלֹא־חַטָּאתִ֣י יְהֹוָֽה׃
ספר תהלים/נט	ה	{{ר4}}	{{מ:פסוק|תהלים|נט|ה}}	בְּֽלִי־עָ֭וֺן יְרֻצ֣וּן וְיִכּוֹנָ֑נוּ{{ר1}}ע֖וּרָה לִקְרָאתִ֣י וּרְאֵֽה׃
ספר תהלים/נט	ו	{{ר4}}	{{מ:פסוק|תהלים|נט|ו}}	וְאַתָּ֤ה יְהֹוָֽה־אֱלֹהִ֥ים{{מ:פסק}}צְבָא֡וֹת{{ר0}}אֱלֹ֘הֵ֤י יִשְׂרָאֵ֗ל{{ר1}}הָקִ֗יצָה לִפְקֹ֥ד כׇּֽל־הַגּוֹיִ֑ם{{ר2}}אַל־תָּחֹ֨ן כׇּל־בֹּ֖גְדֵי אָ֣וֶן סֶֽלָה׃
ספר תהלים/נט	ז	{{ר4}}	{{מ:פסוק|תהלים|נט|ז}}	יָשׁ֣וּבוּ לָ֭עֶרֶב יֶהֱמ֥וּ כַכָּ֗לֶב{{ר1}}{{נוסח|וִיס֥וֹבְבוּ|א=וִיס֥וֹבֲבוּ (חטף)}} עִֽיר׃
ספר תהלים/נט	ח	{{ר4}}	{{מ:פסוק|תהלים|נט|ח}}	הִנֵּ֤ה{{מ:לגרמיה}}יַבִּ֘יע֤וּן בְּפִיהֶ֗ם{{ר1}}חֲ֭רָבוֹת בְּשִׂפְתֽוֹתֵיהֶ֑ם{{ר1}}כִּי־מִ֥י שֹׁמֵֽעַ׃
ספר תהלים/נט	ט	{{ר4}}	{{מ:פסוק|תהלים|נט|ט}}	וְאַתָּ֣ה יְ֭הֹוָה תִּשְׂחַק־לָ֑מוֹ{{ר1}}תִּ֝לְעַ֗ג לְכׇל־גּוֹיִֽם׃
ספר תהלים/נט	י	{{ר4}}	{{מ:פסוק|תהלים|נט|י}}	עֻ֭זּוֹ אֵלֶ֣יךָ אֶשְׁמֹ֑רָה{{ר1}}כִּֽי־אֱ֝לֹהִ֗ים מִשְׂגַּבִּֽי׃
ספר תהלים/נט	יא	{{ר4}}	{{מ:פסוק|תהלים|נט|יא}}	"אֱלֹהֵ֣י {{כו""ק|חסדו|חַסְדִּ֣י}} יְקַדְּמֵ֑נִי{{ר1}}אֱ֝לֹהִ֗ים יַרְאֵ֥נִי בְשֹׁרְרָֽי׃"
ספר תהלים/נט	יב	{{ר4}}	{{מ:פסוק|תהלים|נט|יב}}	אַל־תַּהַרְגֵ֤ם{{מ:לגרמיה}}פֶּֽן־יִשְׁכְּח֬וּ עַמִּ֗י{{ר1}}הֲנִיעֵ֣מוֹ בְ֭חֵילְךָ וְהוֹרִידֵ֑מוֹ{{ר1}}מָגִנֵּ֣נוּ אֲדֹנָֽי׃
ספר תהלים/נט	יג	{{ר4}}	{{מ:פסוק|תהלים|נט|יג}}	חַטַּאת־פִּ֗ימוֹ{{ר0}}דְּֽבַר־שְׂפָ֫תֵ֥ימוֹ{{ר1}}וְיִלָּכְד֥וּ בִגְאוֹנָ֑ם{{ר1}}וּמֵאָלָ֖ה וּמִכַּ֣חַשׁ יְסַפֵּֽרוּ׃
ספר תהלים/נט	יד	{{ר4}}	{{מ:פסוק|תהלים|נט|יד}}	כַּלֵּ֥ה בְחֵמָה֮{{ר0}}כַּלֵּ{{אתנח הפוך}}ה וְֽאֵ֫ינֵ֥מוֹ{{ר1}}וְֽיֵדְע֗וּ כִּֽי־אֱ֭לֹהִים מֹשֵׁ֣ל בְּֽיַעֲקֹ֑ב{{ר2}}לְאַפְסֵ֖י הָאָ֣רֶץ סֶֽלָה׃
ספר תהלים/נט	טו	{{ר4}}	{{מ:פסוק|תהלים|נט|טו}}	וְיָשֻׁ֣בוּ לָ֭עֶרֶב יֶהֱמ֥וּ כַכָּ֗לֶב{{ר1}}{{נוסח|וִיס֥וֹבְבוּ|א=וִיס֥וֹבֲבוּ (חטף)}} עִֽיר׃
ספר תהלים/נט	טז	{{ר4}}	{{מ:פסוק|תהלים|נט|טז}}	"הֵ֭מָּה {{כו""ק|ינועון|יְנִיע֣וּן}} לֶאֱכֹ֑ל{{ר1}}אִם־לֹ֥א יִ֝שְׂבְּע֗וּ וַיָּלִֽינוּ׃"
ספר תהלים/נט	יז	{{ר4}}	{{מ:פסוק|תהלים|נט|יז}}	וַאֲנִ֤י{{מ:לגרמיה}}אָשִׁ֣יר עֻזֶּךָ֮{{ר1}}וַאֲרַנֵּ֥ן לַבֹּ֗קֶר חַ֫סְדֶּ֥ךָ{{ר3}}כִּֽי־הָיִ֣יתָ מִשְׂגָּ֣ב לִ֑י{{ר1}}וּ֝מָנ֗וֹס בְּי֣וֹם צַר־לִֽי׃
ספר תהלים/נט	יח	{{ר4}}	{{מ:פסוק|תהלים|נט|יח}}	עֻ֭זִּי אֵלֶ֣יךָ אֲזַמֵּ֑רָה{{ר1}}כִּֽי־אֱלֹהִ֥ים מִ֝שְׂגַּבִּ֗י אֱלֹהֵ֥י חַסְדִּֽי׃
ספר תהלים/נט	תתת	<noinclude>//{{תבנית:משתמש:Dovi/טעמי המקרא-סוף}}//{{מ:שוליים-סוף}}//==הפרק בלי מספרים==//{{תבנית:משתמש:Dovi/טעמי המקרא}}//{{#בלי קטע:{{שם הדף המלא}}|סימן}}//{{תבנית:משתמש:Dovi/טעמי המקרא-סוף}}</noinclude>		
ספר תהלים/ס	0	<noinclude>{{תבנית:טעמי המקרא באינטרנט}}//{{מ:שוליים|5}}//{{תבנית:משתמש:Dovi/טעמי המקרא}}//</noinclude>		
ספר תהלים/ס	א	{{פפ}}//	{{מ:פסוק|תהלים|ס|א}}	לַ֭מְנַצֵּחַ עַל־שׁוּשַׁ֣ן עֵד֑וּת{{נוסח|{{ר1}}|פרשה סתומה}}מִכְתָּ֖ם לְדָוִ֣ד לְלַמֵּֽד׃
ספר תהלים/ס	ב	{{ר4}}	{{מ:פסוק|תהלים|ס|ב}}	בְּהַצּוֹת֨וֹ{{מ:לגרמיה}}{{ר0|רווח=לא}}אֶ֥ת{{מ:מקף אפור}}אֲרַ֣ם נַהֲרַיִם֮{{ר1}}וְאֶת־אֲרַ{{אתנח הפוך}}ם צ֫וֹבָ֥ה{{ר3}}וַיָּ֤שׇׁב יוֹאָ֗ב{{ר1}}וַיַּ֣ךְ אֶת־אֱד֣וֹם בְּגֵיא־מֶ֑לַח{{ר2}}שְׁנֵ֖ים עָשָׂ֣ר אָֽלֶף׃
ספר תהלים/ס	ג	{{ר4}}	{{מ:פסוק|תהלים|ס|ג}}	אֱ֭לֹהִים זְנַחְתָּ֣נוּ פְרַצְתָּ֑נוּ{{ר1}}אָ֝נַ֗פְתָּ תְּשׁ֣וֹבֵֽב לָֽנוּ׃
ספר תהלים/ס	ד	{{ר4}}	{{מ:פסוק|תהלים|ס|ד}}	הִרְעַ֣שְׁתָּה אֶ֣רֶץ פְּצַמְתָּ֑הּ{{ר1}}רְפָ֖ה שְׁבָרֶ֣יהָ כִי־מָֽטָה׃
ספר תהלים/ס	ה	{{ר4}}	{{מ:פסוק|תהלים|ס|ה}}	הִרְאִ֣יתָ עַמְּךָ֣ קָשָׁ֑ה{{ר1}}הִ֝שְׁקִיתָ֗נוּ יַ֣יִן תַּרְעֵלָֽה׃
ספר תהלים/ס	ו	{{ר4}}	{{מ:פסוק|תהלים|ס|ו}}	נָ֘תַ֤תָּה לִּירֵאֶ֣יךָ נֵּ֭ס לְהִתְנוֹסֵ֑ס{{ר1}}מִ֝פְּנֵ֗י קֹ֣שֶׁט סֶֽלָה׃
ספר תהלים/ס	ז	{{ר4}}	{{מ:פסוק|תהלים|ס|ז}}	"לְ֭מַעַן יֵחָלְצ֣וּן יְדִידֶ֑יךָ{{ר1}}הוֹשִׁ֖יעָה יְמִינְךָ֣ {{כו""ק|ועננו|וַעֲנֵֽנִי}}׃"
ספר תהלים/ס	ח	{{ר4}}	{{מ:פסוק|תהלים|ס|ח}}	אֱלֹהִ֤ים{{מ:לגרמיה}}דִּבֶּ֥ר בְּקׇדְשׁ֗וֹ{{ר0}}אֶ֫עְלֹ֥זָה{{ר1}}אֲחַלְּקָ֥ה שְׁכֶ֑ם{{ר1}}וְעֵ֖מֶק סֻכּ֣וֹת אֲמַדֵּֽד׃
ספר תהלים/ס	ט	{{ר4}}	{{מ:פסוק|תהלים|ס|ט}}	לִ֤י גִלְעָ֨ד{{מ:לגרמיה}}{{ר0|רווח=לא}}וְלִ֬י מְנַשֶּׁ֗ה{{ר1}}וְ֭אֶפְרַיִם מָע֣וֹז רֹאשִׁ֑י{{ר1}}יְ֝הוּדָ֗ה {{נוסח|מְחֹֽקְקִֽי|א=מְחֹֽקֲקִֽי (חטף)}}׃
ספר תהלים/ס	י	{{ר4}}	{{מ:פסוק|תהלים|ס|י}}	מוֹאָ֤ב{{מ:לגרמיה}}סִ֬יר רַחְצִ֗י{{ר1}}עַל־אֱ֭דוֹם{{ר0}}אַשְׁלִ֣יךְ נַעֲלִ֑י{{ר2}}עָ֝לַ֗י פְּלֶ֣שֶׁת הִתְרוֹעָֽעִי׃
ספר תהלים/ס	יא	{{ר4}}	{{מ:פסוק|תהלים|ס|יא}}	מִ֣י יֹ֭בִלֵנִי עִ֣יר מָצ֑וֹר{{ר1}}מִ֖י נָחַ֣נִי עַד־אֱדֽוֹם׃
ספר תהלים/ס	יב	{{ר4}}	{{מ:פסוק|תהלים|ס|יב}}	הֲלֹֽא־אַתָּ֣ה אֱלֹהִ֣ים זְנַחְתָּ֑נוּ{{ר1}}וְֽלֹא־תֵצֵ֥א אֱ֝לֹהִ֗ים בְּצִבְאוֹתֵֽינוּ׃
ספר תהלים/ס	יג	{{ר4}}	{{מ:פסוק|תהלים|ס|יג}}	הָֽבָה־לָּ֣נוּ עֶזְרָ֣ת מִצָּ֑ר{{ר1}}וְ֝שָׁ֗וְא תְּשׁוּעַ֥ת אָדָֽם׃
ספר תהלים/ס	יד	{{ר4}}	{{מ:פסוק|תהלים|ס|יד}}	"{{נוסח|בֵּאלֹהִ֥ים|=אלש1 ובדפוסים (וכן הכריעו ברויאר ומג""ה)|לפי ברויאר א=בֵּ֭אלֹהִ֥ים? (דחי בנוסף למרכא?) אמנם לא כך נראה בצילום הכתר.}} נַֽעֲשֶׂה־חָ֑יִל{{ר1}}וְ֝ה֗וּא יָב֥וּס צָרֵֽינוּ׃"
ספר תהלים/ס	תתת	<noinclude>//{{תבנית:משתמש:Dovi/טעמי המקרא-סוף}}//{{מ:שוליים-סוף}}//==הפרק בלי מספרים==//{{תבנית:משתמש:Dovi/טעמי המקרא}}//{{#בלי קטע:{{שם הדף המלא}}|סימן}}//{{תבנית:משתמש:Dovi/טעמי המקרא-סוף}}</noinclude>		
ספר תהלים/סא	0	<noinclude>{{תבנית:טעמי המקרא באינטרנט}}//{{מ:שוליים|5}}//{{תבנית:משתמש:Dovi/טעמי המקרא}}//</noinclude>		
ספר תהלים/סא	א	{{פפ}}//	{{מ:פסוק|תהלים|סא|א}}	לַמְנַצֵּ֬חַ{{מ:פסק}}עַֽל־נְגִינַ֬ת לְדָוִֽד׃
ספר תהלים/סא	ב	{{נוסח|{{ר4}}|פרשה פתוחה}}	{{מ:פסוק|תהלים|סא|ב}}	שִׁמְעָ֣ה אֱ֭לֹהִים רִנָּתִ֑י{{ר1}}הַ֝קְשִׁ֗יבָה תְּפִלָּתִֽי׃
ספר תהלים/סא	ג	{{ר4}}	{{מ:פסוק|תהלים|סא|ג}}	מִקְצֵ֤ה הָאָ֨רֶץ{{מ:לגרמיה}}אֵלֶ֣יךָ אֶ֭קְרָא{{ר1}}בַּעֲטֹ֣ף לִבִּ֑י{{ר1}}בְּצוּר־יָר֖וּם מִמֶּ֣נִּי{{ר0}}תַנְחֵֽנִי׃
ספר תהלים/סא	ד	{{ר4}}	{{מ:פסוק|תהלים|סא|ד}}	כִּֽי־הָיִ֣יתָ מַחְסֶ֣ה לִ֑י{{ר1}}{{נוסח|מִגְדַּל־עֹ֝֗ז|א=מִגְדַּל־עֹ֝ז}} מִפְּנֵ֥י אוֹיֵֽב׃
ספר תהלים/סא	ה	{{ר4}}	{{מ:פסוק|תהלים|סא|ה}}	אָג֣וּרָה {{מ:קמץ|ד=בְ֭אׇהׇלְךָ|ס=בְ֭אָהׇלְךָ}} עוֹלָמִ֑ים{{ר1}}אֶ֥חֱסֶ֨ה בְסֵ֖תֶר כְּנָפֶ֣יךָ סֶּֽלָה׃
ספר תהלים/סא	ו	{{ר4}}	{{מ:פסוק|תהלים|סא|ו}}	כִּֽי־אַתָּ֣ה אֱ֭לֹהִים שָׁמַ֣עְתָּ לִנְדָרָ֑י{{ר1}}נָתַ֥תָּ יְ֝רֻשַּׁ֗ת יִרְאֵ֥י שְׁמֶֽךָ׃
ספר תהלים/סא	ז	{{ר4}}	{{מ:פסוק|תהלים|סא|ז}}	יָמִ֣ים עַל־יְמֵי־מֶ֣לֶךְ תּוֹסִ֑יף{{ר1}}שְׁ֝נוֹתָ֗יו כְּמוֹ־דֹ֥ר וָדֹֽר׃
ספר תהלים/סא	ח	{{ר4}}	{{מ:פסוק|תהלים|סא|ח}}	יֵשֵׁ֣ב ע֭וֹלָם לִפְנֵ֣י אֱלֹהִ֑ים{{ר1}}חֶ֥סֶד וֶ֝אֱמֶ֗ת מַ֣ן יִנְצְרֻֽהוּ׃
ספר תהלים/סא	ט	{{ר4}}	{{מ:פסוק|תהלים|סא|ט}}	כֵּ֤ן אֲזַמְּרָ֣ה שִׁמְךָ֣ לָעַ֑ד{{ר1}}לְֽשַׁלְּמִ֥י נְדָרַ֗י י֣וֹם{{מ:פסק}}יֽוֹם׃
ספר תהלים/סא	תתת	<noinclude>//{{תבנית:משתמש:Dovi/טעמי המקרא-סוף}}//{{מ:שוליים-סוף}}//==הפרק בלי מספרים==//{{תבנית:משתמש:Dovi/טעמי המקרא}}//{{#בלי קטע:{{שם הדף המלא}}|סימן}}//{{תבנית:משתמש:Dovi/טעמי המקרא-סוף}}</noinclude>		
ספר תהלים/סב	0	<noinclude>{{תבנית:טעמי המקרא באינטרנט}}//{{מ:שוליים|5}}//{{תבנית:משתמש:Dovi/טעמי המקרא}}//</noinclude>		
ספר תהלים/סב	א	{{פפ}}//	{{מ:פסוק|תהלים|סב|א}}	לַמְנַצֵּ֥חַ עַֽל־יְדוּת֗וּן{{נוסח|{{ר1}}|פרשה סתומה}}מִזְמ֥וֹר לְדָוִֽד׃
ספר תהלים/סב	ב	{{ר4}}	{{מ:פסוק|תהלים|סב|ב}}	אַ֣ךְ אֶל־אֱ֭לֹהִים דּֽוּמִיָּ֣ה נַפְשִׁ֑י{{ר1}}מִ֝מֶּ֗נּוּ יְשׁוּעָתִֽי׃
ספר תהלים/סב	ג	{{ר4}}	{{מ:פסוק|תהלים|סב|ג}}	אַךְ־ה֣וּא צ֭וּרִי וִישׁוּעָתִ֑י{{ר1}}מִ֝שְׂגַּבִּ֗י לֹא־אֶמּ֥וֹט רַבָּֽה׃
ספר תהלים/סב	ד	{{ר4}}	{{מ:פסוק|תהלים|סב|ד}}	"עַד־אָ֤נָה{{מ:לגרמיה}}{{נוסח|תְּה֥וֹתְת֣וּ|טעמים=א (וכן ברויאר ומג""ה)|א=תְּה֥וֹתֲת֣וּ (חטף)|הקלדה=תְּהֽוֹתְת֣וּ (געיה ומונח) בעקבות BHS (וכן במכון ממרא!).}} עַל־אִישׁ֮{{ר1}}תְּרָצְּח{{אתנח הפוך}}וּ כֻ֫לְּכֶ֥ם{{ר2}}כְּקִ֥יר נָט֑וּי{{ר2}}גָּ֝דֵ֗ר הַדְּחוּיָֽה׃"
ספר תהלים/סב	ה	{{ר4}}	{{מ:פסוק|תהלים|סב|ה}}	אַ֤ךְ מִשְּׂאֵת֨וֹ{{מ:לגרמיה}}יָ֥עֲצ֣וּ לְהַדִּיחַ֮{{ר0}}יִרְצ{{אתנח הפוך}}וּ כָ֫זָ֥ב{{ר1}}בְּפִ֥יו יְבָרֵ֑כוּ{{ר1}}וּ֝בְקִרְבָּ֗ם {{נוסח|יְקַֽלְלוּ־סֶֽלָה|א=יְקַֽלֲלוּ־סֶֽלָה (חטף)}}׃
ספר תהלים/סב	ו	{{ר4}}	{{מ:פסוק|תהלים|סב|ו}}	אַ֣ךְ לֵ֭אלֹהִים דּ֣וֹמִּי נַפְשִׁ֑י{{ר1}}כִּֽי־מִ֝מֶּ֗נּוּ תִּקְוָתִֽי׃
ספר תהלים/סב	ז	{{ר4}}	{{מ:פסוק|תהלים|סב|ז}}	אַךְ־ה֣וּא צ֭וּרִי וִישׁוּעָתִ֑י{{ר1}}מִ֝שְׂגַּבִּ֗י לֹ֣א אֶמּֽוֹט׃
ספר תהלים/סב	ח	{{ר4}}	{{מ:פסוק|תהלים|סב|ח}}	עַל־אֱ֭לֹהִים יִשְׁעִ֣י וּכְבוֹדִ֑י{{ר1}}צוּר־עֻזִּ֥י מַ֝חְסִ֗י בֵּאלֹהִֽים׃
ספר תהלים/סב	ט	{{ר4}}	{{מ:פסוק|תהלים|סב|ט}}	בִּטְח֘וּ ב֤וֹ בְכׇל־עֵ֨ת{{מ:לגרמיה}}עָ֗ם{{ר1}}שִׁפְכֽוּ־לְפָנָ֥יו לְבַבְכֶ֑ם{{ר2}}אֱלֹהִ֖ים מַֽחֲסֶה־לָּ֣נוּ{{ר0}}סֶֽלָה׃
ספר תהלים/סב	י	{{ר4}}	{{מ:פסוק|תהלים|סב|י}}	אַ֤ךְ{{מ:לגרמיה}}הֶ֥בֶל בְּנֵֽי־אָדָם֮{{ר1}}כָּזָ{{אתנח הפוך}}ב בְּנֵ֫י{{מ:מקף אפור}}אִ֥ישׁ{{ר2}}בְּמֹאזְנַ֥יִם לַעֲל֑וֹת{{ר2}}{{נוסח|הֵ֝֗מָּה|א=הֵ֝מָּה}} מֵהֶ֥בֶל יָֽחַד׃
ספר תהלים/סב	יא	{{ר4}}	{{מ:פסוק|תהלים|סב|יא}}	אַל־תִּבְטְח֣וּ בְעֹשֶׁק֮{{ר1}}וּבְגָזֵ{{אתנח הפוך}}ל אַל־תֶּ֫הְבָּ֥לוּ{{ר2}}חַ֤יִל{{מ:לגרמיה}}כִּֽי־יָנ֑וּב{{ר2}}אַל־תָּשִׁ֥יתוּ לֵֽב׃
ספר תהלים/סב	יב	{{ר4}}	{{מ:פסוק|תהלים|סב|יב}}	אַחַ֤ת{{מ:לגרמיה}}{{ר0|רווח=לא}}דִּבֶּ֬ר אֱלֹהִ֗ים{{ר1}}שְׁתַּֽיִם־ז֥וּ שָׁמָ֑עְתִּי{{ר2}}כִּ֥י {{נוסח|עֹ֝֗ז|א=עֹ֝ז}} לֵֽאלֹהִֽים׃
ספר תהלים/סב	יג	{{ר4}}	{{מ:פסוק|תהלים|סב|יג}}	וּלְךָֽ־אֲדֹנָ֥י חָ֑סֶד{{ר1}}כִּֽי־אַתָּ֨ה תְשַׁלֵּ֖ם לְאִ֣ישׁ כְּֽמַעֲשֵֽׂהוּ׃
ספר תהלים/סב	תתת	<noinclude>//{{תבנית:משתמש:Dovi/טעמי המקרא-סוף}}//{{מ:שוליים-סוף}}//==הפרק בלי מספרים==//{{תבנית:משתמש:Dovi/טעמי המקרא}}//{{#בלי קטע:{{שם הדף המלא}}|סימן}}//{{תבנית:משתמש:Dovi/טעמי המקרא-סוף}}</noinclude>		
ספר תהלים/סג	0	<noinclude>{{תבנית:טעמי המקרא באינטרנט}}//{{מ:שוליים|5}}//{{תבנית:משתמש:Dovi/טעמי המקרא}}//</noinclude>		
ספר תהלים/סג	א	{{פפ}}//	{{מ:פסוק|תהלים|סג|א}}	מִזְמ֥וֹר לְדָוִ֑ד{{נוסח|{{ר1}}|פרשה סתומה}}בִּ֝הְיוֹת֗וֹ בְּמִדְבַּ֥ר יְהוּדָֽה׃
ספר תהלים/סג	ב	{{ר4}}	{{מ:פסוק|תהלים|סג|ב}}	אֱלֹהִ֤ים{{מ:לגרמיה}}אֵלִ֥י אַתָּ֗ה{{ר0}}אֲֽשַׁ֫חֲרֶ֥ךָּ{{ר1}}צָמְאָ֬ה לְךָ֨{{מ:לגרמיה}}נַפְשִׁ֗י כָּמַ֣הּ לְךָ֣ בְשָׂרִ֑י{{ר2}}בְּאֶֽרֶץ־צִיָּ֖ה וְעָיֵ֣ף בְּלִי־מָֽיִם׃
ספר תהלים/סג	ג	{{ר4}}	{{מ:פסוק|תהלים|סג|ג}}	כֵּ֭ן בַּקֹּ֣דֶשׁ חֲזִיתִ֑ךָ{{ר1}}לִרְא֥וֹת עֻ֝זְּךָ֗ וּכְבוֹדֶֽךָ׃
ספר תהלים/סג	ד	{{ר4}}	{{מ:פסוק|תהלים|סג|ד}}	כִּי־ט֣וֹב חַ֭סְדְּךָ מֵחַיִּ֗ים{{ר1}}שְׂפָתַ֥י יְשַׁבְּחֽוּנְךָ׃
ספר תהלים/סג	ה	{{ר4}}	{{מ:פסוק|תהלים|סג|ה}}	כֵּ֣ן אֲבָרֶכְךָ֣ בְחַיָּ֑י{{ר1}}בְּ֝שִׁמְךָ֗ אֶשָּׂ֥א כַפָּֽי׃
ספר תהלים/סג	ו	{{ר4}}	{{מ:פסוק|תהלים|סג|ו}}	כְּמ֤וֹ חֵ֣לֶב וָ֭דֶשֶׁן תִּשְׂבַּ֣ע נַפְשִׁ֑י{{ר1}}וְשִׂפְתֵ֥י רְ֝נָנ֗וֹת יְהַלֶּל־פִּֽי׃
ספר תהלים/סג	ז	{{ר4}}	{{מ:פסוק|תהלים|סג|ז}}	אִם־זְכַרְתִּ֥יךָ עַל־יְצוּעָ֑י{{ר1}}בְּ֝אַשְׁמֻר֗וֹת אֶהְגֶּה־בָּֽךְ׃
ספר תהלים/סג	ח	{{ר4}}	{{מ:פסוק|תהלים|סג|ח}}	כִּֽי־הָיִ֣יתָ עֶזְרָ֣תָה לִּ֑י{{ר1}}וּבְצֵ֖ל כְּנָפֶ֣יךָ אֲרַנֵּֽן׃
ספר תהלים/סג	ט	{{ר4}}	{{מ:פסוק|תהלים|סג|ט}}	דָּבְקָ֣ה נַפְשִׁ֣י אַחֲרֶ֑יךָ{{ר1}}{{נוסח|בִּ֝֗י|א=בִּ֝י}} תָּמְכָ֥ה יְמִינֶֽךָ׃
ספר תהלים/סג	י	{{ר4}}	{{מ:פסוק|תהלים|סג|י}}	וְהֵ֗מָּה לְ֭שׁוֹאָה יְבַקְשׁ֣וּ נַפְשִׁ֑י{{ר1}}יָ֝בֹ֗אוּ בְּֽתַחְתִּיּ֥וֹת הָאָֽרֶץ׃
ספר תהלים/סג	יא	{{ר4}}	{{מ:פסוק|תהלים|סג|יא}}	יַגִּירֻ֥הוּ עַל־יְדֵי־חָ֑רֶב{{ר1}}מְנָ֖ת שֻׁעָלִ֣ים יִהְיֽוּ׃
ספר תהלים/סג	יב	{{ר4}}	{{מ:פסוק|תהלים|סג|יב}}	וְהַמֶּלֶךְ֮{{ר0}}יִשְׂמַ{{אתנח הפוך}}ח בֵּאלֹ֫הִ֥ים{{ר1}}יִ֭תְהַלֵּל כׇּל־הַנִּשְׁבָּ֣ע בּ֑וֹ{{ר2}}כִּ֥י יִ֝סָּכֵ֗ר פִּ֣י דוֹבְרֵי־שָֽׁקֶר׃
ספר תהלים/סג	תתת	<noinclude>//{{תבנית:משתמש:Dovi/טעמי המקרא-סוף}}//{{מ:שוליים-סוף}}//==הפרק בלי מספרים==//{{תבנית:משתמש:Dovi/טעמי המקרא}}//{{#בלי קטע:{{שם הדף המלא}}|סימן}}//{{תבנית:משתמש:Dovi/טעמי המקרא-סוף}}</noinclude>		
ספר תהלים/סד	0	<noinclude>{{תבנית:טעמי המקרא באינטרנט}}//{{מ:שוליים|5}}//{{תבנית:משתמש:Dovi/טעמי המקרא}}//</noinclude>		
ספר תהלים/סד	א	{{פפ}}//	{{מ:פסוק|תהלים|סד|א}}	לַמְנַצֵּ֗חַ מִזְמ֥וֹר לְדָוִֽד׃
ספר תהלים/סד	ב	{{נוסח|{{ר4}}|פרשה פתוחה}}	{{מ:פסוק|תהלים|סד|ב}}	שְׁמַע־אֱלֹהִ֣ים קוֹלִ֣י בְשִׂיחִ֑י{{ר1}}מִפַּ֥חַד א֝וֹיֵ֗ב תִּצֹּ֥ר חַיָּֽי׃
ספר תהלים/סד	ג	{{ר4}}	{{מ:פסוק|תהלים|סד|ג}}	תַּ֭סְתִּירֵנִי מִסּ֣וֹד מְרֵעִ֑ים{{ר1}}מֵ֝רִגְשַׁ֗ת פֹּ֣עֲלֵי אָֽוֶן׃
ספר תהלים/סד	ד	{{ר4}}	{{מ:פסוק|תהלים|סד|ד}}	אֲשֶׁ֤ר שָׁנְנ֣וּ כַחֶ֣רֶב לְשׁוֹנָ֑ם{{ר1}}דָּֽרְכ֥וּ חִ֝צָּ֗ם דָּבָ֥ר מָֽר׃
ספר תהלים/סד	ה	{{ר4}}	{{מ:פסוק|תהלים|סד|ה}}	לִירֹ֣ת בַּמִּסְתָּרִ֣ים תָּ֑ם{{ר1}}פִּתְאֹ֥ם יֹ֝רֻ֗הוּ וְלֹ֣א יִירָֽאוּ׃
ספר תהלים/סד	ו	{{ר4}}	{{מ:פסוק|תהלים|סד|ו}}	יְחַזְּקוּ־לָ֨מוֹ{{מ:לגרמיה}}דָּ֘בָ֤ר רָ֗ע{{ר1}}יְֽ֭סַפְּרוּ לִטְמ֣וֹן מוֹקְשִׁ֑ים{{ר2}}אָ֝מְר֗וּ{{ר0}}מִ֣י יִרְאֶה־לָּֽמוֹ׃
ספר תהלים/סד	ז	{{ר4}}	{{מ:פסוק|תהלים|סד|ז}}	יַ֥חְפְּֽשׂוּ עוֹלֹ֗ת{{ר1}}תַּ֭מְנוּ חֵ֣פֶשׂ מְחֻפָּ֑שׂ{{ר2}}וְקֶ֥רֶב {{נוסח|אִ֝֗ישׁ|א=אִ֝ישׁ}}{{ר0}}וְלֵ֣ב עָמֹֽק׃
ספר תהלים/סד	ח	{{ר4}}	{{מ:פסוק|תהלים|סד|ח}}	וַיֹּרֵ֗ם{{ר0}}{{נוסח|אֱלֹ֫הִ֥ים|א=אֱ֫לֹהִ֥ים (מקום העולה)}}{{ר1}}חֵ֥ץ פִּתְא֑וֹם{{ר2}}הָ֝י֗וּ מַכּוֹתָֽם׃
ספר תהלים/סד	ט	{{ר4}}	{{מ:פסוק|תהלים|סד|ט}}	וַיַּכְשִׁיל֣וּהוּ עָלֵ֣ימוֹ לְשׁוֹנָ֑ם{{ר1}}{{נוסח|יִ֝תְנֹדְד֗וּ|א=יִ֝תְנֹדֲד֗וּ (חטף)}} כׇּל־רֹ֥אֵה בָֽם׃
ספר תהלים/סד	י	{{ר4}}	{{מ:פסוק|תהלים|סד|י}}	וַיִּֽירְא֗וּ{{ר0}}כׇּל־אָ֫דָ֥ם{{ר1}}וַ֭יַּגִּידוּ פֹּ֥עַל אֱלֹהִ֗ים{{ר2}}וּֽמַעֲשֵׂ֥הוּ הִשְׂכִּֽילוּ׃
ספר תהלים/סד	יא	{{ר4}}	{{מ:פסוק|תהלים|סד|יא}}	יִשְׂמַ֬ח צַדִּ֣יק בַּ֭יהֹוָה וְחָ֣סָה ב֑וֹ{{ר1}}{{נוסח|וְ֝יִתְהַלְל֗וּ|א=וְ֝יִתְהַלֲל֗וּ (חטף)}} כׇּל־יִשְׁרֵי־לֵֽב׃
ספר תהלים/סד	תתת	<noinclude>//{{תבנית:משתמש:Dovi/טעמי המקרא-סוף}}//{{מ:שוליים-סוף}}//==הפרק בלי מספרים==//{{תבנית:משתמש:Dovi/טעמי המקרא}}//{{#בלי קטע:{{שם הדף המלא}}|סימן}}//{{תבנית:משתמש:Dovi/טעמי המקרא-סוף}}</noinclude>		
ספר תהלים/סה	0	<noinclude>{{תבנית:טעמי המקרא באינטרנט}}//{{מ:שוליים|5}}//{{תבנית:משתמש:Dovi/טעמי המקרא}}//</noinclude>		
ספר תהלים/סה	א	{{פפ}}//	{{מ:פסוק|תהלים|סה|א}}	לַמְנַצֵּ֥חַ מִזְמ֗וֹר לְדָוִ֥ד שִֽׁיר׃
ספר תהלים/סה	ב	{{נוסח|{{ר4}}|פרשה פתוחה}}	{{מ:פסוק|תהלים|סה|ב}}	לְךָ֤ דֻֽמִיָּ֬ה תְהִלָּ֓ה אֱלֹ֘הִ֥ים בְּצִיּ֑וֹן{{ר1}}וּ֝לְךָ֗ יְשֻׁלַּם־נֶֽדֶר׃
ספר תהלים/סה	ג	{{ר4}}	{{מ:פסוק|תהלים|סה|ג}}	שֹׁמֵ֥עַ תְּפִלָּ֑ה{{ר1}}עָ֝דֶ֗יךָ כׇּל־בָּשָׂ֥ר יָבֹֽאוּ׃
ספר תהלים/סה	ד	{{ר4}}	{{מ:פסוק|תהלים|סה|ד}}	דִּבְרֵ֣י עֲ֭וֺנֹת גָּ֣בְרוּ מֶ֑נִּי{{ר1}}פְּ֝שָׁעֵ֗ינוּ אַתָּ֥ה תְכַפְּרֵֽם׃
ספר תהלים/סה	ה	{{ר4}}	{{מ:פסוק|תהלים|סה|ה}}	אַשְׁרֵ֤י{{מ:לגרמיה}}{{נוסח|תִּ֥בְחַ֣ר|א=תִּ֥בֲחַ֣ר (חטף)}} וּתְקָרֵב֮{{ר0}}יִשְׁכֹּ{{אתנח הפוך}}ן חֲצֵ֫רֶ֥יךָ{{ר1}}נִ֭שְׂבְּעָה בְּט֣וּב בֵּיתֶ֑ךָ{{ר1}}קְ֝דֹ֗שׁ הֵיכָלֶֽךָ׃
ספר תהלים/סה	ו	{{ר4}}	{{מ:פסוק|תהלים|סה|ו}}	נ֤וֹרָא֨וֹת{{מ:לגרמיה}}בְּצֶ֣דֶק תַּ֭עֲנֵנוּ אֱלֹהֵ֣י יִשְׁעֵ֑נוּ{{ר1}}מִבְטָ֥ח {{נוסח|כׇּל־קַצְוֵי־אֶ֝֗רֶץ|א=כׇּל־קַצְוֵי־אֶ֝רֶץ}} וְיָ֣ם רְחֹקִֽים׃
ספר תהלים/סה	ז	{{ר4}}	{{מ:פסוק|תהלים|סה|ז}}	מֵכִ֣ין הָרִ֣ים בְּכֹח֑וֹ{{ר1}}נֶ֝אְזָ֗ר בִּגְבוּרָֽה׃
ספר תהלים/סה	ח	{{ר4}}	{{מ:פסוק|תהלים|סה|ח}}	מַשְׁבִּ֤יחַ{{מ:לגרמיה}}{{ר0|רווח=לא}}שְׁא֣וֹן יַ֭מִּים{{ר1}}שְׁא֥וֹן גַּלֵּיהֶ֗ם{{ר1}}וַהֲמ֥וֹן לְאֻמִּֽים׃
ספר תהלים/סה	ט	{{ר4}}	{{מ:פסוק|תהלים|סה|ט}}	וַיִּ֤ירְא֨וּ{{מ:לגרמיה}}יֹשְׁבֵ֣י קְ֭צָוֺת מֵאוֹתֹתֶ֑יךָ{{ר1}}מ֤וֹצָֽאֵי בֹ֖קֶר וָעֶ֣רֶב תַּרְנִֽין׃
ספר תהלים/סה	י	{{ר4}}	{{מ:פסוק|תהלים|סה|י}}	פָּ֤קַֽדְתָּ הָאָ֨רֶץ {{נוסח|וַתְּשֹׁ{{גלגל}}קְקֶ֡הָ|א=וַתְּשֹׁ{{גלגל}}קֲקֶ֡הָ (חטף)}} רַבַּ֬ת תַּעְשְׁרֶ֗נָּה{{ר1}}פֶּ֣לֶג אֱ֭לֹהִים מָ֣לֵא מָ֑יִם{{ר2}}תָּכִ֥ין דְּ֝גָנָ֗ם{{ר0}}כִּי־כֵ֥ן תְּכִינֶֽהָ׃
ספר תהלים/סה	יא	{{ר4}}	{{מ:פסוק|תהלים|סה|יא}}	תְּלָמֶ֣יהָ רַ֭וֵּה נַחֵ֣ת גְּדוּדֶ֑הָ{{ר1}}בִּרְבִיבִ֥ים {{נוסח|תְּ֝מֹגְגֶ֗נָּה|א=תְּ֝מֹגֲגֶ֗נָּה (חטף)}} צִמְחָ֥הּ תְּבָרֵֽךְ׃
ספר תהלים/סה	יב	{{ר4}}	{{מ:פסוק|תהלים|סה|יב}}	עִ֭טַּרְתָּ שְׁנַ֣ת טוֹבָתֶ֑ךָ{{ר1}}וּ֝מַעְגָּלֶ֗יךָ יִרְעֲפ֥וּן דָּֽשֶׁן׃
ספר תהלים/סה	יג	{{ר4}}	{{מ:פסוק|תהלים|סה|יג}}	יִ֭רְעֲפוּ נְא֣וֹת מִדְבָּ֑ר{{ר1}}וְ֝גִ֗יל גְּבָע֥וֹת תַּחְגֹּֽרְנָה׃
ספר תהלים/סה	יד	{{ר4}}	{{מ:פסוק|תהלים|סה|יד}}	לָבְשׁ֬וּ כָרִ֨ים{{מ:לגרמיה}}הַצֹּ֗אן{{ר1}}וַעֲמָקִ֥ים יַֽעַטְפוּ־בָ֑ר{{ר2}}יִ֝תְרוֹעֲע֗וּ{{ר0}}אַף־יָשִֽׁירוּ׃
ספר תהלים/סה	תתת	<noinclude>//{{תבנית:משתמש:Dovi/טעמי המקרא-סוף}}//{{מ:שוליים-סוף}}//==הפרק בלי מספרים==//{{תבנית:משתמש:Dovi/טעמי המקרא}}//{{#בלי קטע:{{שם הדף המלא}}|סימן}}//{{תבנית:משתמש:Dovi/טעמי המקרא-סוף}}</noinclude>		
ספר תהלים/סו	0	<noinclude>{{תבנית:טעמי המקרא באינטרנט}}//{{מ:שוליים|5}}//{{תבנית:משתמש:Dovi/טעמי המקרא}}//</noinclude>		
ספר תהלים/סו	א	{{פפ}}//	{{מ:פסוק|תהלים|סו|א}}	לַ֭מְנַצֵּחַ שִׁ֣יר מִזְמ֑וֹר{{נוסח|{{ר1}}|פרשה סתומה}}הָרִ֥יעוּ לֵ֝אלֹהִ֗ים כׇּל־הָאָֽרֶץ׃
ספר תהלים/סו	ב	{{ר4}}	{{מ:פסוק|תהלים|סו|ב}}	זַמְּר֥וּ כְבֽוֹד־שְׁמ֑וֹ{{ר1}}שִׂ֥ימוּ כָ֝ב֗וֹד תְּהִלָּתֽוֹ׃
ספר תהלים/סו	ג	{{ר4}}	{{מ:פסוק|תהלים|סו|ג}}	אִמְר֣וּ לֵ֭אלֹהִים מַה־נּוֹרָ֣א מַעֲשֶׂ֑יךָ{{ר1}}בְּרֹ֥ב עֻ֝זְּךָ֗ יְֽכַחֲשׁ֖וּ לְךָ֣ אֹיְבֶֽיךָ׃
ספר תהלים/סו	ד	{{ר4}}	{{מ:פסוק|תהלים|סו|ד}}	כׇּל־הָאָ֤רֶץ{{מ:לגרמיה}}יִשְׁתַּחֲו֣וּ לְ֭ךָ וִיזַמְּרוּ־לָ֑ךְ{{ר1}}יְזַמְּר֖וּ שִׁמְךָ֣ סֶֽלָה׃
ספר תהלים/סו	ה	{{ר4}}	{{מ:פסוק|תהלים|סו|ה}}	לְכ֣וּ וּ֭רְאוּ מִפְעֲל֣וֹת אֱלֹהִ֑ים{{ר1}}נוֹרָ֥א עֲ֝לִילָ֗ה עַל־בְּנֵ֥י אָדָֽם׃
ספר תהלים/סו	ו	{{ר4}}	{{מ:פסוק|תהלים|סו|ו}}	הָ֤פַךְ יָ֨ם{{מ:לגרמיה}}לְֽיַבָּשָׁ֗ה{{ר1}}בַּ֭נָּהָר יַעַבְר֣וּ בְרָ֑גֶל{{ר2}}{{נוסח|שָׁ֝֗ם|א=שָׁ֝ם}}{{ר0}}נִשְׂמְחָה־בּֽוֹ׃
ספר תהלים/סו	ז	{{ר4}}	{{מ:פסוק|תהלים|סו|ז}}	"מֹ֘שֵׁ֤ל בִּגְבוּרָת֨וֹ{{מ:לגרמיה}}עוֹלָ֗ם{{ר1}}עֵ֭ינָיו{{ר0}}בַּגּוֹיִ֣ם תִּצְפֶּ֑ינָה{{ר2}}{{נוסח|הַסּוֹרְרִ֓ים{{מ:לגרמיה}}|א=הַסּוֹרֲרִ֓ים ׀}}{{ר0|רווח=לא}}אַל־{{קו""כ|ירימו|יָר֖וּמוּ}} לָ֣מוֹ סֶֽלָה׃"
ספר תהלים/סו	ח	{{ר4}}	{{מ:פסוק|תהלים|סו|ח}}	{{נוסח|בָּרְכ֖וּ|א=בָּרֲכ֖וּ (חטף)}} עַמִּ֥ים{{מ:פסק}}אֱלֹהֵ֑ינוּ{{ר1}}וְ֝הַשְׁמִ֗יעוּ ק֣וֹל תְּהִלָּתֽוֹ׃
ספר תהלים/סו	ט	{{ר4}}	{{מ:פסוק|תהלים|סו|ט}}	הַשָּׂ֣ם נַ֭פְשֵׁנוּ בַּחַיִּ֑ים{{ר1}}וְלֹֽא־נָתַ֖ן לַמּ֣וֹט רַגְלֵֽנוּ׃
ספר תהלים/סו	י	{{ר4}}	{{מ:פסוק|תהלים|סו|י}}	כִּֽי־בְחַנְתָּ֥נוּ אֱלֹהִ֑ים{{ר1}}צְ֝רַפְתָּ֗נוּ כִּצְרׇף־כָּֽסֶף׃
ספר תהלים/סו	יא	{{ר4}}	{{מ:פסוק|תהלים|סו|יא}}	הֲבֵאתָ֥נוּ בַמְּצוּדָ֑ה{{ר1}}שַׂ֖מְתָּ מוּעָקָ֣ה בְמׇתְנֵֽינוּ׃
ספר תהלים/סו	יב	{{ר4}}	{{מ:פסוק|תהלים|סו|יב}}	הִרְכַּ֥בְתָּ אֱנ֗וֹשׁ לְרֹ֫אשֵׁ֥נוּ{{ר1}}בָּֽאנוּ־בָאֵ֥שׁ וּבַמַּ֑יִם{{ר1}}וַ֝תּוֹצִיאֵ֗נוּ {{נוסח|לָרְוָיָֽה|א=לָרֲוָיָֽה}}׃
ספר תהלים/סו	יג	{{ר4}}	{{מ:פסוק|תהלים|סו|יג}}	אָב֣וֹא בֵיתְךָ֣ בְעוֹל֑וֹת{{ר1}}אֲשַׁלֵּ֖ם לְךָ֣ נְדָרָֽי׃
ספר תהלים/סו	יד	{{ר4}}	{{מ:פסוק|תהלים|סו|יד}}	אֲשֶׁר־פָּצ֥וּ שְׂפָתָ֑י{{ר1}}{{נוסח|וְדִבֶּר־פִּ֝֗י|א=וְדִבֶּר־פִּ֝י}} בַּצַּר־לִֽי׃
ספר תהלים/סו	טו	{{ר4}}	{{מ:פסוק|תהלים|סו|טו}}	עֹ֘ל֤וֹת מֵיחִ֣ים אַֽעֲלֶה־לָּ֭ךְ{{ר1}}עִם־קְטֹ֣רֶת אֵילִ֑ים{{ר2}}אֶ֥עֱשֶֽׂה בָקָ֖ר עִם־עַתּוּדִ֣ים{{ר0}}סֶֽלָה׃
ספר תהלים/סו	טז	{{ר4}}	{{מ:פסוק|תהלים|סו|טז}}	לְכוּ־שִׁמְע֣וּ וַ֭אֲסַפְּרָה כׇּל־יִרְאֵ֣י אֱלֹהִ֑ים{{ר1}}אֲשֶׁ֖ר עָשָׂ֣ה לְנַפְשִֽׁי׃
ספר תהלים/סו	יז	{{ר4}}	{{מ:פסוק|תהלים|סו|יז}}	אֵלָ֥יו פִּֽי־קָרָ֑אתִי{{ר1}}וְ֝רוֹמַ֗ם תַּ֣חַת לְשׁוֹנִֽי׃
ספר תהלים/סו	יח	{{ר4}}	{{מ:פסוק|תהלים|סו|יח}}	אָ֭וֶן אִם־רָאִ֣יתִי בְלִבִּ֑י{{ר1}}לֹ֖א יִשְׁמַ֣ע{{מ:פסק}}אֲדֹנָֽי׃
ספר תהלים/סו	יט	{{ר4}}	{{מ:פסוק|תהלים|סו|יט}}	אָ֭כֵן שָׁמַ֣ע אֱלֹהִ֑ים{{ר1}}הִ֝קְשִׁ֗יב בְּק֣וֹל תְּפִלָּתִֽי׃
ספר תהלים/סו	כ	{{ר4}}	{{מ:פסוק|תהלים|סו|כ}}	בָּר֥וּךְ אֱלֹהִ֑ים{{ר1}}אֲשֶׁ֥ר לֹֽא־הֵסִ֘יר תְּפִלָּתִ֥י וְ֝חַסְדּ֗וֹ מֵאִתִּֽי׃
ספר תהלים/סו	תתת	<noinclude>//{{תבנית:משתמש:Dovi/טעמי המקרא-סוף}}//{{מ:שוליים-סוף}}//==הפרק בלי מספרים==//{{תבנית:משתמש:Dovi/טעמי המקרא}}//{{#בלי קטע:{{שם הדף המלא}}|סימן}}//{{תבנית:משתמש:Dovi/טעמי המקרא-סוף}}</noinclude>		
ספר תהלים/סז	0	<noinclude>{{תבנית:טעמי המקרא באינטרנט}}//{{מ:שוליים|5}}//{{תבנית:משתמש:Dovi/טעמי המקרא}}//</noinclude>		
ספר תהלים/סז	א	{{פפ}}//	{{מ:פסוק|תהלים|סז|א}}	לַמְנַצֵּ֥חַ בִּנְגִינֹ֗ת מִזְמ֥וֹר שִֽׁיר׃
ספר תהלים/סז	ב	{{נוסח|{{ר4}}|פרשה פתוחה}}	{{מ:פסוק|תהלים|סז|ב}}	אֱֽלֹהִ֗ים יְחׇנֵּ֥נוּ {{נוסח|וִיבָרְכֵ֑נוּ|א=וִיבָרֲכֵ֑נוּ (חטף)}}{{ר1}}יָ֤אֵֽר פָּנָ֖יו אִתָּ֣נוּ סֶֽלָה׃
ספר תהלים/סז	ג	{{ר4}}	{{מ:פסוק|תהלים|סז|ג}}	לָדַ֣עַת בָּאָ֣רֶץ דַּרְכֶּ֑ךָ{{ר1}}בְּכׇל־גּ֝וֹיִ֗ם יְשׁוּעָתֶֽךָ׃
ספר תהלים/סז	ד	{{ר4}}	{{מ:פסוק|תהלים|סז|ד}}	יוֹד֖וּךָ עַמִּ֥ים{{מ:פסק}}אֱלֹהִ֑ים{{ר1}}י֝וֹד֗וּךָ עַמִּ֥ים כֻּלָּֽם׃
ספר תהלים/סז	ה	{{ר4}}	{{מ:פסוק|תהלים|סז|ה}}	{{נוסח|יִ֥שְׂמְח֥וּ|=א (מרכא)|דפוסים,ממ=יִֽשְׂמְח֥וּ (געיה)}} וִירַנְּנ֗וּ{{ר0}}לְאֻ֫מִּ֥ים{{ר1}}כִּֽי־תִשְׁפֹּ֣ט עַמִּ֣ים מִישֹׁ֑ר{{ר2}}וּלְאֻמִּ֓ים{{מ:לגרמיה}}בָּאָ֖רֶץ תַּנְחֵ֣ם סֶֽלָה׃
ספר תהלים/סז	ו	{{ר4}}	{{מ:פסוק|תהלים|סז|ו}}	יוֹד֖וּךָ עַמִּ֥ים{{מ:פסק}}אֱלֹהִ֑ים{{ר1}}י֝וֹד֗וּךָ עַמִּ֥ים כֻּלָּֽם׃
ספר תהלים/סז	ז	{{ר4}}	{{מ:פסוק|תהלים|סז|ז}}	אֶ֭רֶץ נָתְנָ֣ה יְבוּלָ֑הּ{{ר1}}{{נוסח|יְ֝בָרְכֵ֗נוּ|א=יְ֝בָרֲכֵ֗נוּ (חטף)}} אֱלֹהִ֥ים אֱלֹהֵֽינוּ׃
ספר תהלים/סז	ח	{{ר4}}	{{מ:פסוק|תהלים|סז|ח|סדר=ט}}	{{נוסח|יְבָרְכֵ֥נוּ|א=יְבָרֲכֵ֥נוּ (חטף)}} אֱלֹהִ֑ים{{ר1}}וְיִֽירְא֥וּ א֝וֹת֗וֹ כׇּל־אַפְסֵי־אָֽרֶץ׃
ספר תהלים/סז	תתת	<noinclude>//{{תבנית:משתמש:Dovi/טעמי המקרא-סוף}}//{{מ:שוליים-סוף}}//==הפרק בלי מספרים==//{{תבנית:משתמש:Dovi/טעמי המקרא}}//{{#בלי קטע:{{שם הדף המלא}}|סימן}}//{{תבנית:משתמש:Dovi/טעמי המקרא-סוף}}</noinclude>		
ספר תהלים/סח	0	<noinclude>{{תבנית:טעמי המקרא באינטרנט}}//{{מ:שוליים|5}}//{{תבנית:משתמש:Dovi/טעמי המקרא}}//</noinclude>		
ספר תהלים/סח	א	{{פפ}}//	{{מ:פסוק|תהלים|סח|א}}	לַמְנַצֵּ֥חַ לְדָוִ֗ד מִזְמ֥וֹר שִֽׁיר׃
ספר תהלים/סח	ב	{{נוסח|{{ר4}}|פרשה פתוחה}}	{{מ:פסוק|תהלים|סח|ב}}	יָק֣וּם אֱ֭לֹהִים יָפ֣וּצוּ אוֹיְבָ֑יו{{ר1}}וְיָנ֥וּסוּ מְ֝שַׂנְאָ֗יו מִפָּנָֽיו׃
ספר תהלים/סח	ג	{{ר4}}	{{מ:פסוק|תהלים|סח|ג}}	כְּהִנְדֹּ֥ף עָשָׁ֗ן{{ר0}}תִּ֫נְדֹּ֥ף{{ר1}}כְּהִמֵּ֣ס דּ֭וֹנַג מִפְּנֵי־אֵ֑שׁ{{ר2}}יֹאבְד֥וּ רְ֝שָׁעִ֗ים מִפְּנֵ֥י אֱלֹהִֽים׃
ספר תהלים/סח	ד	{{ר4}}	{{מ:פסוק|תהלים|סח|ד}}	וְֽצַדִּיקִ֗ים יִשְׂמְח֣וּ יַ֭עַלְצוּ לִפְנֵ֥י אֱלֹהִ֗ים{{ר1}}וְיָשִׂ֥ישׂוּ בְשִׂמְחָֽה׃
ספר תהלים/סח	ה	{{ר4}}	{{מ:פסוק|תהלים|סח|ה}}	שִׁ֤ירוּ{{מ:לגרמיה}}לֵאלֹהִים֮{{ר0}}זַמְּר{{אתנח הפוך}}וּ שְׁ֫מ֥וֹ{{ר1}}סֹ֡לּוּ לָרֹכֵ֣ב בָּ֭עֲרָבוֹת בְּיָ֥הּ שְׁמ֗וֹ{{ר1}}וְעִלְז֥וּ לְפָנָֽיו׃
ספר תהלים/סח	ו	{{ר4}}	{{מ:פסוק|תהלים|סח|ו}}	אֲבִ֣י יְ֭תוֹמִים וְדַיַּ֣ן אַלְמָנ֑וֹת{{ר1}}אֱ֝לֹהִ֗ים בִּמְע֥וֹן קׇדְשֽׁוֹ׃
ספר תהלים/סח	ז	{{ר4}}	{{מ:פסוק|תהלים|סח|ז}}	אֱלֹהִ֤ים{{מ:לגרמיה}}מ֘וֹשִׁ֤יב יְחִידִ֨ים{{מ:לגרמיה}}בַּ֗יְתָה{{ר1}}מוֹצִ֣יא אֲ֭סִירִים בַּכּוֹשָׁר֑וֹת{{ר2}}אַ֥ךְ {{נוסח|ס֝וֹרְרִ֗ים|א=ס֝וֹרֲרִ֗ים (חטף)}}{{ר0}}שָׁכְנ֥וּ צְחִיחָֽה׃
ספר תהלים/סח	ח	{{ר4}}	{{מ:פסוק|תהלים|סח|ח}}	אֱֽלֹהִ֗ים בְּ֭צֵאתְךָ לִפְנֵ֣י עַמֶּ֑ךָ{{ר1}}בְּצַעְדְּךָ֖ בִישִׁימ֣וֹן סֶֽלָה׃
ספר תהלים/סח	ט	{{ר4}}	{{מ:פסוק|תהלים|סח|ט}}	אֶ֤רֶץ רָעָ֨שָׁה{{מ:לגרמיה}}אַף־שָׁמַ֣יִם נָטְפוּ֮{{ר1}}מִפְּנֵ{{אתנח הפוך}}י אֱלֹ֫הִ֥ים{{ר1}}זֶ֥ה סִינַ֑י{{ר2}}מִפְּנֵ֥י אֱ֝לֹהִ֗ים אֱלֹהֵ֥י יִשְׂרָאֵֽל׃
ספר תהלים/סח	י	{{ר4}}	{{מ:פסוק|תהלים|סח|י}}	גֶּ֣שֶׁם נְ֭דָבוֹת תָּנִ֣יף אֱלֹהִ֑ים{{ר1}}נַחֲלָתְךָ֥ וְ֝נִלְאָ֗ה אַתָּ֥ה כוֹנַנְתָּֽהּ׃
ספר תהלים/סח	יא	{{ר4}}	{{מ:פסוק|תהלים|סח|יא}}	חַיָּתְךָ֥ יָשְׁבוּ־בָ֑הּ{{ר1}}תָּ֤כִֽין בְּטוֹבָתְךָ֖ לֶֽעָנִ֣י אֱלֹהִֽים׃
ספר תהלים/סח	יב	{{ר4}}	{{מ:פסוק|תהלים|סח|יב}}	אֲדֹנָ֥י יִתֶּן־אֹ֑מֶר{{ר1}}הַ֝מְבַשְּׂר֗וֹת צָבָ֥א רָֽב׃
ספר תהלים/סח	יג	{{ר4}}	{{מ:פסוק|תהלים|סח|יג}}	מַלְכֵ֣י צְ֭בָאוֹת יִדֹּד֣וּן יִדֹּד֑וּן{{ר1}}וּנְוַת־{{נוסח|בַּ֝֗יִת|א=בַּ֝יִת}} תְּחַלֵּ֥ק שָׁלָֽל׃
ספר תהלים/סח	יד	{{ר4}}	{{מ:פסוק|תהלים|סח|יד}}	אִֽם־תִּשְׁכְּבוּן֮{{ר0}}בֵּ֤ין שְׁפַ֫תָּ֥יִם{{ר1}}כַּנְפֵ֣י י֭וֹנָה נֶחְפָּ֣ה בַכֶּ֑סֶף{{ר2}}וְ֝אֶבְרוֹתֶ֗יהָ בִּירַקְרַ֥ק חָרֽוּץ׃
ספר תהלים/סח	טו	{{ר4}}	{{מ:פסוק|תהלים|סח|טו}}	בְּפָ֘רֵ֤שׂ שַׁדַּ֓י מְלָ֘כִ֤ים בָּ֗הּ{{ר1}}תַּשְׁלֵ֥ג בְּצַלְמֽוֹן׃
ספר תהלים/סח	טז	{{ר4}}	{{מ:פסוק|תהלים|סח|טז}}	הַר־אֱ֭לֹהִים הַר־בָּשָׁ֑ן{{ר1}}הַ֥ר גַּ֝בְנֻנִּ֗ים הַר־בָּשָֽׁן׃
ספר תהלים/סח	יז	{{ר4}}	{{מ:פסוק|תהלים|סח|יז}}	לָ֤מָּה{{מ:לגרמיה}}תְּֽרַצְּדוּן֮{{ר0}}הָרִ{{אתנח הפוך}}ים גַּבְנֻ֫נִּ֥ים{{ר1}}הָהָ֗ר חָמַ֣ד אֱלֹהִ֣ים לְשִׁבְתּ֑וֹ{{ר2}}אַף־יְ֝הֹוָ֗ה יִשְׁכֹּ֥ן לָנֶֽצַח׃
ספר תהלים/סח	יח	{{ר4}}	{{מ:פסוק|תהלים|סח|יח}}	רֶ֤כֶב אֱלֹהִ֗ים רִבֹּתַ֣יִם אַלְפֵ֣י שִׁנְאָ֑ן{{ר1}}אֲדֹנָ֥י {{נוסח|בָ֝֗ם|א=בָ֝ם}} סִינַ֥י בַּקֹּֽדֶשׁ׃
ספר תהלים/סח	יט	{{ר4}}	{{מ:פסוק|תהלים|סח|יט}}	עָ֘לִ֤יתָ לַמָּר֨וֹם{{מ:לגרמיה}}שָׁ֘בִ֤יתָ שֶּׁ֗בִי{{ר1}}לָקַ֣חְתָּ מַ֭תָּנוֹת בָּאָדָ֑ם{{ר2}}וְאַ֥ף {{נוסח|ס֝וֹרְרִ֗ים|א=ס֝וֹרֲרִ֗ים (חטף)}}{{ר2}}לִשְׁכֹּ֤ן{{מ:לגרמיה}}יָ֬הּ אֱלֹהִֽים׃
ספר תהלים/סח	כ	{{ר4}}	{{מ:פסוק|תהלים|סח|כ}}	בָּ֤ר֣וּךְ אֲדֹנָי֮ י֤וֹם{{מ:לגרמיה}}{{נוסח|י֥֫וֹם|א=י֥וֹם}}{{ר1}}יַעֲמׇס־לָ֗נוּ{{ר1}}הָ֘אֵ֤ל יְֽשׁוּעָתֵ֬נוּ סֶֽלָה׃
ספר תהלים/סח	כא	{{ר4}}	{{מ:פסוק|תהלים|סח|כא}}	"הָ֤אֵ֣ל{{מ:פסק}}לָנוּ֮ אֵ֤ל {{נוסח|לְֽמ֫וֹשָׁע֥וֹת|א=לְֽמוֹשָׁ֫ע֥וֹת (בניגוד למנהגו ה""עולה"" אינו מסומן בהברה הראויה לגעיה)}}{{ר1}}וְלֵיהֹוִ֥ה אֲדֹנָ֑י{{ר1}}לַ֝מָּ֗וֶת תֹּצָאֽוֹת׃"
ספר תהלים/סח	כב	{{ר4}}	{{מ:פסוק|תהלים|סח|כב}}	אַךְ־אֱלֹהִ֗ים יִמְחַץ֮ רֹ֤אשׁ אֹ֫יְבָ֥יו{{ר1}}קׇדְקֹ֥ד שֵׂעָ֑ר{{ר1}}מִ֝תְהַלֵּ֗ךְ בַּאֲשָׁמָֽיו׃
ספר תהלים/סח	כג	{{ר4}}	{{מ:פסוק|תהלים|סח|כג}}	אָמַ֣ר אֲ֭דֹנָי מִבָּשָׁ֣ן אָשִׁ֑יב{{ר1}}אָ֝שִׁ֗יב מִֽמְּצֻל֥וֹת יָֽם׃
ספר תהלים/סח	כד	{{ר4}}	{{מ:פסוק|תהלים|סח|כד}}	לְמַ֤עַן{{מ:לגרמיה}}{{נוסח|תִּ֥מְחַ֥ץ|א=תִּ֥מֲחַ֥ץ (חטף)}} רַגְלְךָ֗ בְּ֫דָ֥ם{{ר1}}לְשׁ֥וֹן כְּלָבֶ֑יךָ{{ר1}}מֵאֹיְבִ֥ים מִנֵּֽהוּ׃
ספר תהלים/סח	כה	{{ר4}}	{{מ:פסוק|תהלים|סח|כה}}	רָא֣וּ הֲלִיכוֹתֶ֣יךָ אֱלֹהִ֑ים{{ר1}}הֲלִ֘יכ֤וֹת אֵלִ֖י מַלְכִּ֣י בַקֹּֽדֶשׁ׃
ספר תהלים/סח	כו	{{ר4}}	{{מ:פסוק|תהלים|סח|כו}}	קִדְּמ֣וּ שָׁ֭רִים אַחַ֣ר נֹגְנִ֑ים{{ר1}}בְּת֥וֹךְ עֲ֝לָמ֗וֹת תּוֹפֵפֽוֹת׃
ספר תהלים/סח	כז	{{ר4}}	{{מ:פסוק|תהלים|סח|כז}}	בְּֽ֭מַקְהֵלוֹת {{נוסח|בָּרְכ֣וּ|א=בָּרֲכ֣וּ (חטף)}} אֱלֹהִ֑ים{{ר1}}אֲ֝דֹנָ֗י מִמְּק֥וֹר יִשְׂרָאֵֽל׃
ספר תהלים/סח	כח	{{ר4}}	{{מ:פסוק|תהלים|סח|כח}}	שָׁ֤ם בִּנְיָמִ֨ן{{מ:לגרמיה}}צָעִ֡יר רֹדֵ֗ם{{ר1}}שָׂרֵ֣י יְ֭הוּדָה רִגְמָתָ֑ם{{ר2}}שָׂרֵ֥י זְ֝בֻל֗וּן{{ר0}}שָׂרֵ֥י נַפְתָּלִֽי׃
ספר תהלים/סח	כט	{{ר4}}	{{מ:פסוק|תהלים|סח|כט}}	צִוָּ֥ה אֱלֹהֶ֗יךָ{{ר0}}עֻ֫זֶּ֥ךָ{{ר1}}עוּזָּ֥ה אֱלֹהִ֑ים{{ר2}}{{נוסח|ז֝֗וּ|א=ז֝וּ}} פָּעַ֥לְתָּ לָּֽנוּ׃
ספר תהלים/סח	ל	{{ר4}}	{{מ:פסוק|תהלים|סח|ל}}	מֵ֭הֵיכָלֶךָ עַל־יְרוּשָׁל{{מ:ירושלם|ָ|֑}}ם{{ר1}}לְךָ֤ יוֹבִ֖ילוּ מְלָכִ֣ים שָֽׁי׃
ספר תהלים/סח	לא	{{ר4}}	{{מ:פסוק|תהלים|סח|לא}}	גְּעַ֨ר חַיַּ{{גלגל}}ת קָנֶ֡ה{{ר1}}עֲדַ֤ת אַבִּירִ֨ים{{מ:לגרמיה}}בְּעֶגְלֵ֬י עַמִּ֗ים{{ר1}}מִתְרַפֵּ֥ס בְּרַצֵּי־כָ֑סֶף{{ר2}}בִּזַּ֥ר עַ֝מִּ֗ים קְרָב֥וֹת יֶחְפָּֽצוּ׃
ספר תהלים/סח	לב	{{ר4}}	{{מ:פסוק|תהלים|סח|לב}}	יֶאֱתָ֣יוּ חַ֭שְׁמַנִּים מִנִּ֣י מִצְרָ֑יִם{{ר1}}כּ֥וּשׁ תָּרִ֥יץ יָ֝דָ֗יו לֵאלֹהִֽים׃
ספר תהלים/סח	לג	{{ר4}}	{{מ:פסוק|תהלים|סח|לג}}	מַמְלְכ֣וֹת הָ֭אָרֶץ שִׁ֣ירוּ לֵאלֹהִ֑ים{{ר1}}זַמְּר֖וּ אֲדֹנָ֣י סֶֽלָה׃
ספר תהלים/סח	לד	{{ר4}}	{{מ:פסוק|תהלים|סח|לד}}	לָ֭רֹכֵב בִּשְׁמֵ֣י שְׁמֵי־קֶ֑דֶם{{ר1}}הֵ֥ן יִתֵּ֥ן בְּ֝קוֹל֗וֹ ק֣וֹל עֹֽז׃
ספר תהלים/סח	לה	{{ר4}}	{{מ:פסוק|תהלים|סח|לה}}	תְּנ֥וּ עֹ֗ז{{ר0}}לֵאלֹ֫הִ֥ים{{ר1}}עַֽל־יִשְׂרָאֵ֥ל גַּאֲוָת֑וֹ{{ר1}}וְ֝עֻזּ֗וֹ בַּשְּׁחָקִֽים׃
ספר תהלים/סח	לו	{{ר4}}	{{מ:פסוק|תהלים|סח|לו}}	נ֤וֹרָ֥א {{נוסח|אֱלֹהִ֗ים|=אל (אין פסק)|דפוסים=<אֱלֹהִ֗ים ׀> (בפסק) וכן בקורן)}} מִֽמִּקְדָּ֫שֶׁ֥יךָ{{ר1}}אֵ֤ל יִשְׂרָאֵ֗ל{{ר1}}ה֤וּא נֹתֵ֨ן{{מ:לגרמיה}}עֹ֖ז וְתַעֲצֻמ֥וֹת לָעָ֗ם{{ר2}}בָּר֥וּךְ אֱלֹהִֽים׃
ספר תהלים/סח	תתת	<noinclude>//{{תבנית:משתמש:Dovi/טעמי המקרא-סוף}}//{{מ:שוליים-סוף}}//==הפרק בלי מספרים==//{{תבנית:משתמש:Dovi/טעמי המקרא}}//{{#בלי קטע:{{שם הדף המלא}}|סימן}}//{{תבנית:משתמש:Dovi/טעמי המקרא-סוף}}</noinclude>		
ספר תהלים/סט	0	<noinclude>{{תבנית:טעמי המקרא באינטרנט}}//{{מ:שוליים|5}}//{{תבנית:משתמש:Dovi/טעמי המקרא}}//</noinclude>		
ספר תהלים/סט	א	{{פפ}}//	{{מ:פסוק|תהלים|סט|א}}	לַמְנַצֵּ֬חַ{{מ:פסק}}עַֽל־שׁוֹשַׁנִּ֬ים לְדָוִֽד׃
ספר תהלים/סט	ב	{{נוסח|{{ר4}}|פרשה פתוחה}}	{{מ:פסוק|תהלים|סט|ב}}	הוֹשִׁיעֵ֥נִי אֱלֹהִ֑ים{{ר1}}כִּ֤י בָ֖אוּ מַ֣יִם עַד־נָֽפֶשׁ׃
ספר תהלים/סט	ג	{{ר4}}	{{מ:פסוק|תהלים|סט|ג}}	טָבַ֤עְתִּי{{מ:לגרמיה}}בִּיוֵ֣ן מְ֭צוּלָה וְאֵ֣ין {{מ:קמץ|ד=מׇעֳמָ֑ד|ס=מָעֳמָ֑ד}}{{ר1}}בָּ֥אתִי {{נוסח|בְמַעֲמַקֵּי־מַ֝֗יִם|א=בְמַעֲמַקֵּי־מַ֝יִם}}{{ר1}}וְשִׁבֹּ֥לֶת שְׁטָפָֽתְנִי׃
ספר תהלים/סט	ד	{{ר4}}	{{מ:פסוק|תהלים|סט|ד}}	יָגַ֣עְתִּי בְקׇרְאִי֮{{ר0}}נִחַ{{אתנח הפוך}}ר גְּר֫וֹנִ֥י{{ר1}}כָּל֥וּ עֵינַ֑י{{ר1}}מְ֝יַחֵ֗ל לֵאלֹהָֽי׃
ספר תהלים/סט	ה	{{ר4}}	{{מ:פסוק|תהלים|סט|ה}}	רַבּ֤וּ{{מ:לגרמיה}}מִשַּׂעֲר֣וֹת רֹאשִׁי֮{{ר0}}שֹׂנְאַ{{אתנח הפוך}}י חִ֫נָּ֥ם{{ר1}}עָצְמ֣וּ מַ֭צְמִיתַי אֹיְבַ֣י שֶׁ֑קֶר{{ר2}}אֲשֶׁ֥ר לֹֽא־גָ֝זַ֗לְתִּי אָ֣ז אָשִֽׁיב׃
ספר תהלים/סט	ו	{{ר4}}	{{מ:פסוק|תהלים|סט|ו}}	אֱֽלֹהִ֗ים אַתָּ֣ה יָ֭דַעְתָּ לְאִוַּלְתִּ֑י{{ר1}}וְ֝אַשְׁמוֹתַ֗י מִמְּךָ֥ לֹֽא־נִכְחָֽדוּ׃
ספר תהלים/סט	ז	{{ר4}}	{{מ:פסוק|תהלים|סט|ז}}	אַל־יֵ֘בֹ֤שׁוּ בִ֨י{{מ:לגרמיה}}קֹוֶיךָ֮{{ר1}}אֲדֹנָ֥י יֱהֹוִ֗ה צְבָ֫א֥וֹת{{ר2}}אַל־יִכָּ֣לְמֽוּ בִ֣י מְבַקְשֶׁ֑יךָ{{ר2}}אֱ֝לֹהֵ֗י יִשְׂרָאֵֽל׃
ספר תהלים/סט	ח	{{ר4}}	{{מ:פסוק|תהלים|סט|ח}}	כִּֽי־עָ֭לֶיךָ נָשָׂ֣אתִי חֶרְפָּ֑ה{{ר1}}כִּסְּתָ֖ה כְלִמָּ֣ה פָנָֽי׃
ספר תהלים/סט	ט	{{ר4}}	{{מ:פסוק|תהלים|סט|ט}}	מ֭וּזָר הָיִ֣יתִי לְאֶחָ֑י{{ר1}}וְ֝נׇכְרִ֗י לִבְנֵ֥י אִמִּֽי׃
ספר תהלים/סט	י	{{ר4}}	{{מ:פסוק|תהלים|סט|י}}	כִּֽי־קִנְאַ֣ת בֵּיתְךָ֣ אֲכָלָ֑תְנִי{{ר1}}וְחֶרְפּ֥וֹת ח֝וֹרְפֶ֗יךָ נָפְל֥וּ עָלָֽי׃
ספר תהלים/סט	יא	{{ר4}}	{{מ:פסוק|תהלים|סט|יא}}	וָאֶבְכֶּ֣ה בַצּ֣וֹם נַפְשִׁ֑י{{ר1}}וַתְּהִ֖י לַחֲרָפ֣וֹת לִֽי׃
ספר תהלים/סט	יב	{{ר4}}	{{מ:פסוק|תהלים|סט|יב}}	וָאֶתְּנָ֣ה לְבוּשִׁ֣י שָׂ֑ק{{ר1}}וָאֱהִ֖י לָהֶ֣ם לְמָשָֽׁל׃
ספר תהלים/סט	יג	{{ר4}}	{{מ:פסוק|תהלים|סט|יג}}	יָשִׂ֣יחוּ בִ֭י יֹ֣שְׁבֵי שָׁ֑עַר{{ר1}}וּ֝נְגִינ֗וֹת שׁוֹתֵ֥י שֵׁכָֽר׃
ספר תהלים/סט	יד	{{ר4}}	{{מ:פסוק|תהלים|סט|יד}}	וַאֲנִ֤י תְפִלָּֽתִי־לְךָ֨{{מ:לגרמיה}}יְהֹוָ֡ה{{ר0}}עֵ֤ת רָצ֗וֹן{{ר1}}אֱלֹהִ֥ים בְּרׇב־חַסְדֶּ֑ךָ{{ר2}}עֲ֝נֵ֗נִי בֶּאֱמֶ֥ת יִשְׁעֶֽךָ׃
ספר תהלים/סט	טו	{{ר4}}	{{מ:פסוק|תהלים|סט|טו}}	הַצִּילֵ֣נִי מִ֭טִּיט וְאַל־אֶטְבָּ֑עָה{{ר1}}אִנָּצְלָ֥ה מִ֝שֹּׂנְאַ֗י וּמִמַּ֖עֲמַקֵּי מָֽיִם׃
ספר תהלים/סט	טז	{{ר4}}	{{מ:פסוק|תהלים|סט|טז}}	אַל־תִּשְׁטְפֵ֤נִי{{מ:לגרמיה}}{{ר0|רווח=לא}}שִׁבֹּ֣לֶת מַ֭יִם{{ר1}}וְאַל־תִּבְלָעֵ֣נִי מְצוּלָ֑ה{{ר2}}וְאַל־תֶּאְטַר־עָלַ֖י בְּאֵ֣ר פִּֽיהָ׃
ספר תהלים/סט	יז	{{ר4}}	{{מ:פסוק|תהלים|סט|יז}}	עֲנֵ֣נִי יְ֭הֹוָה כִּי־ט֣וֹב חַסְדֶּ֑ךָ{{ר1}}כְּרֹ֥ב רַ֝חֲמֶ֗יךָ פְּנֵ֣ה אֵלָֽי׃
ספר תהלים/סט	יח	{{ר4}}	{{מ:פסוק|תהלים|סט|יח}}	וְאַל־תַּסְתֵּ֣ר פָּ֭נֶיךָ מֵעַבְדֶּ֑ךָ{{ר1}}{{נוסח|כִּי־צַר־לִ֝֗י|א=כִּי־צַר־לִ֝י}} מַהֵ֥ר עֲנֵֽנִי׃
ספר תהלים/סט	יט	{{ר4}}	{{מ:פסוק|תהלים|סט|יט}}	קׇרְבָ֣ה אֶל־נַפְשִׁ֣י גְאָלָ֑הּ{{ר1}}לְמַ֖עַן אֹיְבַ֣י פְּדֵֽנִי׃
ספר תהלים/סט	כ	{{ר4}}	{{מ:פסוק|תהלים|סט|כ}}	אַתָּ֤ה יָדַ֗עְתָּ חֶרְפָּתִ֣י וּ֭בׇשְׁתִּי וּכְלִמָּתִ֑י{{ר1}}נֶ֝גְדְּךָ֗ {{נוסח|כׇּל־צוֹרְרָֽי|א=כׇּל־צוֹרֲרָֽי (חטף)}}׃
ספר תהלים/סט	כא	{{ר4}}	{{מ:פסוק|תהלים|סט|כא}}	חֶרְפָּ֤ה{{מ:לגרמיה}}שָׁ֥בְרָ֥ה לִבִּ֗י{{ר0}}וָאָ֫נ֥וּשָׁה{{ר1}}וָאֲקַוֶּ֣ה לָנ֣וּד וָאַ֑יִן{{ר2}}וְ֝לַמְנַחֲמִ֗ים וְלֹ֣א מָצָֽאתִי׃
ספר תהלים/סט	כב	{{ר4}}	{{מ:פסוק|תהלים|סט|כב}}	וַיִּתְּנ֣וּ בְּבָרוּתִ֣י רֹ֑אשׁ{{ר1}}וְ֝לִצְמָאִ֗י יַשְׁק֥וּנִי חֹֽמֶץ׃
ספר תהלים/סט	כג	{{ר4}}	{{מ:פסוק|תהלים|סט|כג}}	יְהִי־שֻׁלְחָנָ֣ם לִפְנֵיהֶ֣ם לְפָ֑ח{{ר1}}וְלִשְׁלוֹמִ֥ים לְמוֹקֵֽשׁ׃
ספר תהלים/סט	כד	{{ר4}}	{{מ:פסוק|תהלים|סט|כד}}	תֶּחְשַׁ֣כְנָה עֵ֭ינֵיהֶם מֵרְא֑וֹת{{ר1}}וּ֝מׇתְנֵיהֶ֗ם תָּמִ֥יד הַמְעַֽד׃
ספר תהלים/סט	כה	{{ר4}}	{{מ:פסוק|תהלים|סט|כה}}	שְׁפׇךְ־עֲלֵיהֶ֥ם זַעְמֶ֑ךָ{{ר1}}וַחֲר֥וֹן אַ֝פְּךָ֗ יַשִּׂיגֵֽם׃
ספר תהלים/סט	כו	{{ר4}}	{{מ:פסוק|תהלים|סט|כו}}	תְּהִי־טִירָתָ֥ם נְשַׁמָּ֑ה{{ר1}}{{מ:קמץ|ד=בְּ֝אׇהֳלֵיהֶ֗ם|ס=בְּ֝אָהֳלֵיהֶ֗ם}} אַל־יְהִ֥י יֹשֵֽׁב׃
ספר תהלים/סט	כז	{{ר4}}	{{מ:פסוק|תהלים|סט|כז}}	כִּי־אַתָּ֣ה אֲשֶׁר־הִכִּ֣יתָ רָדָ֑פוּ{{ר1}}וְאֶל־מַכְא֖וֹב חֲלָלֶ֣יךָ יְסַפֵּֽרוּ׃
ספר תהלים/סט	כח	{{ר4}}	{{מ:פסוק|תהלים|סט|כח}}	תְּֽנָה־עָ֭וֺן עַל־עֲוֺנָ֑ם{{ר1}}וְאַל־יָ֝בֹ֗אוּ בְּצִדְקָתֶֽךָ׃
ספר תהלים/סט	כט	{{ר4}}	{{מ:פסוק|תהלים|סט|כט}}	"{{נוסח|יִ֭מָּח֥וּ|=א? (הקו נטוי ונראה יותר כמרכא, וכן הכריע ברויאר ובעקבותיו במכון ממרא)|א?ל=יִ֭מָּחֽוּ (בגעיה, וכן הכריעו במג""ה)}} מִסֵּ֣פֶר חַיִּ֑ים{{ר1}}וְעִ֥ם צַ֝דִּיקִ֗ים אַל־יִכָּתֵֽבוּ׃"
ספר תהלים/סט	ל	{{ר4}}	{{מ:פסוק|תהלים|סט|ל}}	וַ֭אֲנִי עָנִ֣י וְכוֹאֵ֑ב{{ר1}}יְשׁוּעָתְךָ֖ אֱלֹהִ֣ים תְּשַׂגְּבֵֽנִי׃
ספר תהלים/סט	לא	{{ר4}}	{{מ:פסוק|תהלים|סט|לא}}	{{נוסח|אֲהַלְלָ֣ה|א=אֲהַלֲלָ֣ה (חטף)}} שֵׁם־אֱלֹהִ֣ים בְּשִׁ֑יר{{ר1}}וַאֲגַדְּלֶ֥נּוּ בְתוֹדָֽה׃
ספר תהלים/סט	לב	{{ר4}}	{{מ:פסוק|תהלים|סט|לב}}	וְתִיטַ֣ב לַ֭יהֹוָה מִשּׁ֥וֹר פָּ֗ר{{ר1}}מַקְרִ֥ן מַפְרִֽיס׃
ספר תהלים/סט	לג	{{ר4}}	{{מ:פסוק|תהלים|סט|לג}}	רָא֣וּ עֲנָוִ֣ים יִשְׂמָ֑חוּ{{ר1}}דֹּרְשֵׁ֥י אֱ֝לֹהִ֗ים וִיחִ֥י לְבַבְכֶֽם׃
ספר תהלים/סט	לד	{{ר4}}	{{מ:פסוק|תהלים|סט|לד}}	כִּי־שֹׁמֵ֣עַ אֶל־אֶבְיוֹנִ֣ים יְהֹוָ֑ה{{ר1}}וְאֶת־אֲ֝סִירָ֗יו לֹ֣א בָזָֽה׃
ספר תהלים/סט	לה	{{ר4}}	{{מ:פסוק|תהלים|סט|לה}}	{{נוסח|יְֽ֭הַלְלוּהוּ|א=יְֽ֭הַלֲלוּהוּ (חטף)}} שָׁמַ֣יִם וָאָ֑רֶץ{{ר1}}יַ֝מִּ֗ים וְֽכׇל־רֹמֵ֥שׂ בָּֽם׃
ספר תהלים/סט	לו	{{ר4}}	{{מ:פסוק|תהלים|סט|לו}}	כִּ֤י אֱלֹהִ֨ים{{מ:לגרמיה}}י֘וֹשִׁ֤יעַ צִיּ֗וֹן{{ר1}}וְ֭יִבְנֶה עָרֵ֣י יְהוּדָ֑ה{{ר2}}וְיָ֥שְׁבוּ {{נוסח|שָׁ֝֗ם|א=שָׁ֝ם}} וִירֵשֽׁוּהָ׃
ספר תהלים/סט	לז	{{ר4}}	{{מ:פסוק|תהלים|סט|לז}}	וְזֶ֣רַע עֲ֭בָדָיו יִנְחָל֑וּהָ{{ר1}}וְאֹהֲבֵ֥י שְׁ֝מ֗וֹ יִשְׁכְּנוּ־בָֽהּ׃
ספר תהלים/סט	תתת	<noinclude>//{{תבנית:משתמש:Dovi/טעמי המקרא-סוף}}//{{מ:שוליים-סוף}}//==הפרק בלי מספרים==//{{תבנית:משתמש:Dovi/טעמי המקרא}}//{{#בלי קטע:{{שם הדף המלא}}|סימן}}//{{תבנית:משתמש:Dovi/טעמי המקרא-סוף}}</noinclude>		
ספר תהלים/ע	0	<noinclude>{{תבנית:טעמי המקרא באינטרנט}}//{{מ:שוליים|5}}//{{תבנית:משתמש:Dovi/טעמי המקרא}}//</noinclude>		
ספר תהלים/ע	א	{{פפ}}//	{{מ:פסוק|תהלים|ע|א}}	לַ֝מְנַצֵּ֗חַ לְדָוִ֥ד לְהַזְכִּֽיר׃
ספר תהלים/ע	ב	{{נוסח|{{ר1}}|פרשה סתומה}}	{{מ:פסוק|תהלים|ע|ב}}	אֱלֹהִ֥ים לְהַצִּילֵ֑נִי{{ר2}}יְ֝הֹוָ֗ה{{ר0}}לְעֶזְרָ֥תִי חֽוּשָׁה׃
ספר תהלים/ע	ג	{{ר4}}	{{מ:פסוק|תהלים|ע|ג}}	יֵבֹ֣שׁוּ וְיַחְפְּרוּ֮{{ר0}}מְבַקְשֵׁ{{אתנח הפוך}}י נַ֫פְשִׁ֥י{{ר1}}יִסֹּ֣גוּ אָ֭חוֹר וְיִכָּלְמ֑וּ{{ר1}}חֲ֝פֵצֵ֗י רָעָתִֽי׃
ספר תהלים/ע	ד	{{ר4}}	{{מ:פסוק|תהלים|ע|ד}}	יָ֭שׁוּבוּ עַל־עֵ֣קֶב בׇּשְׁתָּ֑ם{{ר1}}הָ֝אֹמְרִ֗ים הֶ֘אָ֥ח{{מ:פסק}}הֶאָֽח׃
ספר תהלים/ע	ה	{{ר4}}	{{מ:פסוק|תהלים|ע|ה}}	יָ֘שִׂ֤ישׂוּ וְיִשְׂמְח֨וּ{{מ:לגרמיה}}בְּךָ֗{{ר0}}כׇּֽל־מְבַ֫קְשֶׁ֥יךָ{{ר1}}וְיֹאמְר֣וּ תָ֭מִיד יִגְדַּ֣ל אֱלֹהִ֑ים{{ר1}}אֹ֝הֲבֵ֗י יְשׁוּעָתֶֽךָ׃
ספר תהלים/ע	ו	{{ר4}}	{{מ:פסוק|תהלים|ע|ו}}	"וַאֲנִ֤י{{מ:לגרמיה}}עָנִ֣י וְאֶבְיוֹן֮{{ר1}}אֱלֹהִ{{אתנח הפוך}}ים {{נוסח|ח֫וּשָׁה־לִּ֥י|=א (במקף וה""עולה"" בהברה הראויה לגעיה)|דפוסים=<חֽוּשָׁ֫ה לִּ֥י> (וכן ברויאר לשיטתו)}}{{ר3}}עֶזְרִ֣י וּמְפַלְטִ֣י אַ֑תָּה{{ר1}}יְ֝הֹוָ֗ה אַל־תְּאַחַֽר׃"
ספר תהלים/ע	תתת	<noinclude>//{{תבנית:משתמש:Dovi/טעמי המקרא-סוף}}//{{מ:שוליים-סוף}}//==הפרק בלי מספרים==//{{תבנית:משתמש:Dovi/טעמי המקרא}}//{{#בלי קטע:{{שם הדף המלא}}|סימן}}//{{תבנית:משתמש:Dovi/טעמי המקרא-סוף}}</noinclude>		
ספר תהלים/עא	0	<noinclude>{{תבנית:טעמי המקרא באינטרנט}}//{{מ:שוליים|5}}//{{תבנית:משתמש:Dovi/טעמי המקרא}}//</noinclude>		
ספר תהלים/עא	א	{{פפ}}//	{{מ:פסוק|תהלים|עא|א}}	בְּךָֽ־יְהֹוָ֥ה חָסִ֑יתִי{{ר1}}אַל־אֵב֥וֹשָׁה לְעוֹלָֽם׃
ספר תהלים/עא	ב	{{ר4}}	{{מ:פסוק|תהלים|עא|ב}}	בְּצִדְקָֽתְךָ֗ תַּצִּילֵ֥נִי וּֽתְפַלְּטֵ֑נִי{{ר1}}הַטֵּֽה־אֵלַ֥י אׇ֝זְנְךָ֗ וְהוֹשִׁיעֵֽנִי׃
ספר תהלים/עא	ג	{{ר4}}	{{מ:פסוק|תהלים|עא|ג}}	הֱיֵ֤ה לִ֨י{{מ:לגרמיה}}לְצ֥וּר מָע֡וֹן{{ר0}}לָב֗וֹא{{ר1}}תָּמִ֗יד צִוִּ֥יתָ לְהוֹשִׁיעֵ֑נִי{{ר2}}כִּֽי־סַלְעִ֖י וּמְצוּדָתִ֣י אָֽתָּה׃
ספר תהלים/עא	ד	{{ר4}}	{{מ:פסוק|תהלים|עא|ד}}	אֱֽלֹהַ֗י פַּ֭לְּטֵנִי מִיַּ֣ד רָשָׁ֑ע{{ר1}}מִכַּ֖ף מְעַוֵּ֣ל וְחוֹמֵֽץ׃
ספר תהלים/עא	ה	{{ר4}}	{{מ:פסוק|תהלים|עא|ה}}	כִּֽי־אַתָּ֥ה תִקְוָתִ֑י{{ר1}}אֲדֹנָ֥י יֱ֝הֹוִ֗ה מִבְטַחִ֥י מִנְּעוּרָֽי׃
ספר תהלים/עא	ו	{{ר4}}	{{מ:פסוק|תהלים|עא|ו}}	עָלֶ֤יךָ{{מ:לגרמיה}}נִסְמַ֬כְתִּי מִבֶּ֗טֶן{{ר1}}מִמְּעֵ֣י אִ֭מִּי{{ר0}}אַתָּ֣ה גוֹזִ֑י{{ר2}}בְּךָ֖ תְהִלָּתִ֣י תָמִֽיד׃
ספר תהלים/עא	ז	{{ר4}}	{{מ:פסוק|תהלים|עא|ז}}	כְּ֭מוֹפֵת הָיִ֣יתִי לְרַבִּ֑ים{{ר1}}וְ֝אַתָּ֗ה מַחֲסִי־עֹֽז׃
ספר תהלים/עא	ח	{{ר4}}	{{מ:פסוק|תהלים|עא|ח}}	יִמָּ֣לֵא פִ֭י תְּהִלָּתֶ֑ךָ{{ר1}}כׇּל־הַ֝יּ֗וֹם תִּפְאַרְתֶּֽךָ׃
ספר תהלים/עא	ט	{{ר4}}	{{מ:פסוק|תהלים|עא|ט}}	אַֽל־תַּ֭שְׁלִיכֵנִי לְעֵ֣ת זִקְנָ֑ה{{ר1}}כִּכְל֥וֹת כֹּ֝חִ֗י אַֽל־תַּעַזְבֵֽנִי׃
ספר תהלים/עא	י	{{ר4}}	{{מ:פסוק|תהלים|עא|י}}	כִּֽי־אָמְר֣וּ אוֹיְבַ֣י לִ֑י{{ר1}}וְשֹׁמְרֵ֥י נַ֝פְשִׁ֗י נוֹעֲצ֥וּ יַחְדָּֽו׃
ספר תהלים/עא	יא	{{ר4}}	{{מ:פסוק|תהלים|עא|יא}}	לֵ֭אמֹר אֱלֹהִ֣ים עֲזָב֑וֹ{{ר1}}רִֽדְפ֥וּ וְ֝תִפְשׂ֗וּהוּ כִּי־אֵ֥ין מַצִּֽיל׃
ספר תהלים/עא	יב	{{ר4}}	{{מ:פסוק|תהלים|עא|יב}}	"אֱ֭לֹהִים אַל־תִּרְחַ֣ק מִמֶּ֑נִּי{{ר1}}אֱ֝לֹהַ֗י לְעֶזְרָ֥תִי {{כו""ק|חישה|חֽוּשָׁה}}׃"
ספר תהלים/עא	יג	{{ר4}}	{{מ:פסוק|תהלים|עא|יג}}	יֵבֹ֣שׁוּ יִכְלוּ֮{{ר0}}שֹׂטְנֵ{{אתנח הפוך}}י נַ֫פְשִׁ֥י{{ר1}}יַעֲט֣וּ חֶ֭רְפָּה וּכְלִמָּ֑ה{{ר1}}מְ֝בַקְשֵׁ֗י רָֽעָתִֽי׃
ספר תהלים/עא	יד	{{ר4}}	{{מ:פסוק|תהלים|עא|יד}}	וַ֭אֲנִי תָּמִ֣יד אֲיַחֵ֑ל{{ר1}}וְ֝הוֹסַפְתִּ֗י עַל־כׇּל־תְּהִלָּתֶֽךָ׃
ספר תהלים/עא	טו	{{ר4}}	{{מ:פסוק|תהלים|עא|טו}}	פִּ֤י{{מ:לגרמיה}}{{ר0|רווח=לא}}יְסַפֵּ֬ר צִדְקָתֶ֗ךָ{{ר1}}כׇּל־הַיּ֥וֹם תְּשׁוּעָתֶ֑ךָ{{ר2}}כִּ֤י לֹ֖א יָדַ֣עְתִּי סְפֹרֽוֹת׃
ספר תהלים/עא	טז	{{ר4}}	{{מ:פסוק|תהלים|עא|טז}}	אָב֗וֹא בִּ֭גְבֻרוֹת אֲדֹנָ֣י יֱהֹוִ֑ה{{ר1}}אַזְכִּ֖יר צִדְקָתְךָ֣ לְבַדֶּֽךָ׃
ספר תהלים/עא	יז	{{ר4}}	{{מ:פסוק|תהלים|עא|יז}}	אֱֽלֹהִ֗ים לִמַּדְתַּ֥נִי מִנְּעוּרָ֑י{{ר1}}{{נוסח|וְעַד־הֵ֝֗נָּה|א=וְעַד־הֵ֝נָּה}} אַגִּ֥יד נִפְלְאוֹתֶֽיךָ׃
ספר תהלים/עא	יח	{{ר4}}	{{מ:פסוק|תהלים|עא|יח}}	וְגַ֤ם עַד־זִקְנָ֨ה{{מ:לגרמיה}}וְשֵׂיבָה֮{{ר1}}אֱלֹהִ{{אתנח הפוך}}ים {{נוסח|אַֽל־תַּ֫עַזְבֵ֥נִי|=א|ל=אַֽל־תַּעַ֫זְבֵ֥נִי ובדפוסים (מקום העולה, וכן ברויאר לשיטתו)}}{{ר3}}עַד־אַגִּ֣יד זְרוֹעֲךָ֣ לְד֑וֹר{{ר1}}לְכׇל־יָ֝ב֗וֹא גְּבוּרָתֶֽךָ׃
ספר תהלים/עא	יט	{{ר4}}	{{מ:פסוק|תהלים|עא|יט}}	וְצִדְקָתְךָ֥ אֱלֹהִ֗ים{{ר0}}עַד־מָ֫ר֥וֹם{{ר1}}אֲשֶׁר־עָשִׂ֥יתָ גְדֹל֑וֹת{{ר2}}אֱ֝לֹהִ֗ים מִ֣י כָמֽוֹךָ׃
ספר תהלים/עא	כ	{{ר4}}	{{מ:פסוק|תהלים|עא|כ}}	"אֲשֶׁ֤ר {{כו""ק|הראיתנו|הִרְאִיתַ֨נִי{{מ:לגרמיה}}}}צָר֥וֹת רַבּ֗וֹת{{ר0}}וְרָ֫ע֥וֹת{{ר1}}תָּשׁ֥וּב {{כו""ק|תחינו|תְּחַיֵּ֑נִי}}{{ר1}}וּֽמִתְּהֹמ֥וֹת הָ֝אָ֗רֶץ תָּשׁ֥וּב תַּעֲלֵֽנִי׃"
ספר תהלים/עא	כא	{{ר4}}	{{מ:פסוק|תהלים|עא|כא}}	תֶּ֤רֶב{{מ:לגרמיה}}גְּֽדֻלָּתִ֗י{{ר1}}וְתִסֹּ֥ב תְּֽנַחֲמֵֽנִי׃
ספר תהלים/עא	כב	{{ר4}}	{{מ:פסוק|תהלים|עא|כב}}	גַּם־אֲנִ֤י{{מ:לגרמיה}}אוֹדְךָ֣ בִכְלִי־נֶבֶל֮{{ר1}}אֲמִתְּךָ{{אתנח הפוך}} אֱלֹ֫הָ֥י{{ר2}}אֲזַמְּרָ֣ה לְךָ֣ בְכִנּ֑וֹר{{ר2}}קְ֝ד֗וֹשׁ יִשְׂרָאֵֽל׃
ספר תהלים/עא	כג	{{ר4}}	{{מ:פסוק|תהלים|עא|כג}}	תְּרַנֵּ֣נָּה שְׂ֭פָתַי כִּ֣י אֲזַמְּרָה־לָּ֑ךְ{{ר1}}וְ֝נַפְשִׁ֗י אֲשֶׁ֣ר פָּדִֽיתָ׃
ספר תהלים/עא	כד	{{ר4}}	{{מ:פסוק|תהלים|עא|כד}}	גַּם־לְשׁוֹנִ֗י{{ר0}}כׇּל־הַ֭יּוֹם תֶּהְגֶּ֣ה צִדְקָתֶ֑ךָ{{ר1}}כִּי־בֹ֥שׁוּ כִֽי־חָ֝פְר֗וּ מְבַקְשֵׁ֥י רָעָתִֽי׃
ספר תהלים/עא	תתת	<noinclude>//{{תבנית:משתמש:Dovi/טעמי המקרא-סוף}}//{{מ:שוליים-סוף}}//==הפרק בלי מספרים==//{{תבנית:משתמש:Dovi/טעמי המקרא}}//{{#בלי קטע:{{שם הדף המלא}}|סימן}}//{{תבנית:משתמש:Dovi/טעמי המקרא-סוף}}</noinclude>		
ספר תהלים/עב	0	<noinclude>{{תבנית:טעמי המקרא באינטרנט}}//{{מ:שוליים|5}}//{{תבנית:משתמש:Dovi/טעמי המקרא}}//</noinclude>		
ספר תהלים/עב	א	{{פפ}}//	{{מ:פסוק|תהלים|עב|א}}	לִשְׁלֹמֹ֨ה{{מ:לגרמיה}}{{נוסח|{{ר1}}|פרשה סתומה}}אֱֽלֹהִ֗ים{{ר0}}מִ֭שְׁפָּטֶיךָ לְמֶ֣לֶךְ תֵּ֑ן{{ר2}}וְצִדְקָתְךָ֥ לְבֶן־מֶֽלֶךְ׃
ספר תהלים/עב	ב	{{ר4}}	{{מ:פסוק|תהלים|עב|ב}}	יָדִ֣ין עַמְּךָ֣ בְצֶ֑דֶק{{ר1}}וַעֲנִיֶּ֥יךָ בְמִשְׁפָּֽט׃
ספר תהלים/עב	ג	{{ר4}}	{{מ:פסוק|תהלים|עב|ג}}	יִשְׂא֤וּ הָרִ֓ים שָׁ֘ל֥וֹם לָעָ֑ם{{ר1}}וּ֝גְבָע֗וֹת בִּצְדָקָֽה׃
ספר תהלים/עב	ד	{{ר4}}	{{מ:פסוק|תהלים|עב|ד}}	יִשְׁפֹּ֤ט{{מ:לגרמיה}}{{ר0|רווח=לא}}עֲֽנִיֵּי־עָ֗ם{{ר1}}י֭וֹשִׁיעַ לִבְנֵ֣י אֶבְי֑וֹן{{ר1}}וִ֖ידַכֵּ֣א עוֹשֵֽׁק׃
ספר תהלים/עב	ה	{{ר4}}	{{מ:פסוק|תהלים|עב|ה}}	יִירָא֥וּךָ עִם־שָׁ֑מֶשׁ{{ר1}}וְלִפְנֵ֥י יָ֝רֵ֗חַ דּ֣וֹר דּוֹרִֽים׃
ספר תהלים/עב	ו	{{ר4}}	{{מ:פסוק|תהלים|עב|ו}}	יֵ֭רֵד כְּמָטָ֣ר עַל־גֵּ֑ז{{ר1}}כִּ֝רְבִיבִ֗ים זַרְזִ֥יף אָֽרֶץ׃
ספר תהלים/עב	ז	{{ר4}}	{{מ:פסוק|תהלים|עב|ז}}	יִֽפְרַח־בְּיָמָ֥יו צַדִּ֑יק{{ר1}}וְרֹ֥ב שָׁ֝ל֗וֹם עַד־בְּלִ֥י יָרֵֽחַ׃
ספר תהלים/עב	ח	{{ר4}}	{{מ:פסוק|תהלים|עב|ח}}	וְ֭יֵרְדְּ מִיָּ֣ם עַד־יָ֑ם{{ר1}}וּ֝מִנָּהָ֗ר עַד־אַפְסֵי־אָֽרֶץ׃
ספר תהלים/עב	ט	{{ר4}}	{{מ:פסוק|תהלים|עב|ט}}	לְ֭פָנָיו יִכְרְע֣וּ צִיִּ֑ים{{ר1}}וְ֝אֹיְבָ֗יו עָפָ֥ר יְלַחֵֽכוּ׃
ספר תהלים/עב	י	{{ר4}}	{{מ:פסוק|תהלים|עב|י}}	מַלְכֵ֬י תַרְשִׁ֣ישׁ וְ֭אִיִּים{{ר1}}מִנְחָ֣ה יָשִׁ֑יבוּ{{ר3}}מַלְכֵ֥י שְׁבָ֥א וּ֝סְבָ֗א{{ר1}}אֶשְׁכָּ֥ר יַקְרִֽיבוּ׃
ספר תהלים/עב	יא	{{ר4}}	{{מ:פסוק|תהלים|עב|יא}}	וְיִשְׁתַּחֲווּ־ל֥וֹ כׇל־מְלָכִ֑ים{{ר1}}כׇּל־גּוֹיִ֥ם יַעַבְדֽוּהוּ׃
ספר תהלים/עב	יב	{{ר4}}	{{מ:פסוק|תהלים|עב|יב}}	כִּֽי־יַ֭צִּיל אֶבְי֣וֹן מְשַׁוֵּ֑עַ{{ר1}}וְ֝עָנִ֗י וְֽאֵין־עֹזֵ֥ר לֽוֹ׃
ספר תהלים/עב	יג	{{ר4}}	{{מ:פסוק|תהלים|עב|יג}}	יָ֭חֹס עַל־דַּ֣ל וְאֶבְי֑וֹן{{ר1}}וְנַפְשׁ֖וֹת אֶבְיוֹנִ֣ים יוֹשִֽׁיעַ׃
ספר תהלים/עב	יד	{{ר4}}	{{מ:פסוק|תהלים|עב|יד}}	מִתּ֣וֹךְ וּ֭מֵחָמָס יִגְאַ֣ל נַפְשָׁ֑ם{{ר1}}וְיֵיקַ֖ר דָּמָ֣ם בְּעֵינָֽיו׃
ספר תהלים/עב	טו	{{ר4}}	{{מ:פסוק|תהלים|עב|טו}}	וִיחִ֗י{{ר0}}וְיִתֶּן־לוֹ֮ מִזְּהַ{{אתנח הפוך}}ב שְׁ֫בָ֥א{{ר1}}וְיִתְפַּלֵּ֣ל בַּעֲד֣וֹ תָמִ֑יד{{ר2}}כׇּל־הַ֝יּ֗וֹם {{נוסח|יְבָרְכֶֽנְהוּ|א=יְבָרֲכֶֽנְהוּ (חטף)}}׃
ספר תהלים/עב	טז	{{ר4}}	{{מ:פסוק|תהלים|עב|טז}}	יְהִ֤י פִסַּת־בַּ֨ר{{מ:לגרמיה}}בָּאָרֶץ֮{{ר0}}בְּרֹ{{אתנח הפוך}}אשׁ הָ֫רִ֥ים{{ר1}}יִרְעַ֣שׁ כַּלְּבָנ֣וֹן פִּרְי֑וֹ{{ר2}}וְיָצִ֥יצוּ מֵ֝עִ֗יר כְּעֵ֣שֶׂב הָאָֽרֶץ׃
ספר תהלים/עב	יז	{{ר4}}	{{מ:פסוק|תהלים|עב|יז}}	"יְהִ֤י שְׁמ֨וֹ לְֽעוֹלָ֗ם{{ר1}}לִפְנֵי־שֶׁמֶשׁ֮ {{כו""ק|ינין|יִנּ{{אתנח הפוך}}וֹן}} שְׁ֫מ֥וֹ{{ר2}}וְיִתְבָּ֥רְכוּ ב֑וֹ{{ר2}}כׇּל־גּוֹיִ֥ם יְאַשְּׁרֽוּהוּ׃"
ספר תהלים/עב	יח	{{ר4}}	{{מ:פסוק|תהלים|עב|יח}}	בָּר֤וּךְ{{מ:לגרמיה}}יְהֹוָ֣ה אֱ֭לֹהִים אֱלֹהֵ֣י יִשְׂרָאֵ֑ל{{ר1}}עֹשֵׂ֖ה נִפְלָא֣וֹת לְבַדּֽוֹ׃
ספר תהלים/עב	יט	{{ר4}}	{{מ:פסוק|תהלים|עב|יט}}	וּבָר֤וּךְ{{מ:לגרמיה}}שֵׁ֥ם כְּבוֹד֗וֹ{{ר0}}לְע֫וֹלָ֥ם{{ר1}}וְיִמָּלֵ֣א כְ֭בוֹדוֹ אֶת־כֹּ֥ל הָאָ֗רֶץ{{ר1}}אָ֘מֵ֥ן{{מ:פסק}}וְאָמֵֽן׃
ספר תהלים/עב	כ	{{ר4}}	{{מ:פסוק|תהלים|עב|כ|סדר=י}}	כָּלּ֥וּ תְפִלּ֑וֹת{{ר1}}דָּ֝וִ֗ד בֶּן־יִשָֽׁי׃
ספר תהלים/עב	תתת	<noinclude>//{{תבנית:משתמש:Dovi/טעמי המקרא-סוף}}//{{מ:שוליים-סוף}}//==הפרק בלי מספרים==//{{תבנית:משתמש:Dovi/טעמי המקרא}}//{{#בלי קטע:{{שם הדף המלא}}|סימן}}//{{תבנית:משתמש:Dovi/טעמי המקרא-סוף}}</noinclude>		
