ספר בראשית/לז	0	<noinclude>{{תבנית:טעמי המקרא באינטרנט}}//{{מ:שוליים|5}}//{{תבנית:משתמש:Dovi/טעמי המקרא}}//</noinclude>		
ספר בראשית/לז	א	{{פפ}}//	{{מ:פסוק|בראשית|לז|א|סדר=לג|עלייה='''וישב'''|עלייה ראשונה=כן}}	וַיֵּ֣שֶׁב יַעֲקֹ֔ב בְּאֶ֖רֶץ מְגוּרֵ֣י אָבִ֑יו בְּאֶ֖רֶץ כְּנָֽעַן׃
ספר בראשית/לז	ב	__	{{מ:פסוק|בראשית|לז|ב}}	אֵ֣לֶּה{{מ:לגרמיה}}תֹּלְד֣וֹת יַעֲקֹ֗ב יוֹסֵ֞ף בֶּן־שְׁבַֽע־עֶשְׂרֵ֤ה שָׁנָה֙ הָיָ֨ה רֹעֶ֤ה אֶת־אֶחָיו֙ בַּצֹּ֔אן וְה֣וּא נַ֗עַר אֶת־בְּנֵ֥י בִלְהָ֛ה וְאֶת־בְּנֵ֥י זִלְפָּ֖ה נְשֵׁ֣י אָבִ֑יו וַיָּבֵ֥א יוֹסֵ֛ף אֶת־דִּבָּתָ֥ם רָעָ֖ה אֶל־אֲבִיהֶֽם׃
ספר בראשית/לז	ג	__	{{מ:פסוק|בראשית|לז|ג}}	וְיִשְׂרָאֵ֗ל אָהַ֤ב אֶת־יוֹסֵף֙ מִכׇּל־בָּנָ֔יו כִּֽי־בֶן־זְקֻנִ֥ים ה֖וּא ל֑וֹ וְעָ֥שָׂה ל֖וֹ כְּתֹ֥נֶת פַּסִּֽים׃
ספר בראשית/לז	ד	__	{{מ:פסוק|בראשית|לז|ד|עלייה=[לוי]}}	וַיִּרְא֣וּ אֶחָ֗יו כִּֽי־אֹת֞וֹ אָהַ֤ב אֲבִיהֶם֙ מִכׇּל־אֶחָ֔יו וַֽיִּשְׂנְא֖וּ אֹת֑וֹ וְלֹ֥א יָכְל֖וּ דַּבְּר֥וֹ לְשָׁלֹֽם׃
ספר בראשית/לז	ה	__	{{מ:פסוק|בראשית|לז|ה}}	וַיַּחֲלֹ֤ם יוֹסֵף֙ חֲל֔וֹם וַיַּגֵּ֖ד לְאֶחָ֑יו וַיּוֹסִ֥פוּ ע֖וֹד שְׂנֹ֥א אֹתֽוֹ׃
ספר בראשית/לז	ו	__	{{מ:פסוק|בראשית|לז|ו}}	וַיֹּ֖אמֶר אֲלֵיהֶ֑ם שִׁמְעוּ־נָ֕א הַחֲל֥וֹם הַזֶּ֖ה אֲשֶׁ֥ר חָלָֽמְתִּי׃
ספר בראשית/לז	ז	__	{{מ:פסוק|בראשית|לז|ז}}	וְ֠הִנֵּ֠ה אֲנַ֜חְנוּ מְאַלְּמִ֤ים אֲלֻמִּים֙ בְּת֣וֹךְ הַשָּׂדֶ֔ה וְהִנֵּ֛ה קָ֥מָה אֲלֻמָּתִ֖י וְגַם־נִצָּ֑בָה וְהִנֵּ֤ה תְסֻבֶּ֙ינָה֙ אֲלֻמֹּ֣תֵיכֶ֔ם וַתִּֽשְׁתַּחֲוֶ֖יןָ לַאֲלֻמָּתִֽי׃
ספר בראשית/לז	ח	__	{{מ:פסוק|בראשית|לז|ח|עלייה=[ישראל]}}	וַיֹּ֤אמְרוּ לוֹ֙ אֶחָ֔יו הֲמָלֹ֤ךְ תִּמְלֹךְ֙ עָלֵ֔ינוּ אִם־מָשׁ֥וֹל תִּמְשֹׁ֖ל בָּ֑נוּ וַיּוֹסִ֤פוּ עוֹד֙ שְׂנֹ֣א אֹת֔וֹ עַל־חֲלֹמֹתָ֖יו וְעַל־דְּבָרָֽיו׃
ספר בראשית/לז	ט	__	{{מ:פסוק|בראשית|לז|ט}}	וַיַּחֲלֹ֥ם עוֹד֙ חֲל֣וֹם אַחֵ֔ר וַיְסַפֵּ֥ר אֹת֖וֹ לְאֶחָ֑יו וַיֹּ֗אמֶר הִנֵּ֨ה חָלַ֤מְתִּֽי חֲלוֹם֙ ע֔וֹד וְהִנֵּ֧ה הַשֶּׁ֣מֶשׁ וְהַיָּרֵ֗חַ וְאַחַ֤ד עָשָׂר֙ כּֽוֹכָבִ֔ים מִֽשְׁתַּחֲוִ֖ים לִֽי׃
ספר בראשית/לז	י	__	{{מ:פסוק|בראשית|לז|י}}	וַיְסַפֵּ֣ר אֶל־אָבִיו֮ וְאֶל־אֶחָיו֒ וַיִּגְעַר־בּ֣וֹ אָבִ֔יו וַיֹּ֣אמֶר ל֔וֹ מָ֛ה הַחֲל֥וֹם הַזֶּ֖ה אֲשֶׁ֣ר חָלָ֑מְתָּ הֲב֣וֹא נָב֗וֹא אֲנִי֙ וְאִמְּךָ֣ וְאַחֶ֔יךָ לְהִשְׁתַּחֲוֺ֥ת לְךָ֖ אָֽרְצָה׃
ספר בראשית/לז	יא	__	{{מ:פסוק|בראשית|לז|יא}}	וַיְקַנְאוּ־ב֖וֹ אֶחָ֑יו וְאָבִ֖יו שָׁמַ֥ר אֶת־הַדָּבָֽר׃
ספר בראשית/לז	יב	__	{{מ:פסוק|בראשית|לז|יב|עלייה=שני}}	וַיֵּלְכ֖וּ אֶחָ֑יו לִרְע֛וֹת {{מ:אות מנוקדת|אֶׄתׄ־צֹ֥אן}} אֲבִיהֶ֖ם בִּשְׁכֶֽם׃
ספר בראשית/לז	יג	__	{{מ:פסוק|בראשית|לז|יג}}	וַיֹּ֨אמֶר יִשְׂרָאֵ֜ל אֶל־יוֹסֵ֗ף הֲל֤וֹא אַחֶ֙יךָ֙ רֹעִ֣ים בִּשְׁכֶ֔ם לְכָ֖ה וְאֶשְׁלָחֲךָ֣ אֲלֵיהֶ֑ם וַיֹּ֥אמֶר ל֖וֹ הִנֵּֽנִי׃
ספר בראשית/לז	יד	__	{{מ:פסוק|בראשית|לז|יד}}	וַיֹּ֣אמֶר ל֗וֹ לֶךְ־נָ֨א רְאֵ֜ה אֶת־שְׁל֤וֹם אַחֶ֙יךָ֙ וְאֶת־שְׁל֣וֹם הַצֹּ֔אן וַהֲשִׁבֵ֖נִי דָּבָ֑ר וַיִּשְׁלָחֵ֙הוּ֙ מֵעֵ֣מֶק חֶבְר֔וֹן וַיָּבֹ֖א שְׁכֶֽמָה׃
ספר בראשית/לז	טו	__	{{מ:פסוק|בראשית|לז|טו}}	וַיִּמְצָאֵ֣הוּ אִ֔ישׁ וְהִנֵּ֥ה תֹעֶ֖ה בַּשָּׂדֶ֑ה וַיִּשְׁאָלֵ֧הוּ הָאִ֛ישׁ לֵאמֹ֖ר מַה־תְּבַקֵּֽשׁ׃
ספר בראשית/לז	טז	__	{{מ:פסוק|בראשית|לז|טז}}	וַיֹּ֕אמֶר אֶת־אַחַ֖י אָנֹכִ֣י מְבַקֵּ֑שׁ הַגִּֽידָה־נָּ֣א לִ֔י אֵיפֹ֖ה הֵ֥ם רֹעִֽים׃
ספר בראשית/לז	יז	__	{{מ:פסוק|בראשית|לז|יז}}	וַיֹּ֤אמֶר הָאִישׁ֙ נָסְע֣וּ מִזֶּ֔ה כִּ֤י שָׁמַ֙עְתִּי֙ אֹֽמְרִ֔ים נֵלְכָ֖ה דֹּתָ֑יְנָה וַיֵּ֤לֶךְ יוֹסֵף֙ אַחַ֣ר אֶחָ֔יו וַיִּמְצָאֵ֖ם בְּדֹתָֽן׃
ספר בראשית/לז	יח	__	{{מ:פסוק|בראשית|לז|יח}}	וַיִּרְא֥וּ אֹת֖וֹ מֵרָחֹ֑ק וּבְטֶ֙רֶם֙ יִקְרַ֣ב אֲלֵיהֶ֔ם וַיִּֽתְנַכְּל֥וּ אֹת֖וֹ לַהֲמִיתֽוֹ׃
ספר בראשית/לז	יט	__	{{מ:פסוק|בראשית|לז|יט}}	וַיֹּאמְר֖וּ אִ֣ישׁ אֶל־אָחִ֑יו הִנֵּ֗ה בַּ֛עַל הַחֲלֹמ֥וֹת הַלָּזֶ֖ה בָּֽא׃
ספר בראשית/לז	כ	__	{{מ:פסוק|בראשית|לז|כ}}	וְעַתָּ֣ה{{מ:לגרמיה}}לְכ֣וּ וְנַֽהַרְגֵ֗הוּ וְנַשְׁלִכֵ֙הוּ֙ בְּאַחַ֣ד הַבֹּר֔וֹת וְאָמַ֕רְנוּ חַיָּ֥ה רָעָ֖ה אֲכָלָ֑תְהוּ וְנִרְאֶ֕ה מַה־יִּהְי֖וּ חֲלֹמֹתָֽיו׃
ספר בראשית/לז	כא	__	{{מ:פסוק|בראשית|לז|כא}}	וַיִּשְׁמַ֣ע רְאוּבֵ֔ן וַיַּצִּלֵ֖הוּ מִיָּדָ֑ם וַיֹּ֕אמֶר לֹ֥א נַכֶּ֖נּוּ נָֽפֶשׁ׃
ספר בראשית/לז	כב	__	{{מ:פסוק|בראשית|לז|כב}}	וַיֹּ֨אמֶר אֲלֵהֶ֣ם{{מ:פסק}}רְאוּבֵן֮ אַל־תִּשְׁפְּכוּ־דָם֒ הַשְׁלִ֣יכוּ אֹת֗וֹ אֶל־הַבּ֤וֹר הַזֶּה֙ אֲשֶׁ֣ר בַּמִּדְבָּ֔ר וְיָ֖ד אַל־תִּשְׁלְחוּ־ב֑וֹ לְמַ֗עַן הַצִּ֤יל אֹתוֹ֙ מִיָּדָ֔ם לַהֲשִׁיב֖וֹ אֶל־אָבִֽיו׃
ספר בראשית/לז	כג	__	{{מ:פסוק|בראשית|לז|כג|עלייה=שלישי}}	{{נוסח|וַֽיְהִ֕י|ל=וַֽיְהִ֕י בגעיה ימנית|ל1=וַיְהִ֕י (אין געיה) וברויאר תיקן על פיו}} {{נוסח|כַּֽאֲשֶׁר־בָּ֥א|ל=כַּֽאֲשֶׁר־בָּ֥א בגעיה ימנית}} יוֹסֵ֖ף אֶל־אֶחָ֑יו וַיַּפְשִׁ֤יטוּ אֶת־יוֹסֵף֙ אֶת־כֻּתׇּנְתּ֔וֹ אֶת־כְּתֹ֥נֶת הַפַּסִּ֖ים אֲשֶׁ֥ר עָלָֽיו׃
ספר בראשית/לז	כד	__	{{מ:פסוק|בראשית|לז|כד}}	וַיִּ֨קָּחֻ֔הוּ וַיַּשְׁלִ֥כוּ אֹת֖וֹ הַבֹּ֑רָה וְהַבּ֣וֹר רֵ֔ק אֵ֥ין בּ֖וֹ מָֽיִם׃
ספר בראשית/לז	כה	__	{{מ:פסוק|בראשית|לז|כה}}	וַיֵּשְׁבוּ֮ לֶֽאֱכׇל־לֶ֒חֶם֒ וַיִּשְׂא֤וּ עֵֽינֵיהֶם֙ וַיִּרְא֔וּ וְהִנֵּה֙ אֹרְחַ֣ת יִשְׁמְעֵאלִ֔ים בָּאָ֖ה מִגִּלְעָ֑ד וּגְמַלֵּיהֶ֣ם נֹֽשְׂאִ֗ים נְכֹאת֙ וּצְרִ֣י וָלֹ֔ט הוֹלְכִ֖ים לְהוֹרִ֥יד מִצְרָֽיְמָה׃
ספר בראשית/לז	כו	__	{{מ:פסוק|בראשית|לז|כו}}	וַיֹּ֥אמֶר יְהוּדָ֖ה אֶל־אֶחָ֑יו מַה־בֶּ֗צַע כִּ֤י נַהֲרֹג֙ אֶת־אָחִ֔ינוּ וְכִסִּ֖ינוּ אֶת־דָּמֽוֹ׃
ספר בראשית/לז	כז	__	{{מ:פסוק|בראשית|לז|כז}}	לְכ֞וּ וְנִמְכְּרֶ֣נּוּ לַיִּשְׁמְעֵאלִ֗ים וְיָדֵ֙נוּ֙ אַל־תְּהִי־ב֔וֹ כִּֽי־אָחִ֥ינוּ בְשָׂרֵ֖נוּ ה֑וּא וַֽיִּשְׁמְע֖וּ אֶחָֽיו׃
ספר בראשית/לז	כח	__	{{מ:פסוק|בראשית|לז|כח}}	וַיַּֽעַבְרוּ֩ אֲנָשִׁ֨ים מִדְיָנִ֜ים סֹֽחֲרִ֗ים וַֽיִּמְשְׁכוּ֙ וַיַּֽעֲל֤וּ אֶת־יוֹסֵף֙ מִן־הַבּ֔וֹר וַיִּמְכְּר֧וּ אֶת־יוֹסֵ֛ף לַיִּשְׁמְעֵאלִ֖ים בְּעֶשְׂרִ֣ים כָּ֑סֶף וַיָּבִ֥יאוּ אֶת־יוֹסֵ֖ף מִצְרָֽיְמָה׃
ספר בראשית/לז	כט	__	{{מ:פסוק|בראשית|לז|כט}}	וַיָּ֤שׇׁב רְאוּבֵן֙ אֶל־הַבּ֔וֹר וְהִנֵּ֥ה אֵין־יוֹסֵ֖ף בַּבּ֑וֹר וַיִּקְרַ֖ע אֶת־בְּגָדָֽיו׃
ספר בראשית/לז	ל	__	{{מ:פסוק|בראשית|לז|ל}}	וַיָּ֥שׇׁב אֶל־אֶחָ֖יו וַיֹּאמַ֑ר הַיֶּ֣לֶד אֵינֶ֔נּוּ וַאֲנִ֖י אָ֥נָה אֲנִי־בָֽא׃
ספר בראשית/לז	לא	__	{{מ:פסוק|בראשית|לז|לא}}	וַיִּקְח֖וּ אֶת־כְּתֹ֣נֶת יוֹסֵ֑ף וַֽיִּשְׁחֲטוּ֙ שְׂעִ֣יר עִזִּ֔ים וַיִּטְבְּל֥וּ אֶת־הַכֻּתֹּ֖נֶת בַּדָּֽם׃
ספר בראשית/לז	לב	__	{{מ:פסוק|בראשית|לז|לב}}	וַֽיְשַׁלְּח֞וּ אֶת־כְּתֹ֣נֶת הַפַּסִּ֗ים וַיָּבִ֙יאוּ֙ אֶל־אֲבִיהֶ֔ם וַיֹּאמְר֖וּ זֹ֣את מָצָ֑אנוּ {{נוסח|הַכֶּר־נָ֗א|=א(ס)ל <גרשיים? אינו כן אלא ברביע>|דפוסים=הַכֶּר־נָ֞א (גרשיים)}} הַכְּתֹ֧נֶת בִּנְךָ֛ הִ֖וא אִם־לֹֽא׃
ספר בראשית/לז	לג	__	{{מ:פסוק|בראשית|לז|לג}}	וַיַּכִּירָ֤הּ וַיֹּ֙אמֶר֙ כְּתֹ֣נֶת בְּנִ֔י חַיָּ֥ה רָעָ֖ה אֲכָלָ֑תְהוּ טָרֹ֥ף טֹרַ֖ף יוֹסֵֽף׃
ספר בראשית/לז	לד	__	{{מ:פסוק|בראשית|לז|לד}}	וַיִּקְרַ֤ע יַעֲקֹב֙ שִׂמְלֹתָ֔יו וַיָּ֥שֶׂם שַׂ֖ק בְּמׇתְנָ֑יו וַיִּתְאַבֵּ֥ל עַל־בְּנ֖וֹ יָמִ֥ים רַבִּֽים׃
ספר בראשית/לז	לה	__	{{מ:פסוק|בראשית|לז|לה}}	וַיָּקֻ֩מוּ֩ כׇל־בָּנָ֨יו וְכׇל־בְּנֹתָ֜יו לְנַחֲמ֗וֹ וַיְמָאֵן֙ לְהִתְנַחֵ֔ם וַיֹּ֕אמֶר כִּֽי־אֵרֵ֧ד אֶל־בְּנִ֛י אָבֵ֖ל שְׁאֹ֑לָה וַיֵּ֥בְךְּ אֹת֖וֹ אָבִֽיו׃
ספר בראשית/לז	לו	__	{{מ:פסוק|בראשית|לז|לו}}	וְהַ֨מְּדָנִ֔ים מָכְר֥וּ אֹת֖וֹ אֶל־מִצְרָ֑יִם לְפֽוֹטִיפַר֙ סְרִ֣יס פַּרְעֹ֔ה שַׂ֖ר הַטַּבָּחִֽים׃
ספר בראשית/לז	תתת	<noinclude>//{{תבנית:משתמש:Dovi/טעמי המקרא-סוף}}//{{מ:שוליים-סוף}}//==הפרק בלי מספרים==//{{תבנית:משתמש:Dovi/טעמי המקרא}}//{{#בלי קטע:{{שם הדף המלא}}|סימן}}//{{תבנית:משתמש:Dovi/טעמי המקרא-סוף}}</noinclude>		
ספר בראשית/לח	0	<noinclude>{{תבנית:טעמי המקרא באינטרנט}}//{{מ:שוליים|5}}//{{תבנית:משתמש:Dovi/טעמי המקרא}}//</noinclude>		
ספר בראשית/לח	א	{{פפ}}//	{{מ:פסוק|בראשית|לח|א|סדר=לד|עלייה=רביעי}}	וַֽיְהִי֙ בָּעֵ֣ת הַהִ֔וא וַיֵּ֥רֶד יְהוּדָ֖ה מֵאֵ֣ת אֶחָ֑יו וַיֵּ֛ט עַד־אִ֥ישׁ עֲדֻלָּמִ֖י וּשְׁמ֥וֹ חִירָֽה׃
ספר בראשית/לח	ב	__	{{מ:פסוק|בראשית|לח|ב}}	וַיַּרְא־שָׁ֧ם יְהוּדָ֛ה בַּת־אִ֥ישׁ כְּנַעֲנִ֖י וּשְׁמ֣וֹ שׁ֑וּעַ וַיִּקָּחֶ֖הָ וַיָּבֹ֥א אֵלֶֽיהָ׃
ספר בראשית/לח	ג	__	{{מ:פסוק|בראשית|לח|ג}}	וַתַּ֖הַר וַתֵּ֣לֶד בֵּ֑ן וַיִּקְרָ֥א אֶת־שְׁמ֖וֹ עֵֽר׃
ספר בראשית/לח	ד	__	{{מ:פסוק|בראשית|לח|ד}}	וַתַּ֥הַר ע֖וֹד וַתֵּ֣לֶד בֵּ֑ן וַתִּקְרָ֥א אֶת־שְׁמ֖וֹ אוֹנָֽן׃
ספר בראשית/לח	ה	__	{{מ:פסוק|בראשית|לח|ה}}	וַתֹּ֤סֶף עוֹד֙ וַתֵּ֣לֶד בֵּ֔ן וַתִּקְרָ֥א אֶת־שְׁמ֖וֹ שֵׁלָ֑ה וְהָיָ֥ה בִכְזִ֖יב בְּלִדְתָּ֥הּ אֹתֽוֹ׃
ספר בראשית/לח	ו	__	{{מ:פסוק|בראשית|לח|ו}}	וַיִּקַּ֧ח יְהוּדָ֛ה אִשָּׁ֖ה לְעֵ֣ר בְּכוֹר֑וֹ וּשְׁמָ֖הּ תָּמָֽר׃
ספר בראשית/לח	ז	__	{{מ:פסוק|בראשית|לח|ז}}	וַיְהִ֗י עֵ֚ר בְּכ֣וֹר יְהוּדָ֔ה רַ֖ע בְּעֵינֵ֣י יְהֹוָ֑ה וַיְמִתֵ֖הוּ יְהֹוָֽה׃
ספר בראשית/לח	ח	__	{{מ:פסוק|בראשית|לח|ח}}	וַיֹּ֤אמֶר יְהוּדָה֙ לְאוֹנָ֔ן בֹּ֛א אֶל־אֵ֥שֶׁת אָחִ֖יךָ וְיַבֵּ֣ם אֹתָ֑הּ וְהָקֵ֥ם זֶ֖רַע לְאָחִֽיךָ׃
ספר בראשית/לח	ט	__	{{מ:פסוק|בראשית|לח|ט}}	"וַיֵּ֣דַע אוֹנָ֔ן כִּ֛י {{נוסח|לֹּ֥א|=ל (למ""ד דגושה) ועל פיו בדותן, ברויאר ומג""ה (וכן בקורן)|אין דגש ברוב הדפוסים|הערת המקליד לניקוד חריג בכתי""ל}} ל֖וֹ יִהְיֶ֣ה הַזָּ֑רַע וְהָיָ֞ה אִם־בָּ֨א אֶל־אֵ֤שֶׁת אָחִיו֙ וְשִׁחֵ֣ת אַ֔רְצָה לְבִלְתִּ֥י נְתׇן־זֶ֖רַע לְאָחִֽיו׃"
ספר בראשית/לח	י	__	{{מ:פסוק|בראשית|לח|י}}	וַיֵּ֛רַע בְּעֵינֵ֥י יְהֹוָ֖ה אֲשֶׁ֣ר עָשָׂ֑ה וַיָּ֖מֶת גַּם־אֹתֽוֹ׃
ספר בראשית/לח	יא	__	{{מ:פסוק|בראשית|לח|יא}}	"וַיֹּ֣אמֶר יְהוּדָה֩ לְתָמָ֨ר כַּלָּת֜וֹ שְׁבִ֧י אַלְמָנָ֣ה בֵית־אָבִ֗יךְ עַד־יִגְדַּל֙ שֵׁלָ֣ה {{נוסח|בְנִ֔י|=ש ובדפוסים|ל=בְנְ֔י (נו""ן בשתי נקודות שווא!)|הערת דותן}} כִּ֣י אָמַ֔ר פֶּן־יָמ֥וּת גַּם־ה֖וּא כְּאֶחָ֑יו וַתֵּ֣לֶךְ תָּמָ֔ר וַתֵּ֖שֶׁב בֵּ֥ית אָבִֽיהָ׃"
ספר בראשית/לח	יב	__	{{מ:פסוק|בראשית|לח|יב}}	וַיִּרְבּוּ֙ הַיָּמִ֔ים וַתָּ֖מׇת בַּת־שׁ֣וּעַ אֵֽשֶׁת־יְהוּדָ֑ה וַיִּנָּ֣חֶם יְהוּדָ֗ה וַיַּ֜עַל {{נוסח|עַל־גֹּֽזְזֵ֤י|=ש ובדפוסים|ל=עַל־גֹּֽזֲזֵ֤י (חטף)|הערת ברויאר}} צֹאנוֹ֙ ה֗וּא וְחִירָ֛ה רֵעֵ֥הוּ הָעֲדֻלָּמִ֖י תִּמְנָֽתָה׃
ספר בראשית/לח	יג	__	{{מ:פסוק|בראשית|לח|יג}}	וַיֻּגַּ֥ד לְתָמָ֖ר לֵאמֹ֑ר הִנֵּ֥ה חָמִ֛יךְ עֹלֶ֥ה תִמְנָ֖תָה לָגֹ֥ז צֹאנֽוֹ׃
ספר בראשית/לח	יד	__	{{מ:פסוק|בראשית|לח|יד}}	וַתָּ֩סַר֩ בִּגְדֵ֨י אַלְמְנוּתָ֜הּ מֵֽעָלֶ֗יהָ וַתְּכַ֤ס בַּצָּעִיף֙ וַתִּתְעַלָּ֔ף וַתֵּ֙שֶׁב֙ בְּפֶ֣תַח עֵינַ֔יִם אֲשֶׁ֖ר עַל־דֶּ֣רֶךְ תִּמְנָ֑תָה כִּ֤י רָאֲתָה֙ כִּֽי־גָדַ֣ל שֵׁלָ֔ה וְהִ֕וא לֹֽא־נִתְּנָ֥ה ל֖וֹ לְאִשָּֽׁה׃
ספר בראשית/לח	טו	__	{{מ:פסוק|בראשית|לח|טו}}	וַיִּרְאֶ֣הָ יְהוּדָ֔ה {{נוסח|וַֽיַּחְשְׁבֶ֖הָ|ל=וַֽיַּחְשְׁבֶ֖הָ בגעיה ימנית}} לְזוֹנָ֑ה כִּ֥י כִסְּתָ֖ה פָּנֶֽיהָ׃
ספר בראשית/לח	טז	__	{{מ:פסוק|בראשית|לח|טז}}	"וַיֵּ֨ט אֵלֶ֜יהָ אֶל־הַדֶּ֗רֶךְ וַיֹּ֙אמֶר֙ {{נוסח|הָֽבָה־נָּא֙|=ל (""הבה"" מוקפת)|דפוסים=הָ֤בָה נָּא֙ (""הבה"" בטעם מהפך)}} אָב֣וֹא אֵלַ֔יִךְ כִּ֚י לֹ֣א יָדַ֔ע כִּ֥י כַלָּת֖וֹ הִ֑וא וַתֹּ֙אמֶר֙ {{נוסח|מַה־תִּתֶּן־לִ֔י|=ש ומ""ש|ל=מַה־תִּתֶּן־לִּ֔י (למ""ד דגושה)|הערות ברויאר והמקליד}} כִּ֥י תָב֖וֹא אֵלָֽי׃"
ספר בראשית/לח	יז	__	{{מ:פסוק|בראשית|לח|יז}}	וַיֹּ֕אמֶר אָנֹכִ֛י אֲשַׁלַּ֥ח גְּדִֽי־עִזִּ֖ים מִן־הַצֹּ֑אן וַתֹּ֕אמֶר אִם־תִּתֵּ֥ן עֵרָב֖וֹן עַ֥ד שָׁלְחֶֽךָ׃
ספר בראשית/לח	יח	__	{{מ:פסוק|בראשית|לח|יח}}	"וַיֹּ֗אמֶר מָ֣ה {{נוסח|הָעֵֽרָבוֹן֮|ראו רשימת ברויאר ב""ספיקות שאין להם הכרע"", הערה 8 ובספר טעמי המקרא פרק ח (וכן בקורן ובמג""ה).|ל=הָֽעֵרָבוֹן֮ (! ובגעיה ימנית) וכן אצל ברויאר.|ל1=הָעֵרָבוֹן֮}} אֲשֶׁ֣ר {{נוסח|אֶתֶּן־לָךְ֒|=שש1(?) ובדפוסים|ל=אֶתֶּן־לָּךְ֒ (למ""ד דגושה)|הערת ברויאר}} וַתֹּ֗אמֶר חֹתָֽמְךָ֙ וּפְתִילֶ֔ךָ וּמַטְּךָ֖ אֲשֶׁ֣ר בְּיָדֶ֑ךָ {{נוסח|וַיִּתֶּן־לָ֛הּ|=שש1 ובדפוסים|ל=וַיִּתֶּן־לָּ֛הּ (למ""ד דגושה)|הערת ברויאר}} וַיָּבֹ֥א אֵלֶ֖יהָ וַתַּ֥הַר לֽוֹ׃"
ספר בראשית/לח	יט	__	{{מ:פסוק|בראשית|לח|יט}}	וַתָּ֣קׇם וַתֵּ֔לֶךְ וַתָּ֥סַר צְעִיפָ֖הּ מֵעָלֶ֑יהָ וַתִּלְבַּ֖שׁ בִּגְדֵ֥י אַלְמְנוּתָֽהּ׃
ספר בראשית/לח	כ	__	{{מ:פסוק|בראשית|לח|כ}}	וַיִּשְׁלַ֨ח יְהוּדָ֜ה אֶת־גְּדִ֣י הָֽעִזִּ֗ים בְּיַד֙ רֵעֵ֣הוּ הָֽעֲדֻלָּמִ֔י לָקַ֥חַת הָעֵרָב֖וֹן מִיַּ֣ד הָאִשָּׁ֑ה וְלֹ֖א מְצָאָֽהּ׃
ספר בראשית/לח	כא	__	{{מ:פסוק|בראשית|לח|כא}}	וַיִּשְׁאַ֞ל אֶת־אַנְשֵׁ֤י מְקֹמָהּ֙ לֵאמֹ֔ר אַיֵּ֧ה הַקְּדֵשָׁ֛ה הִ֥וא בָעֵינַ֖יִם עַל־הַדָּ֑רֶךְ וַיֹּ֣אמְר֔וּ לֹא־הָיְתָ֥ה בָזֶ֖ה קְדֵשָֽׁה׃
ספר בראשית/לח	כב	__	{{מ:פסוק|בראשית|לח|כב}}	וַיָּ֙שׇׁב֙ אֶל־יְהוּדָ֔ה וַיֹּ֖אמֶר לֹ֣א מְצָאתִ֑יהָ וְגַ֨ם אַנְשֵׁ֤י הַמָּקוֹם֙ אָֽמְר֔וּ לֹא־הָיְתָ֥ה בָזֶ֖ה קְדֵשָֽׁה׃
ספר בראשית/לח	כג	__	{{מ:פסוק|בראשית|לח|כג}}	וַיֹּ֤אמֶר יְהוּדָה֙ תִּֽקַּֽח־לָ֔הּ פֶּ֖ן נִהְיֶ֣ה לָב֑וּז הִנֵּ֤ה שָׁלַ֙חְתִּי֙ הַגְּדִ֣י הַזֶּ֔ה וְאַתָּ֖ה לֹ֥א מְצָאתָֽהּ׃
ספר בראשית/לח	כד	__	{{מ:פסוק|בראשית|לח|כד}}	וַיְהִ֣י{{מ:לגרמיה}}כְּמִשְׁלֹ֣שׁ חֳדָשִׁ֗ים וַיֻּגַּ֨ד לִֽיהוּדָ֤ה {{נוסח|לֵֽאמֹר֙|=ל (לֵֽאמֹר֙ בגעיה ימנית)|ל1=לֵאמֹר֙ (אין געיה) וברויאר תיקן על פיו}} זָֽנְתָה֙ תָּמָ֣ר כַּלָּתֶ֔ךָ וְגַ֛ם הִנֵּ֥ה הָרָ֖ה לִזְנוּנִ֑ים וַיֹּ֣אמֶר יְהוּדָ֔ה הוֹצִיא֖וּהָ וְתִשָּׂרֵֽף׃
ספר בראשית/לח	כה	__	{{מ:פסוק|בראשית|לח|כה}}	הִ֣וא מוּצֵ֗את וְהִ֨יא שָׁלְחָ֤ה אֶל־חָמִ֙יהָ֙ לֵאמֹ֔ר לְאִישׁ֙ אֲשֶׁר־אֵ֣לֶּה לּ֔וֹ אָנֹכִ֖י הָרָ֑ה וַתֹּ֙אמֶר֙ הַכֶּר־נָ֔א לְמִ֞י הַחֹתֶ֧מֶת וְהַפְּתִילִ֛ים וְהַמַּטֶּ֖ה הָאֵֽלֶּה׃
ספר בראשית/לח	כו	__	{{מ:פסוק|בראשית|לח|כו}}	"וַיַּכֵּ֣ר יְהוּדָ֗ה וַיֹּ֙אמֶר֙ צָֽדְקָ֣ה מִמֶּ֔נִּי כִּֽי־עַל־כֵּ֥ן לֹא־נְתַתִּ֖יהָ לְשֵׁלָ֣ה בְנִ֑י וְלֹֽא־יָסַ֥ף ע֖וֹד {{נוסח|לְדַעְתָּֽהּ|=ש ובדפוסים|ל=לְדַעְתָּֽה (חסרה נקודת מפיק בה""א)|הערות ברויאר ודותן והמקליד}}׃"
ספר בראשית/לח	כז	__	{{מ:פסוק|בראשית|לח|כז}}	וַיְהִ֖י בְּעֵ֣ת לִדְתָּ֑הּ וְהִנֵּ֥ה תְאוֹמִ֖ים בְּבִטְנָֽהּ׃
ספר בראשית/לח	כח	__	{{מ:פסוק|בראשית|לח|כח}}	וַיְהִ֥י בְלִדְתָּ֖הּ וַיִּתֶּן־יָ֑ד וַתִּקַּ֣ח הַמְיַלֶּ֗דֶת וַתִּקְשֹׁ֨ר עַל־יָד֤וֹ שָׁנִי֙ לֵאמֹ֔ר זֶ֖ה יָצָ֥א רִאשֹׁנָֽה׃
ספר בראשית/לח	כט	__	{{מ:פסוק|בראשית|לח|כט}}	וַיְהִ֣י{{מ:לגרמיה}}כְּמֵשִׁ֣יב יָד֗וֹ וְהִנֵּה֙ יָצָ֣א אָחִ֔יו וַתֹּ֕אמֶר מַה־פָּרַ֖צְתָּ עָלֶ֣יךָ פָּ֑רֶץ וַיִּקְרָ֥א שְׁמ֖וֹ פָּֽרֶץ׃
ספר בראשית/לח	ל	__	{{מ:פסוק|בראשית|לח|ל}}	וְאַחַר֙ יָצָ֣א אָחִ֔יו אֲשֶׁ֥ר עַל־יָד֖וֹ הַשָּׁנִ֑י וַיִּקְרָ֥א שְׁמ֖וֹ זָֽרַח׃
ספר בראשית/לח	תתת	<noinclude>//{{תבנית:משתמש:Dovi/טעמי המקרא-סוף}}//{{מ:שוליים-סוף}}//==הפרק בלי מספרים==//{{תבנית:משתמש:Dovi/טעמי המקרא}}//{{#בלי קטע:{{שם הדף המלא}}|סימן}}//{{תבנית:משתמש:Dovi/טעמי המקרא-סוף}}</noinclude>		
ספר בראשית/לט	0	<noinclude>{{תבנית:טעמי המקרא באינטרנט}}//{{מ:שוליים|5}}//{{תבנית:משתמש:Dovi/טעמי המקרא}}//</noinclude>		
ספר בראשית/לט	א	{{סס}}	{{מ:פסוק|בראשית|לט|א|סדר=לה|עלייה=חמישי}}	וְיוֹסֵ֖ף הוּרַ֣ד מִצְרָ֑יְמָה וַיִּקְנֵ֡הוּ פּוֹטִיפַר֩ סְרִ֨יס פַּרְעֹ֜ה שַׂ֤ר הַטַּבָּחִים֙ אִ֣ישׁ מִצְרִ֔י מִיַּד֙ הַיִּשְׁמְעֵאלִ֔ים אֲשֶׁ֥ר הוֹרִדֻ֖הוּ שָֽׁמָּה׃
ספר בראשית/לט	ב	__	{{מ:פסוק|בראשית|לט|ב}}	"וַיְהִ֤י יְהֹוָה֙ אֶת־יוֹסֵ֔ף וַיְהִ֖י אִ֣ישׁ מַצְלִ֑יחַ וַיְהִ֕י {{נוסח|בְּבֵ֖ית אֲדֹנָ֥יו|=לשש1 (טפחא ומרכא)|דפוסים=בְּבֵ֥ית אֲדֹנָ֖יו (מרכא וטפחא) וכן בהקלדה (כנראה בטעות ע""פ BHS)}} הַמִּצְרִֽי׃"
ספר בראשית/לט	ג	__	{{מ:פסוק|בראשית|לט|ג}}	וַיַּ֣רְא אֲדֹנָ֔יו כִּ֥י יְהֹוָ֖ה אִתּ֑וֹ וְכֹל֙ אֲשֶׁר־ה֣וּא עֹשֶׂ֔ה יְהֹוָ֖ה מַצְלִ֥יחַ בְּיָדֽוֹ׃
ספר בראשית/לט	ד	__	{{מ:פסוק|בראשית|לט|ד}}	וַיִּמְצָ֨א יוֹסֵ֥ף חֵ֛ן בְּעֵינָ֖יו וַיְשָׁ֣רֶת אֹת֑וֹ וַיַּפְקִדֵ֙הוּ֙ עַל־בֵּית֔וֹ וְכׇל־יֶשׁ־ל֖וֹ נָתַ֥ן בְּיָדֽוֹ׃
ספר בראשית/לט	ה	__	{{מ:פסוק|בראשית|לט|ה}}	וַיְהִ֡י מֵאָז֩ הִפְקִ֨יד אֹת֜וֹ בְּבֵית֗וֹ וְעַל֙ כׇּל־אֲשֶׁ֣ר יֶשׁ־ל֔וֹ וַיְבָ֧רֶךְ יְהֹוָ֛ה אֶת־בֵּ֥ית הַמִּצְרִ֖י בִּגְלַ֣ל יוֹסֵ֑ף וַיְהִ֞י בִּרְכַּ֤ת יְהֹוָה֙ בְּכׇל־אֲשֶׁ֣ר יֶשׁ־ל֔וֹ בַּבַּ֖יִת וּבַשָּׂדֶֽה׃
ספר בראשית/לט	ו	__	{{מ:פסוק|בראשית|לט|ו}}	וַיַּעֲזֹ֣ב כׇּל־אֲשֶׁר־לוֹ֮ בְּיַד־יוֹסֵף֒ וְלֹא־יָדַ֤ע אִתּוֹ֙ מְא֔וּמָה כִּ֥י אִם־הַלֶּ֖חֶם אֲשֶׁר־ה֣וּא אוֹכֵ֑ל וַיְהִ֣י יוֹסֵ֔ף יְפֵה־תֹ֖אַר וִיפֵ֥ה מַרְאֶֽה׃
ספר בראשית/לט	ז	__	{{מ:פסוק|בראשית|לט|ז|עלייה=ששי}}	וַיְהִ֗י אַחַר֙ הַדְּבָרִ֣ים הָאֵ֔לֶּה וַתִּשָּׂ֧א אֵֽשֶׁת־אֲדֹנָ֛יו אֶת־עֵינֶ֖יהָ אֶל־יוֹסֵ֑ף וַתֹּ֖אמֶר שִׁכְבָ֥ה עִמִּֽי׃
ספר בראשית/לט	ח	__	{{מ:פסוק|בראשית|לט|ח}}	וַיְמָאֵ֓ן{{מ:לגרמיה}}וַיֹּ֙אמֶר֙ אֶל־אֵ֣שֶׁת אֲדֹנָ֔יו הֵ֣ן אֲדֹנִ֔י לֹא־יָדַ֥ע אִתִּ֖י מַה־בַּבָּ֑יִת וְכֹ֥ל אֲשֶׁר־יֶשׁ־ל֖וֹ נָתַ֥ן בְּיָדִֽי׃
ספר בראשית/לט	ט	__	{{מ:פסוק|בראשית|לט|ט}}	אֵינֶ֨נּוּ גָד֜וֹל בַּבַּ֣יִת הַזֶּה֮ מִמֶּ֒נִּי֒ וְלֹֽא־חָשַׂ֤ךְ מִמֶּ֙נִּי֙ מְא֔וּמָה כִּ֥י אִם־אוֹתָ֖ךְ בַּאֲשֶׁ֣ר אַתְּ־אִשְׁתּ֑וֹ וְאֵ֨יךְ אֶֽעֱשֶׂ֜ה הָרָעָ֤ה הַגְּדֹלָה֙ הַזֹּ֔את וְחָטָ֖אתִי לֵֽאלֹהִֽים׃
ספר בראשית/לט	י	__	{{מ:פסוק|בראשית|לט|י}}	וַיְהִ֕י כְּדַבְּרָ֥הּ אֶל־יוֹסֵ֖ף י֣וֹם{{מ:פסק}}י֑וֹם וְלֹא־שָׁמַ֥ע אֵלֶ֛יהָ לִשְׁכַּ֥ב אֶצְלָ֖הּ לִהְי֥וֹת עִמָּֽהּ׃
ספר בראשית/לט	יא	__	{{מ:פסוק|בראשית|לט|יא}}	{{נוסח|וַיְהִי֙|=ל (אין געיה)|ברויאר תיקן <וַֽיְהִי֙> בגעיה}} כְּהַיּ֣וֹם הַזֶּ֔ה וַיָּבֹ֥א הַבַּ֖יְתָה לַעֲשׂ֣וֹת מְלַאכְתּ֑וֹ וְאֵ֨ין אִ֜ישׁ מֵאַנְשֵׁ֥י הַבַּ֛יִת שָׁ֖ם בַּבָּֽיִת׃
ספר בראשית/לט	יב	__	{{מ:פסוק|בראשית|לט|יב}}	וַתִּתְפְּשֵׂ֧הוּ בְּבִגְד֛וֹ לֵאמֹ֖ר שִׁכְבָ֣ה עִמִּ֑י וַיַּעֲזֹ֤ב בִּגְדוֹ֙ בְּיָדָ֔הּ וַיָּ֖נׇס וַיֵּצֵ֥א הַחֽוּצָה׃
ספר בראשית/לט	יג	__	{{מ:פסוק|בראשית|לט|יג}}	{{נוסח|וַיְהִי֙|=ל (אין געיה)|ל1=וַֽיְהִי֙ (בגעיה) וברויאר תיקן על פיו}} כִּרְאוֹתָ֔הּ כִּֽי־עָזַ֥ב בִּגְד֖וֹ בְּיָדָ֑הּ וַיָּ֖נׇס הַחֽוּצָה׃
ספר בראשית/לט	יד	__	{{מ:פסוק|בראשית|לט|יד}}	וַתִּקְרָ֞א לְאַנְשֵׁ֣י בֵיתָ֗הּ וַתֹּ֤אמֶר לָהֶם֙ לֵאמֹ֔ר רְא֗וּ הֵ֥בִיא לָ֛נוּ אִ֥ישׁ עִבְרִ֖י לְצַ֣חֶק בָּ֑נוּ בָּ֤א אֵלַי֙ לִשְׁכַּ֣ב עִמִּ֔י וָאֶקְרָ֖א בְּק֥וֹל גָּדֽוֹל׃
ספר בראשית/לט	טו	__	{{מ:פסוק|בראשית|לט|טו}}	וַיְהִ֣י כְשׇׁמְע֔וֹ כִּֽי־הֲרִימֹ֥תִי קוֹלִ֖י וָאֶקְרָ֑א וַיַּעֲזֹ֤ב בִּגְדוֹ֙ אֶצְלִ֔י וַיָּ֖נׇס וַיֵּצֵ֥א הַחֽוּצָה׃
ספר בראשית/לט	טז	__	{{מ:פסוק|בראשית|לט|טז}}	וַתַּנַּ֥ח בִּגְד֖וֹ אֶצְלָ֑הּ עַד־בּ֥וֹא אֲדֹנָ֖יו אֶל־בֵּיתֽוֹ׃
ספר בראשית/לט	יז	__	{{מ:פסוק|בראשית|לט|יז}}	"וַתְּדַבֵּ֣ר אֵלָ֔יו כַּדְּבָרִ֥ים הָאֵ֖לֶּה לֵאמֹ֑ר {{נוסח|בָּֽא־אֵלַ֞י|=ל (""בא"" מוקפת)|דפוסים=בָּ֣א אֵלַ֞י (""בא"" בטעם מונח)}} הָעֶ֧בֶד הָֽעִבְרִ֛י אֲשֶׁר־הֵבֵ֥אתָ לָּ֖נוּ לְצַ֥חֶק בִּֽי׃"
ספר בראשית/לט	יח	__	{{מ:פסוק|בראשית|לט|יח}}	וַיְהִ֕י כַּהֲרִימִ֥י קוֹלִ֖י וָאֶקְרָ֑א וַיַּעֲזֹ֥ב בִּגְד֛וֹ אֶצְלִ֖י וַיָּ֥נׇס הַחֽוּצָה׃
ספר בראשית/לט	יט	__	{{מ:פסוק|בראשית|לט|יט}}	"וַיְהִי֩ כִשְׁמֹ֨עַ אֲדֹנָ֜יו אֶת־דִּבְרֵ֣י אִשְׁתּ֗וֹ אֲשֶׁ֨ר דִּבְּרָ֤ה אֵלָיו֙ לֵאמֹ֔ר כַּדְּבָרִ֣ים הָאֵ֔לֶּה {{נוסח|עָ֥שָׂה|=ש ובדפוסים|ל=עָ֥שָׂהּ (נקודת מפיק בה""א!)|הערות דותן והמקליד}} לִ֖י עַבְדֶּ֑ךָ וַיִּ֖חַר אַפּֽוֹ׃"
ספר בראשית/לט	כ	__	{{מ:פסוק|בראשית|לט|כ}}	"וַיִּקַּח֩ אֲדֹנֵ֨י יוֹסֵ֜ף אֹת֗וֹ וַֽיִּתְּנֵ֙הוּ֙ אֶל־בֵּ֣ית הַסֹּ֔הַר מְק֕וֹם אֲשֶׁר־{{קו""כ|אסורי|אֲסִירֵ֥י}} הַמֶּ֖לֶךְ אֲסוּרִ֑ים {{נוסח|וַֽיְהִי־שָׁ֖ם|ל=וַֽיְהִי־שָׁ֖ם בגעיה ימנית}} בְּבֵ֥ית הַסֹּֽהַר׃"
ספר בראשית/לט	כא	__	{{מ:פסוק|בראשית|לט|כא}}	וַיְהִ֤י יְהֹוָה֙ אֶת־יוֹסֵ֔ף וַיֵּ֥ט אֵלָ֖יו חָ֑סֶד וַיִּתֵּ֣ן חִנּ֔וֹ בְּעֵינֵ֖י שַׂ֥ר בֵּית־הַסֹּֽהַר׃
ספר בראשית/לט	כב	__	{{מ:פסוק|בראשית|לט|כב}}	וַיִּתֵּ֞ן שַׂ֤ר בֵּית־הַסֹּ֙הַר֙ בְּיַד־יוֹסֵ֔ף אֵ֚ת כׇּל־הָ֣אֲסִירִ֔ם אֲשֶׁ֖ר בְּבֵ֣ית הַסֹּ֑הַר וְאֵ֨ת כׇּל־אֲשֶׁ֤ר עֹשִׂים֙ שָׁ֔ם ה֖וּא הָיָ֥ה עֹשֶֽׂה׃
ספר בראשית/לט	כג	__	{{מ:פסוק|בראשית|לט|כג}}	אֵ֣ין{{מ:לגרמיה}}שַׂ֣ר {{נוסח|בֵּית־הַסֹּ֗הַר|=ש ובדפוסים|ל=בֵּית־הַסֹּהַ֗ר (מקום הטעם!) והמקליד תיקן בלי להעיר|הערות ברויאר ודותן}} רֹאֶ֤ה אֶֽת־כׇּל־מְא֙וּמָה֙ בְּיָד֔וֹ בַּאֲשֶׁ֥ר יְהֹוָ֖ה אִתּ֑וֹ וַֽאֲשֶׁר־ה֥וּא עֹשֶׂ֖ה יְהֹוָ֥ה מַצְלִֽיחַ׃
ספר בראשית/לט	תתת	<noinclude>//{{תבנית:משתמש:Dovi/טעמי המקרא-סוף}}//{{מ:שוליים-סוף}}//==הפרק בלי מספרים==//{{תבנית:משתמש:Dovi/טעמי המקרא}}//{{#בלי קטע:{{שם הדף המלא}}|סימן}}//{{תבנית:משתמש:Dovi/טעמי המקרא-סוף}}</noinclude>		
ספר בראשית/מ	0	<noinclude>{{תבנית:טעמי המקרא באינטרנט}}//{{מ:שוליים|5}}//{{תבנית:משתמש:Dovi/טעמי המקרא}}//</noinclude>		
ספר בראשית/מ	א	{{נוסח|{{פפ}}|ל=פרשה סתומה}}//	"{{נוסח|{{מ:פסוק|בראשית|מ|א|סדר=לה*|עלייה=שביעי}}|תחילת סדר מצויינת כאן בספר החילופים ובכתי""ל}}"	וַיְהִ֗י אַחַר֙ הַדְּבָרִ֣ים הָאֵ֔לֶּה {{נוסח|חָ֥טְא֛וּ|=ל ושיטת-א (מרכא בתיבת תביר), וכן דעתם של ברויאר ודותן|הקלדה=חָֽטְא֛וּ מגירסה 4.12 והלאה (וכן בקורן ובדפוסים)}} מַשְׁקֵ֥ה מֶֽלֶךְ־מִצְרַ֖יִם וְהָאֹפֶ֑ה לַאֲדֹנֵיהֶ֖ם לְמֶ֥לֶךְ מִצְרָֽיִם׃
ספר בראשית/מ	ב	__	{{מ:פסוק|בראשית|מ|ב}}	וַיִּקְצֹ֣ף פַּרְעֹ֔ה עַ֖ל שְׁנֵ֣י סָרִיסָ֑יו עַ֚ל שַׂ֣ר הַמַּשְׁקִ֔ים וְעַ֖ל שַׂ֥ר הָאוֹפִֽים׃
ספר בראשית/מ	ג	__	{{מ:פסוק|בראשית|מ|ג}}	וַיִּתֵּ֨ן אֹתָ֜ם בְּמִשְׁמַ֗ר בֵּ֛ית שַׂ֥ר {{נוסח|הַטַּבָּחִ֖ים|=ש ובדפוסים|ל=הַטַבָּחִ֖ים (חסר דגש)|הערות ברויאר ודותן והמקליד}} אֶל־בֵּ֣ית הַסֹּ֑הַר מְק֕וֹם אֲשֶׁ֥ר יוֹסֵ֖ף אָס֥וּר שָֽׁם׃
ספר בראשית/מ	ד	__	{{מ:פסוק|בראשית|מ|ד}}	וַ֠יִּפְקֹ֠ד שַׂ֣ר הַטַּבָּחִ֧ים אֶת־יוֹסֵ֛ף אִתָּ֖ם וַיְשָׁ֣רֶת אֹתָ֑ם וַיִּהְי֥וּ יָמִ֖ים בְּמִשְׁמָֽר׃
ספר בראשית/מ	ה	__	{{מ:פסוק|בראשית|מ|ה}}	וַיַּֽחַלְמוּ֩ חֲל֨וֹם שְׁנֵיהֶ֜ם אִ֤ישׁ חֲלֹמוֹ֙ בְּלַ֣יְלָה אֶחָ֔ד אִ֖ישׁ כְּפִתְר֣וֹן חֲלֹמ֑וֹ הַמַּשְׁקֶ֣ה וְהָאֹפֶ֗ה אֲשֶׁר֙ לְמֶ֣לֶךְ מִצְרַ֔יִם אֲשֶׁ֥ר אֲסוּרִ֖ים בְּבֵ֥ית הַסֹּֽהַר׃
ספר בראשית/מ	ו	__	{{מ:פסוק|בראשית|מ|ו}}	וַיָּבֹ֧א אֲלֵיהֶ֛ם יוֹסֵ֖ף בַּבֹּ֑קֶר וַיַּ֣רְא אֹתָ֔ם וְהִנָּ֖ם זֹעֲפִֽים׃
ספר בראשית/מ	ז	__	{{מ:פסוק|בראשית|מ|ז}}	וַיִּשְׁאַ֞ל אֶת־סְרִיסֵ֣י פַרְעֹ֗ה אֲשֶׁ֨ר אִתּ֧וֹ בְמִשְׁמַ֛ר בֵּ֥ית אֲדֹנָ֖יו לֵאמֹ֑ר מַדּ֛וּעַ פְּנֵיכֶ֥ם רָעִ֖ים הַיּֽוֹם׃
ספר בראשית/מ	ח	__	{{מ:פסוק|בראשית|מ|ח}}	וַיֹּאמְר֣וּ אֵלָ֔יו חֲל֣וֹם חָלַ֔מְנוּ וּפֹתֵ֖ר אֵ֣ין אֹת֑וֹ וַיֹּ֨אמֶר אֲלֵהֶ֜ם יוֹסֵ֗ף הֲל֤וֹא {{נוסח|לֵֽאלֹהִים֙|ל=לֵֽאלֹהִים֙ בגעיה ימנית}} פִּתְרֹנִ֔ים סַפְּרוּ־נָ֖א לִֽי׃
ספר בראשית/מ	ט	__	{{מ:פסוק|בראשית|מ|ט}}	וַיְסַפֵּ֧ר שַֽׂר־הַמַּשְׁקִ֛ים אֶת־חֲלֹמ֖וֹ לְיוֹסֵ֑ף וַיֹּ֣אמֶר ל֔וֹ בַּחֲלוֹמִ֕י וְהִנֵּה־גֶ֖פֶן לְפָנָֽי׃
ספר בראשית/מ	י	__	{{מ:פסוק|בראשית|מ|י}}	"וּבַגֶּ֖פֶן שְׁלֹשָׁ֣ה שָׂרִיגִ֑ם {{נוסח|וְהִ֤וא|=ש ומסורת-ל וטברניות ורמ""ה|ל=וְהִ֤יא (כתיב יו""ד)|הערת ברויאר}} כְפֹרַ֙חַת֙ עָלְתָ֣ה נִצָּ֔הּ הִבְשִׁ֥ילוּ אַשְׁכְּלֹתֶ֖יהָ עֲנָבִֽים׃"
ספר בראשית/מ	יא	__	{{מ:פסוק|בראשית|מ|יא}}	וְכ֥וֹס פַּרְעֹ֖ה בְּיָדִ֑י וָאֶקַּ֣ח אֶת־הָֽעֲנָבִ֗ים וָֽאֶשְׂחַ֤ט אֹתָם֙ אֶל־כּ֣וֹס פַּרְעֹ֔ה וָאֶתֵּ֥ן אֶת־הַכּ֖וֹס עַל־כַּ֥ף פַּרְעֹֽה׃
ספר בראשית/מ	יב	__	{{מ:פסוק|בראשית|מ|יב}}	וַיֹּ֤אמֶר לוֹ֙ יוֹסֵ֔ף זֶ֖ה פִּתְרֹנ֑וֹ שְׁלֹ֙שֶׁת֙ הַשָּׂ֣רִגִ֔ים שְׁלֹ֥שֶׁת יָמִ֖ים הֵֽם׃
ספר בראשית/מ	יג	__	{{מ:פסוק|בראשית|מ|יג}}	בְּע֣וֹד{{מ:לגרמיה}}שְׁלֹ֣שֶׁת יָמִ֗ים יִשָּׂ֤א פַרְעֹה֙ אֶת־רֹאשֶׁ֔ךָ וַהֲשִֽׁיבְךָ֖ עַל־כַּנֶּ֑ךָ וְנָתַתָּ֤ כוֹס־פַּרְעֹה֙ בְּיָד֔וֹ כַּמִּשְׁפָּט֙ הָֽרִאשׁ֔וֹן אֲשֶׁ֥ר הָיִ֖יתָ מַשְׁקֵֽהוּ׃
ספר בראשית/מ	יד	__	{{מ:פסוק|בראשית|מ|יד}}	כִּ֧י אִם־זְכַרְתַּ֣נִי אִתְּךָ֗ כַּאֲשֶׁר֙ יִ֣יטַב לָ֔ךְ וְעָשִֽׂיתָ־נָּ֥א עִמָּדִ֖י חָ֑סֶד וְהִזְכַּרְתַּ֙נִי֙ אֶל־פַּרְעֹ֔ה וְהוֹצֵאתַ֖נִי מִן־הַבַּ֥יִת הַזֶּֽה׃
ספר בראשית/מ	טו	__	{{מ:פסוק|בראשית|מ|טו}}	כִּֽי־גֻנֹּ֣ב גֻּנַּ֔בְתִּי מֵאֶ֖רֶץ הָעִבְרִ֑ים וְגַם־פֹּה֙ לֹא־עָשִׂ֣יתִֽי מְא֔וּמָה כִּֽי־שָׂמ֥וּ אֹתִ֖י בַּבּֽוֹר׃
ספר בראשית/מ	טז	__	{{מ:פסוק|בראשית|מ|טז}}	וַיַּ֥רְא שַׂר־הָאֹפִ֖ים כִּ֣י ט֣וֹב פָּתָ֑ר וַיֹּ֙אמֶר֙ אֶל־יוֹסֵ֔ף אַף־אֲנִי֙ בַּחֲלוֹמִ֔י וְהִנֵּ֗ה שְׁלֹשָׁ֛ה סַלֵּ֥י חֹרִ֖י עַל־רֹאשִֽׁי׃
ספר בראשית/מ	יז	__	{{מ:פסוק|בראשית|מ|יז}}	"וּבַסַּ֣ל {{נוסח|הָֽעֶלְי֗וֹן|=ש ושיטת-אל (נקודה אחת לטעם רביע) ובדפוסים (וכן הוא בברויאר ומג""ה)|ל=הָֽעֶלְי֔וֹן (שתי נקודות לטעם זקף קטן)|הערת ברויאר}} מִכֹּ֛ל מַאֲכַ֥ל פַּרְעֹ֖ה מַעֲשֵׂ֣ה אֹפֶ֑ה וְהָע֗וֹף אֹכֵ֥ל אֹתָ֛ם מִן־הַסַּ֖ל מֵעַ֥ל רֹאשִֽׁי׃"
ספר בראשית/מ	יח	__	{{מ:פסוק|בראשית|מ|יח}}	וַיַּ֤עַן יוֹסֵף֙ וַיֹּ֔אמֶר זֶ֖ה פִּתְרֹנ֑וֹ שְׁלֹ֙שֶׁת֙ הַסַּלִּ֔ים שְׁלֹ֥שֶׁת יָמִ֖ים הֵֽם׃
ספר בראשית/מ	יט	__	{{מ:פסוק|בראשית|מ|יט}}	בְּע֣וֹד{{מ:לגרמיה}}שְׁלֹ֣שֶׁת יָמִ֗ים יִשָּׂ֨א פַרְעֹ֤ה אֶת־רֹֽאשְׁךָ֙ מֵֽעָלֶ֔יךָ וְתָלָ֥ה אוֹתְךָ֖ עַל־עֵ֑ץ וְאָכַ֥ל הָע֛וֹף אֶת־בְּשָׂרְךָ֖ מֵעָלֶֽיךָ׃
ספר בראשית/מ	כ	__	{{מ:פסוק|בראשית|מ|כ|עלייה=מפטיר}}	וַיְהִ֣י{{מ:לגרמיה}}בַּיּ֣וֹם הַשְּׁלִישִׁ֗י י֚וֹם הֻלֶּ֣דֶת אֶת־פַּרְעֹ֔ה וַיַּ֥עַשׂ מִשְׁתֶּ֖ה לְכׇל־עֲבָדָ֑יו וַיִּשָּׂ֞א אֶת־רֹ֣אשׁ{{מ:לגרמיה}}שַׂ֣ר הַמַּשְׁקִ֗ים וְאֶת־רֹ֛אשׁ שַׂ֥ר הָאֹפִ֖ים בְּת֥וֹךְ עֲבָדָֽיו׃
ספר בראשית/מ	כא	__	{{מ:פסוק|בראשית|מ|כא}}	וַיָּ֛שֶׁב אֶת־שַׂ֥ר הַמַּשְׁקִ֖ים עַל־מַשְׁקֵ֑הוּ וַיִּתֵּ֥ן הַכּ֖וֹס עַל־כַּ֥ף פַּרְעֹֽה׃
ספר בראשית/מ	כב	__	{{מ:פסוק|בראשית|מ|כב}}	וְאֵ֛ת שַׂ֥ר הָאֹפִ֖ים תָּלָ֑ה כַּאֲשֶׁ֥ר פָּתַ֛ר לָהֶ֖ם יוֹסֵֽף׃
ספר בראשית/מ	כג	__	{{מ:פסוק|בראשית|מ|כג}}	וְלֹֽא־זָכַ֧ר שַֽׂר־הַמַּשְׁקִ֛ים אֶת־יוֹסֵ֖ף וַיִּשְׁכָּחֵֽהוּ׃
ספר בראשית/מ	תתת	<noinclude>//{{תבנית:משתמש:Dovi/טעמי המקרא-סוף}}//{{מ:שוליים-סוף}}//==הפרק בלי מספרים==//{{תבנית:משתמש:Dovi/טעמי המקרא}}//{{#בלי קטע:{{שם הדף המלא}}|סימן}}//{{תבנית:משתמש:Dovi/טעמי המקרא-סוף}}</noinclude>		
ספר בראשית/מא	0	<noinclude>{{תבנית:טעמי המקרא באינטרנט}}//{{מ:שוליים|5}}//{{תבנית:משתמש:Dovi/טעמי המקרא}}//</noinclude>		
ספר בראשית/מא	א	{{פפ}}//	{{מ:פסוק|בראשית|מא|א|סדר=לו|עלייה='''מקץ'''|עלייה ראשונה=כן}}	וַיְהִ֕י מִקֵּ֖ץ שְׁנָתַ֣יִם יָמִ֑ים וּפַרְעֹ֣ה חֹלֵ֔ם וְהִנֵּ֖ה עֹמֵ֥ד עַל־הַיְאֹֽר׃
ספר בראשית/מא	ב	__	{{מ:פסוק|בראשית|מא|ב}}	וְהִנֵּ֣ה מִן־הַיְאֹ֗ר עֹלֹת֙ שֶׁ֣בַע פָּר֔וֹת יְפ֥וֹת מַרְאֶ֖ה וּבְרִיאֹ֣ת בָּשָׂ֑ר וַתִּרְעֶ֖ינָה בָּאָֽחוּ׃
ספר בראשית/מא	ג	__	{{מ:פסוק|בראשית|מא|ג}}	וְהִנֵּ֞ה שֶׁ֧בַע פָּר֣וֹת אֲחֵר֗וֹת עֹל֤וֹת אַחֲרֵיהֶן֙ מִן־הַיְאֹ֔ר רָע֥וֹת מַרְאֶ֖ה וְדַקּ֣וֹת בָּשָׂ֑ר וַֽתַּעֲמֹ֛דְנָה אֵ֥צֶל הַפָּר֖וֹת עַל־שְׂפַ֥ת הַיְאֹֽר׃
ספר בראשית/מא	ד	__	{{מ:פסוק|בראשית|מא|ד}}	וַתֹּאכַ֣לְנָה הַפָּר֗וֹת רָע֤וֹת הַמַּרְאֶה֙ וְדַקֹּ֣ת הַבָּשָׂ֔ר אֵ֚ת שֶׁ֣בַע הַפָּר֔וֹת יְפֹ֥ת הַמַּרְאֶ֖ה וְהַבְּרִיאֹ֑ת וַיִּיקַ֖ץ פַּרְעֹֽה׃
ספר בראשית/מא	ה	__	{{מ:פסוק|בראשית|מא|ה|עלייה=[לוי]}}	וַיִּישָׁ֕ן וַֽיַּחֲלֹ֖ם שֵׁנִ֑ית וְהִנֵּ֣ה{{מ:לגרמיה}}שֶׁ֣בַע שִׁבֳּלִ֗ים עֹל֛וֹת בְּקָנֶ֥ה אֶחָ֖ד בְּרִיא֥וֹת וְטֹבֽוֹת׃
ספר בראשית/מא	ו	__	{{מ:פסוק|בראשית|מא|ו}}	וְהִנֵּה֙ שֶׁ֣בַע שִׁבֳּלִ֔ים דַּקּ֖וֹת וּשְׁדוּפֹ֣ת קָדִ֑ים צֹמְח֖וֹת אַחֲרֵיהֶֽן׃
ספר בראשית/מא	ז	__	{{מ:פסוק|בראשית|מא|ז}}	"וַתִּבְלַ֙עְנָה֙ הַשִּׁבֳּלִ֣ים הַדַּקּ֔וֹת אֵ֚ת שֶׁ֣בַע {{נוסח|הַֽשִּׁבֳּלִ֔ים|=שיטת-א ובדפוסים|ל=הַֽשִׁבֳּלִ֔ים (חסר דגש) כמו בעוד מקומות (ראו פסוקים כ""ד, כ""ז)|הערת דותן}} הַבְּרִיא֖וֹת וְהַמְּלֵא֑וֹת וַיִּיקַ֥ץ פַּרְעֹ֖ה וְהִנֵּ֥ה חֲלֽוֹם׃"
ספר בראשית/מא	ח	__	{{מ:פסוק|בראשית|מא|ח|עלייה=[ישראל]}}	וַיְהִ֤י בַבֹּ֙קֶר֙ וַתִּפָּ֣עֶם רוּח֔וֹ וַיִּשְׁלַ֗ח וַיִּקְרָ֛א אֶת־כׇּל־חַרְטֻמֵּ֥י מִצְרַ֖יִם וְאֶת־כׇּל־חֲכָמֶ֑יהָ וַיְסַפֵּ֨ר פַּרְעֹ֤ה לָהֶם֙ אֶת־חֲלֹמ֔וֹ וְאֵין־פּוֹתֵ֥ר אוֹתָ֖ם לְפַרְעֹֽה׃
ספר בראשית/מא	ט	__	{{מ:פסוק|בראשית|מא|ט}}	וַיְדַבֵּר֙ שַׂ֣ר הַמַּשְׁקִ֔ים אֶת־פַּרְעֹ֖ה לֵאמֹ֑ר אֶת־חֲטָאַ֕י אֲנִ֖י מַזְכִּ֥יר הַיּֽוֹם׃
ספר בראשית/מא	י	__	{{מ:פסוק|בראשית|מא|י}}	פַּרְעֹ֖ה קָצַ֣ף עַל־עֲבָדָ֑יו וַיִּתֵּ֨ן אֹתִ֜י בְּמִשְׁמַ֗ר בֵּ֚ית שַׂ֣ר הַטַּבָּחִ֔ים אֹתִ֕י וְאֵ֖ת שַׂ֥ר הָאֹפִֽים׃
ספר בראשית/מא	יא	__	{{מ:פסוק|בראשית|מא|יא}}	וַנַּֽחַלְמָ֥ה חֲל֛וֹם בְּלַ֥יְלָה אֶחָ֖ד אֲנִ֣י וָה֑וּא אִ֛ישׁ כְּפִתְר֥וֹן חֲלֹמ֖וֹ חָלָֽמְנוּ׃
ספר בראשית/מא	יב	__	{{מ:פסוק|בראשית|מא|יב}}	וְשָׁ֨ם אִתָּ֜נוּ נַ֣עַר עִבְרִ֗י עֶ֚בֶד לְשַׂ֣ר הַטַּבָּחִ֔ים {{נוסח|וַ֨נְּסַפֶּר־ל֔וֹ|=שיטת-א ובדפוסים|ל=וַנְּ֨סַפֶּר־ל֔וֹ (מקום המתיגה)|דותן תיקן וַנְּסַ֨פֶּר־ל֔וֹ כמנהג-ל|הערות ברויאר ודותן}} וַיִּפְתׇּר־לָ֖נוּ אֶת־חֲלֹמֹתֵ֑ינוּ אִ֥ישׁ כַּחֲלֹמ֖וֹ פָּתָֽר׃
ספר בראשית/מא	יג	__	{{מ:פסוק|בראשית|מא|יג}}	וַיְהִ֛י כַּאֲשֶׁ֥ר פָּֽתַר־לָ֖נוּ כֵּ֣ן הָיָ֑ה אֹתִ֛י הֵשִׁ֥יב עַל־כַּנִּ֖י וְאֹת֥וֹ תָלָֽה׃
ספר בראשית/מא	יד	__	{{מ:פסוק|בראשית|מא|יד}}	וַיִּשְׁלַ֤ח פַּרְעֹה֙ וַיִּקְרָ֣א אֶת־יוֹסֵ֔ף וַיְרִיצֻ֖הוּ מִן־הַבּ֑וֹר וַיְגַלַּח֙ וַיְחַלֵּ֣ף שִׂמְלֹתָ֔יו וַיָּבֹ֖א אֶל־פַּרְעֹֽה׃
ספר בראשית/מא	טו	__	{{מ:פסוק|בראשית|מא|טו|עלייה=שני}}	וַיֹּ֤אמֶר פַּרְעֹה֙ אֶל־יוֹסֵ֔ף חֲל֣וֹם חָלַ֔מְתִּי וּפֹתֵ֖ר אֵ֣ין אֹת֑וֹ וַאֲנִ֗י שָׁמַ֤עְתִּי עָלֶ֙יךָ֙ לֵאמֹ֔ר תִּשְׁמַ֥ע חֲל֖וֹם לִפְתֹּ֥ר אֹתֽוֹ׃
ספר בראשית/מא	טז	__	{{מ:פסוק|בראשית|מא|טז}}	וַיַּ֨עַן יוֹסֵ֧ף אֶת־פַּרְעֹ֛ה לֵאמֹ֖ר בִּלְעָדָ֑י אֱלֹהִ֕ים יַעֲנֶ֖ה אֶת־שְׁל֥וֹם פַּרְעֹֽה׃
ספר בראשית/מא	יז	__	{{מ:פסוק|בראשית|מא|יז}}	וַיְדַבֵּ֥ר פַּרְעֹ֖ה אֶל־יוֹסֵ֑ף בַּחֲלֹמִ֕י הִנְנִ֥י עֹמֵ֖ד עַל־שְׂפַ֥ת הַיְאֹֽר׃
ספר בראשית/מא	יח	__	{{מ:פסוק|בראשית|מא|יח}}	וְהִנֵּ֣ה מִן־הַיְאֹ֗ר עֹלֹת֙ שֶׁ֣בַע פָּר֔וֹת בְּרִיא֥וֹת בָּשָׂ֖ר וִיפֹ֣ת תֹּ֑אַר וַתִּרְעֶ֖ינָה בָּאָֽחוּ׃
ספר בראשית/מא	יט	__	{{מ:פסוק|בראשית|מא|יט}}	"{{נוסח|וְהִנֵּ֞ה שֶֽׁבַע־פָּר֤וֹת|=א(ס)ל <מונח? אינו כן אלא במקף ומתג בשי""ן במ""ש>|דפוסים=<וְהִנֵּ֞ה שֶׁ֣בַע פָּר֤וֹת> (""שבע"" בטעם מונח)}} אֲחֵרוֹת֙ עֹל֣וֹת אַחֲרֵיהֶ֔ן דַּלּ֨וֹת וְרָע֥וֹת תֹּ֛אַר מְאֹ֖ד וְרַקּ֣וֹת בָּשָׂ֑ר לֹֽא־רָאִ֧יתִי כָהֵ֛נָּה בְּכׇל־אֶ֥רֶץ מִצְרַ֖יִם לָרֹֽעַ׃"
ספר בראשית/מא	כ	__	{{מ:פסוק|בראשית|מא|כ}}	וַתֹּאכַ֙לְנָה֙ הַפָּר֔וֹת הָרַקּ֖וֹת וְהָרָע֑וֹת אֵ֣ת שֶׁ֧בַע הַפָּר֛וֹת הָרִאשֹׁנ֖וֹת הַבְּרִיאֹֽת׃
ספר בראשית/מא	כא	__	{{מ:פסוק|בראשית|מא|כא}}	וַתָּבֹ֣אנָה אֶל־קִרְבֶּ֗נָה וְלֹ֤א נוֹדַע֙ כִּי־בָ֣אוּ אֶל־קִרְבֶּ֔נָה וּמַרְאֵיהֶ֣ן רַ֔ע כַּאֲשֶׁ֖ר בַּתְּחִלָּ֑ה וָאִיקָֽץ׃
ספר בראשית/מא	כב	__	{{מ:פסוק|בראשית|מא|כב}}	וָאֵ֖רֶא בַּחֲלֹמִ֑י וְהִנֵּ֣ה{{מ:לגרמיה}}שֶׁ֣בַע שִׁבֳּלִ֗ים עֹלֹ֛ת בְּקָנֶ֥ה אֶחָ֖ד מְלֵאֹ֥ת וְטֹבֽוֹת׃
ספר בראשית/מא	כג	__	{{מ:פסוק|בראשית|מא|כג}}	וְהִנֵּה֙ שֶׁ֣בַע שִׁבֳּלִ֔ים צְנֻמ֥וֹת דַּקּ֖וֹת שְׁדֻפ֣וֹת קָדִ֑ים צֹמְח֖וֹת אַחֲרֵיהֶֽם׃
ספר בראשית/מא	כד	__	{{מ:פסוק|בראשית|מא|כד}}	"וַתִּבְלַ֙עְןָ֙ {{נוסח|הַשִּׁבֳּלִ֣ים|=שש1 ובדפוסים|ל=הָשִׁבֳּלִ֣ים (ה""א בקמץ וחסר דגש בשי""ן!)|הערות ברויאר ודותן והמקליד}} הַדַּקֹּ֔ת אֵ֛ת שֶׁ֥בַע {{נוסח|הַֽשִּׁבֳּלִ֖ים|=לש ובדפוסים|ברויאר ציין בספק ל=הַֽשִׁבֳּלִ֖ים? (חסר דגש?), אבל ניתן להבחין בדגש בצילום כתי""ל בהגלדה.|הערת ברויאר}} הַטֹּב֑וֹת וָֽאֹמַר֙ אֶל־הַֽחַרְטֻמִּ֔ים וְאֵ֥ין מַגִּ֖יד לִֽי׃"
ספר בראשית/מא	כה	__	{{מ:פסוק|בראשית|מא|כה}}	וַיֹּ֤אמֶר יוֹסֵף֙ אֶל־פַּרְעֹ֔ה חֲל֥וֹם פַּרְעֹ֖ה אֶחָ֣ד ה֑וּא אֵ֣ת אֲשֶׁ֧ר הָאֱלֹהִ֛ים עֹשֶׂ֖ה הִגִּ֥יד לְפַרְעֹֽה׃
ספר בראשית/מא	כו	__	{{מ:פסוק|בראשית|מא|כו}}	שֶׁ֧בַע פָּרֹ֣ת הַטֹּבֹ֗ת שֶׁ֤בַע שָׁנִים֙ הֵ֔נָּה וְשֶׁ֤בַע הַֽשִּׁבֳּלִים֙ הַטֹּבֹ֔ת שֶׁ֥בַע שָׁנִ֖ים הֵ֑נָּה חֲל֖וֹם אֶחָ֥ד הֽוּא׃
ספר בראשית/מא	כז	__	{{מ:פסוק|בראשית|מא|כז}}	וְשֶׁ֣בַע הַ֠פָּר֠וֹת הָֽרַקּ֨וֹת וְהָרָעֹ֜ת הָעֹלֹ֣ת אַחֲרֵיהֶ֗ן שֶׁ֤בַע שָׁנִים֙ הֵ֔נָּה וְשֶׁ֤בַע {{נוסח|הַֽשִּׁבֳּלִים֙|=שש1 ובדפוסים|ל=הַֽשִׁבֳּלִים֙ (חסר דגש)|הערות ברויאר (בספק) ודותן (בוודאי והצדק עמו).}} הָרֵק֔וֹת שְׁדֻפ֖וֹת הַקָּדִ֑ים יִהְי֕וּ שֶׁ֖בַע שְׁנֵ֥י רָעָֽב׃
ספר בראשית/מא	כח	__	{{מ:פסוק|בראשית|מא|כח}}	ה֣וּא הַדָּבָ֔ר אֲשֶׁ֥ר דִּבַּ֖רְתִּי אֶל־פַּרְעֹ֑ה אֲשֶׁ֧ר הָאֱלֹהִ֛ים עֹשֶׂ֖ה הֶרְאָ֥ה אֶת־פַּרְעֹֽה׃
ספר בראשית/מא	כט	__	{{מ:פסוק|בראשית|מא|כט}}	הִנֵּ֛ה שֶׁ֥בַע שָׁנִ֖ים בָּא֑וֹת שָׂבָ֥ע גָּד֖וֹל בְּכׇל־אֶ֥רֶץ מִצְרָֽיִם׃
ספר בראשית/מא	ל	__	{{מ:פסוק|בראשית|מא|ל}}	וְ֠קָ֠מוּ {{נוסח|שֶׁ֜בַע|=לשש1 (בטעם גרש)|דפוסים=שֶׁ֨בַע בטעם קדמא; וכך היה בהקלדה בטעות, כנראה בעקבות BHS, עד שתקנו בגירסה 4.20.}} שְׁנֵ֤י רָעָב֙ אַחֲרֵיהֶ֔ן וְנִשְׁכַּ֥ח כׇּל־הַשָּׂבָ֖ע בְּאֶ֣רֶץ מִצְרָ֑יִם וְכִלָּ֥ה הָרָעָ֖ב אֶת־הָאָֽרֶץ׃
ספר בראשית/מא	לא	__	{{מ:פסוק|בראשית|מא|לא}}	וְלֹֽא־יִוָּדַ֤ע הַשָּׂבָע֙ בָּאָ֔רֶץ מִפְּנֵ֛י הָרָעָ֥ב הַה֖וּא אַחֲרֵי־כֵ֑ן כִּֽי־כָבֵ֥ד ה֖וּא מְאֹֽד׃
ספר בראשית/מא	לב	__	{{מ:פסוק|בראשית|מא|לב}}	וְעַ֨ל הִשָּׁנ֧וֹת הַחֲל֛וֹם אֶל־פַּרְעֹ֖ה פַּעֲמָ֑יִם כִּֽי־נָכ֤וֹן הַדָּבָר֙ מֵעִ֣ם הָאֱלֹהִ֔ים וּמְמַהֵ֥ר הָאֱלֹהִ֖ים לַעֲשֹׂתֽוֹ׃
ספר בראשית/מא	לג	__	{{מ:פסוק|בראשית|מא|לג}}	וְעַתָּה֙ {{נוסח|יֵרֶ֣א|=א(ס)ל <צֵרי? אינו כן אלא בסגול ונמסר על ה'>}} פַרְעֹ֔ה אִ֖ישׁ נָב֣וֹן וְחָכָ֑ם וִישִׁיתֵ֖הוּ עַל־אֶ֥רֶץ מִצְרָֽיִם׃
ספר בראשית/מא	לד	__	{{מ:פסוק|בראשית|מא|לד}}	יַעֲשֶׂ֣ה פַרְעֹ֔ה וְיַפְקֵ֥ד פְּקִדִ֖ים עַל־הָאָ֑רֶץ וְחִמֵּשׁ֙ אֶת־אֶ֣רֶץ מִצְרַ֔יִם בְּשֶׁ֖בַע שְׁנֵ֥י הַשָּׂבָֽע׃
ספר בראשית/מא	לה	__	{{מ:פסוק|בראשית|מא|לה}}	"וְיִקְבְּצ֗וּ אֶת־כׇּל־אֹ֙כֶל֙ הַשָּׁנִ֣ים {{נוסח|הַטֹּב֔וֹת|=שש1 ומסורת-ל וטברנית ורמ""ה|ל=הַטֹּבֹ֔ת (כתיב חסר וי""ו בסוף)|הערת ברויאר}} הַבָּאֹ֖ת הָאֵ֑לֶּה וְיִצְבְּרוּ־בָ֞ר תַּ֧חַת יַד־פַּרְעֹ֛ה אֹ֥כֶל בֶּעָרִ֖ים וְשָׁמָֽרוּ׃"
ספר בראשית/מא	לו	__	{{מ:פסוק|בראשית|מא|לו}}	וְהָיָ֨ה הָאֹ֤כֶל לְפִקָּדוֹן֙ לָאָ֔רֶץ לְשֶׁ֙בַע֙ שְׁנֵ֣י הָרָעָ֔ב אֲשֶׁ֥ר תִּהְיֶ֖יןָ בְּאֶ֣רֶץ מִצְרָ֑יִם וְלֹֽא־תִכָּרֵ֥ת הָאָ֖רֶץ בָּרָעָֽב׃
ספר בראשית/מא	לז	__	{{מ:פסוק|בראשית|מא|לז}}	וַיִּיטַ֥ב הַדָּבָ֖ר בְּעֵינֵ֣י פַרְעֹ֑ה וּבְעֵינֵ֖י כׇּל־עֲבָדָֽיו׃
ספר בראשית/מא	לח	__	{{מ:פסוק|בראשית|מא|לח|סדר=לז}}	וַיֹּ֥אמֶר פַּרְעֹ֖ה אֶל־עֲבָדָ֑יו הֲנִמְצָ֣א כָזֶ֔ה אִ֕ישׁ אֲשֶׁ֛ר ר֥וּחַ אֱלֹהִ֖ים בּֽוֹ׃
ספר בראשית/מא	לט	__	{{מ:פסוק|בראשית|מא|לט|עלייה=שלישי}}	וַיֹּ֤אמֶר פַּרְעֹה֙ אֶל־יוֹסֵ֔ף אַחֲרֵ֨י הוֹדִ֧יעַ אֱלֹהִ֛ים אוֹתְךָ֖ אֶת־כׇּל־זֹ֑את אֵין־נָב֥וֹן וְחָכָ֖ם כָּמֽוֹךָ׃
ספר בראשית/מא	מ	__	{{מ:פסוק|בראשית|מא|מ}}	אַתָּה֙ תִּהְיֶ֣ה עַל־בֵּיתִ֔י וְעַל־פִּ֖יךָ יִשַּׁ֣ק כׇּל־עַמִּ֑י רַ֥ק הַכִּסֵּ֖א אֶגְדַּ֥ל מִמֶּֽךָּ׃
ספר בראשית/מא	מא	__	{{מ:פסוק|בראשית|מא|מא}}	וַיֹּ֥אמֶר פַּרְעֹ֖ה אֶל־יוֹסֵ֑ף רְאֵה֙ נָתַ֣תִּי אֹֽתְךָ֔ עַ֖ל כׇּל־אֶ֥רֶץ מִצְרָֽיִם׃
ספר בראשית/מא	מב	__	{{מ:פסוק|בראשית|מא|מב}}	וַיָּ֨סַר פַּרְעֹ֤ה אֶת־טַבַּעְתּוֹ֙ מֵעַ֣ל יָד֔וֹ וַיִּתֵּ֥ן אֹתָ֖הּ עַל־יַ֣ד יוֹסֵ֑ף וַיַּלְבֵּ֤שׁ אֹתוֹ֙ בִּגְדֵי־שֵׁ֔שׁ וַיָּ֛שֶׂם רְבִ֥ד הַזָּהָ֖ב עַל־צַוָּארֽוֹ׃
ספר בראשית/מא	מג	__	{{מ:פסוק|בראשית|מא|מג}}	וַיַּרְכֵּ֣ב אֹת֗וֹ בְּמִרְכֶּ֤בֶת הַמִּשְׁנֶה֙ אֲשֶׁר־ל֔וֹ וַיִּקְרְא֥וּ לְפָנָ֖יו אַבְרֵ֑ךְ וְנָת֣וֹן אֹת֔וֹ עַ֖ל כׇּל־אֶ֥רֶץ מִצְרָֽיִם׃
ספר בראשית/מא	מד	__	{{מ:פסוק|בראשית|מא|מד}}	וַיֹּ֧אמֶר פַּרְעֹ֛ה אֶל־יוֹסֵ֖ף אֲנִ֣י פַרְעֹ֑ה וּבִלְעָדֶ֗יךָ לֹֽא־יָרִ֨ים אִ֧ישׁ אֶת־יָד֛וֹ וְאֶת־רַגְל֖וֹ בְּכׇל־אֶ֥רֶץ מִצְרָֽיִם׃
ספר בראשית/מא	מה	__	{{מ:פסוק|בראשית|מא|מה}}	וַיִּקְרָ֨א פַרְעֹ֣ה שֵׁם־יוֹסֵף֮ צָֽפְנַ֣ת פַּעְנֵ֒חַ֒ וַיִּתֶּן־ל֣וֹ אֶת־אָֽסְנַ֗ת בַּת־{{נוסח|פּ֥וֹטִי פֶ֛רַע|=א(ס)ל ומסורת-א(ס)ל <ב מלות בלי מקף? כן ומסר עליו תרתין מלין> וטברניות, וכן בספרי ספרד ואשכנז ובדפוסים}}{{מ:הערה|בספרי תימן פּֽוֹטִיפֶ֛רַע בתיבה אחת}} כֹּהֵ֥ן אֹ֖ן לְאִשָּׁ֑ה וַיֵּצֵ֥א יוֹסֵ֖ף עַל־אֶ֥רֶץ מִצְרָֽיִם׃
ספר בראשית/מא	מו	__	{{מ:פסוק|בראשית|מא|מו}}	וְיוֹסֵף֙ בֶּן־שְׁלֹשִׁ֣ים שָׁנָ֔ה בְּעׇמְד֕וֹ לִפְנֵ֖י פַּרְעֹ֣ה מֶֽלֶךְ־מִצְרָ֑יִם וַיֵּצֵ֤א יוֹסֵף֙ מִלִּפְנֵ֣י פַרְעֹ֔ה {{נוסח|וַֽיַּעֲבֹ֖ר|=שש1 ובדפוסים|ל=וַֽיַּעְבֹ֖ר (שווא במקום חטף!)|הערות ברויאר ודותן}} בְּכׇל־אֶ֥רֶץ מִצְרָֽיִם׃
ספר בראשית/מא	מז	__	{{מ:פסוק|בראשית|מא|מז}}	וַתַּ֣עַשׂ הָאָ֔רֶץ בְּשֶׁ֖בַע שְׁנֵ֣י הַשָּׂבָ֑ע לִקְמָצִֽים׃
ספר בראשית/מא	מח	__	{{מ:פסוק|בראשית|מא|מח}}	וַיִּקְבֹּ֞ץ אֶת־כׇּל־אֹ֣כֶל{{מ:לגרמיה}}שֶׁ֣בַע שָׁנִ֗ים אֲשֶׁ֤ר הָיוּ֙ בְּאֶ֣רֶץ מִצְרַ֔יִם וַיִּתֶּן־אֹ֖כֶל בֶּעָרִ֑ים אֹ֧כֶל שְׂדֵה־הָעִ֛יר אֲשֶׁ֥ר סְבִיבֹתֶ֖יהָ נָתַ֥ן בְּתוֹכָֽהּ׃
ספר בראשית/מא	מט	__	{{מ:פסוק|בראשית|מא|מט}}	וַיִּצְבֹּ֨ר יוֹסֵ֥ף בָּ֛ר כְּח֥וֹל הַיָּ֖ם הַרְבֵּ֣ה מְאֹ֑ד עַ֛ד כִּי־חָדַ֥ל לִסְפֹּ֖ר כִּי־אֵ֥ין מִסְפָּֽר׃
ספר בראשית/מא	נ	__	{{מ:פסוק|בראשית|מא|נ}}	"וּלְיוֹסֵ֤ף {{נוסח|יֻלַּד֙|=א(ס)ל <קמץ? אינו כן אלא בפתח ומסר עליו מבחוץ פתח> ובן־אשר בחילופים|מ""ג דפוס ונציה ובדפוסים=יֻלׇּד֙ (בקמץ) ובן־נפתלי בחילופים}} שְׁנֵ֣י בָנִ֔ים בְּטֶ֥רֶם תָּב֖וֹא שְׁנַ֣ת הָרָעָ֑ב אֲשֶׁ֤ר יָֽלְדָה־לּוֹ֙ אָֽסְנַ֔ת בַּת־{{נוסח|פּ֥וֹטִי פֶ֖רַע|ראו הערה בפסוק מ""ה}}{{מ:הערה|בספרי תימן פּֽוֹטִיפֶ֖רַע בתיבה אחת}} כֹּהֵ֥ן אֽוֹן׃"
ספר בראשית/מא	נא	__	{{מ:פסוק|בראשית|מא|נא}}	וַיִּקְרָ֥א יוֹסֵ֛ף אֶת־שֵׁ֥ם הַבְּכ֖וֹר מְנַשֶּׁ֑ה כִּֽי־נַשַּׁ֤נִי אֱלֹהִים֙ אֶת־כׇּל־עֲמָלִ֔י וְאֵ֖ת כׇּל־בֵּ֥ית אָבִֽי׃
ספר בראשית/מא	נב	__	{{מ:פסוק|בראשית|מא|נב}}	וְאֵ֛ת שֵׁ֥ם הַשֵּׁנִ֖י קָרָ֣א אֶפְרָ֑יִם כִּֽי־הִפְרַ֥נִי אֱלֹהִ֖ים בְּאֶ֥רֶץ עׇנְיִֽי׃
ספר בראשית/מא	נג	__	{{מ:פסוק|בראשית|מא|נג|עלייה=רביעי}}	וַתִּכְלֶ֕ינָה שֶׁ֖בַע שְׁנֵ֣י הַשָּׂבָ֑ע אֲשֶׁ֥ר הָיָ֖ה בְּאֶ֥רֶץ מִצְרָֽיִם׃
ספר בראשית/מא	נד	__	{{מ:פסוק|בראשית|מא|נד}}	וַתְּחִלֶּ֜ינָה שֶׁ֣בַע שְׁנֵ֤י הָרָעָב֙ לָב֔וֹא כַּאֲשֶׁ֖ר אָמַ֣ר יוֹסֵ֑ף וַיְהִ֤י רָעָב֙ בְּכׇל־הָ֣אֲרָצ֔וֹת וּבְכׇל־אֶ֥רֶץ מִצְרַ֖יִם הָ֥יָה לָֽחֶם׃
ספר בראשית/מא	נה	__	{{מ:פסוק|בראשית|מא|נה}}	וַתִּרְעַב֙ כׇּל־אֶ֣רֶץ מִצְרַ֔יִם וַיִּצְעַ֥ק הָעָ֛ם אֶל־פַּרְעֹ֖ה לַלָּ֑חֶם וַיֹּ֨אמֶר פַּרְעֹ֤ה לְכׇל־מִצְרַ֙יִם֙ לְכ֣וּ אֶל־יוֹסֵ֔ף אֲשֶׁר־יֹאמַ֥ר לָכֶ֖ם תַּעֲשֽׂוּ׃
ספר בראשית/מא	נו	__	{{מ:פסוק|בראשית|מא|נו}}	וְהָרָעָ֣ב הָיָ֔ה עַ֖ל כׇּל־פְּנֵ֣י הָאָ֑רֶץ וַיִּפְתַּ֨ח יוֹסֵ֜ף אֶֽת־כׇּל־אֲשֶׁ֤ר בָּהֶם֙ וַיִּשְׁבֹּ֣ר לְמִצְרַ֔יִם וַיֶּחֱזַ֥ק הָֽרָעָ֖ב בְּאֶ֥רֶץ מִצְרָֽיִם׃
ספר בראשית/מא	נז	__	{{מ:פסוק|בראשית|מא|נז}}	וְכׇל־הָאָ֙רֶץ֙ בָּ֣אוּ מִצְרַ֔יְמָה לִשְׁבֹּ֖ר אֶל־יוֹסֵ֑ף כִּֽי־חָזַ֥ק הָרָעָ֖ב בְּכׇל־הָאָֽרֶץ׃
ספר בראשית/מא	תתת	<noinclude>//{{תבנית:משתמש:Dovi/טעמי המקרא-סוף}}//{{מ:שוליים-סוף}}//==הפרק בלי מספרים==//{{תבנית:משתמש:Dovi/טעמי המקרא}}//{{#בלי קטע:{{שם הדף המלא}}|סימן}}//{{תבנית:משתמש:Dovi/טעמי המקרא-סוף}}//==הערות==//{{תבנית:משתמש:Dovi/טעמי המקרא}}//<references/>//{{תבנית:משתמש:Dovi/טעמי המקרא-סוף}}</noinclude>		
ספר בראשית/מב	0	<noinclude>{{תבנית:טעמי המקרא באינטרנט}}//{{מ:שוליים|5}}//{{תבנית:משתמש:Dovi/טעמי המקרא}}//</noinclude>		
ספר בראשית/מב	א	{{מ:אין פרשה בתחילת פרק}}	{{מ:פסוק|בראשית|מב|א}}	וַיַּ֣רְא יַעֲקֹ֔ב כִּ֥י יֶשׁ־שֶׁ֖בֶר בְּמִצְרָ֑יִם וַיֹּ֤אמֶר יַעֲקֹב֙ לְבָנָ֔יו לָ֖מָּה תִּתְרָאֽוּ׃
ספר בראשית/מב	ב	__	{{מ:פסוק|בראשית|מב|ב}}	וַיֹּ֕אמֶר הִנֵּ֣ה שָׁמַ֔עְתִּי כִּ֥י יֶשׁ־שֶׁ֖בֶר בְּמִצְרָ֑יִם רְדוּ־שָׁ֙מָּה֙ וְשִׁבְרוּ־לָ֣נוּ מִשָּׁ֔ם וְנִחְיֶ֖ה וְלֹ֥א נָמֽוּת׃
ספר בראשית/מב	ג	__	{{מ:פסוק|בראשית|מב|ג}}	וַיֵּרְד֥וּ אֲחֵֽי־יוֹסֵ֖ף עֲשָׂרָ֑ה לִשְׁבֹּ֥ר בָּ֖ר מִמִּצְרָֽיִם׃
ספר בראשית/מב	ד	__	{{מ:פסוק|בראשית|מב|ד}}	וְאֶת־בִּנְיָמִין֙ אֲחִ֣י יוֹסֵ֔ף לֹא־שָׁלַ֥ח יַעֲקֹ֖ב אֶת־אֶחָ֑יו כִּ֣י אָמַ֔ר פֶּן־יִקְרָאֶ֖נּוּ אָסֽוֹן׃
ספר בראשית/מב	ה	__	{{מ:פסוק|בראשית|מב|ה}}	וַיָּבֹ֙אוּ֙ בְּנֵ֣י יִשְׂרָאֵ֔ל לִשְׁבֹּ֖ר בְּת֣וֹךְ הַבָּאִ֑ים כִּֽי־הָיָ֥ה הָרָעָ֖ב בְּאֶ֥רֶץ כְּנָֽעַן׃
ספר בראשית/מב	ו	__	{{מ:פסוק|בראשית|מב|ו}}	"וְיוֹסֵ֗ף ה֚וּא הַשַּׁלִּ֣יט עַל־הָאָ֔רֶץ ה֥וּא הַמַּשְׁבִּ֖יר לְכׇל־עַ֣ם הָאָ֑רֶץ וַיָּבֹ֙אוּ֙ אֲחֵ֣י יוֹסֵ֔ף {{נוסח|וַיִּשְׁתַּֽחֲווּ־ל֥וֹ|=ל?שש1 ובדפוסים|ל=וַיִּשְׁתַּֽחֲוּוּ־ל֥וֹ? (דגש בוי""ו עיצורית?)|יש נקודה ממטושטשת בוי""ו הראשונה, אבל לפי דותן ל=<וַיִּשְׁתַּֽחֲווּ>|הערת ברויאר}} אַפַּ֖יִם אָֽרְצָה׃"
ספר בראשית/מב	ז	__	{{מ:פסוק|בראשית|מב|ז}}	וַיַּ֥רְא יוֹסֵ֛ף אֶת־אֶחָ֖יו וַיַּכִּרֵ֑ם וַיִּתְנַכֵּ֨ר אֲלֵיהֶ֜ם וַיְדַבֵּ֧ר אִתָּ֣ם קָשׁ֗וֹת וַיֹּ֤אמֶר אֲלֵהֶם֙ מֵאַ֣יִן בָּאתֶ֔ם וַיֹּ֣אמְר֔וּ מֵאֶ֥רֶץ כְּנַ֖עַן לִשְׁבׇּר־אֹֽכֶל׃
ספר בראשית/מב	ח	__	{{מ:פסוק|בראשית|מב|ח}}	וַיַּכֵּ֥ר יוֹסֵ֖ף אֶת־אֶחָ֑יו וְהֵ֖ם לֹ֥א הִכִּרֻֽהוּ׃
ספר בראשית/מב	ט	__	{{מ:פסוק|בראשית|מב|ט}}	וַיִּזְכֹּ֣ר יוֹסֵ֔ף אֵ֚ת הַחֲלֹמ֔וֹת אֲשֶׁ֥ר חָלַ֖ם לָהֶ֑ם וַיֹּ֤אמֶר אֲלֵהֶם֙ מְרַגְּלִ֣ים אַתֶּ֔ם לִרְא֛וֹת אֶת־עֶרְוַ֥ת הָאָ֖רֶץ בָּאתֶֽם׃
ספר בראשית/מב	י	__	{{מ:פסוק|בראשית|מב|י}}	וַיֹּאמְר֥וּ אֵלָ֖יו לֹ֣א אֲדֹנִ֑י וַעֲבָדֶ֥יךָ בָּ֖אוּ לִשְׁבׇּר־אֹֽכֶל׃
ספר בראשית/מב	יא	__	{{מ:פסוק|בראשית|מב|יא}}	כֻּלָּ֕נוּ בְּנֵ֥י אִישׁ־אֶחָ֖ד נָ֑חְנוּ כֵּנִ֣ים אֲנַ֔חְנוּ לֹא־הָי֥וּ עֲבָדֶ֖יךָ מְרַגְּלִֽים׃
ספר בראשית/מב	יב	__	{{מ:פסוק|בראשית|מב|יב}}	וַיֹּ֖אמֶר אֲלֵהֶ֑ם לֹ֕א כִּֽי־עֶרְוַ֥ת הָאָ֖רֶץ בָּאתֶ֥ם לִרְאֽוֹת׃
ספר בראשית/מב	יג	__	{{מ:פסוק|בראשית|מב|יג}}	וַיֹּאמְר֗וּ שְׁנֵ֣ים עָשָׂר֩ עֲבָדֶ֨יךָ אַחִ֧ים{{מ:פסק}}אֲנַ֛חְנוּ בְּנֵ֥י אִישׁ־אֶחָ֖ד בְּאֶ֣רֶץ כְּנָ֑עַן וְהִנֵּ֨ה הַקָּטֹ֤ן אֶת־אָבִ֙ינוּ֙ הַיּ֔וֹם וְהָאֶחָ֖ד אֵינֶֽנּוּ׃
ספר בראשית/מב	יד	__	{{מ:פסוק|בראשית|מב|יד}}	וַיֹּ֥אמֶר אֲלֵהֶ֖ם יוֹסֵ֑ף ה֗וּא אֲשֶׁ֨ר דִּבַּ֧רְתִּי אֲלֵכֶ֛ם לֵאמֹ֖ר מְרַגְּלִ֥ים אַתֶּֽם׃
ספר בראשית/מב	טו	__	{{מ:פסוק|בראשית|מב|טו}}	בְּזֹ֖את תִּבָּחֵ֑נוּ חֵ֤י פַרְעֹה֙ אִם־תֵּצְא֣וּ מִזֶּ֔ה כִּ֧י אִם־בְּב֛וֹא אֲחִיכֶ֥ם הַקָּטֹ֖ן הֵֽנָּה׃
ספר בראשית/מב	טז	__	{{מ:פסוק|בראשית|מב|טז}}	שִׁלְח֨וּ מִכֶּ֣ם אֶחָד֮ וְיִקַּ֣ח אֶת־אֲחִיכֶם֒ וְאַתֶּם֙ הֵאָ֣סְר֔וּ וְיִבָּֽחֲנוּ֙ דִּבְרֵיכֶ֔ם הַֽאֱמֶ֖ת אִתְּכֶ֑ם וְאִם־לֹ֕א חֵ֣י פַרְעֹ֔ה כִּ֥י מְרַגְּלִ֖ים אַתֶּֽם׃
ספר בראשית/מב	יז	__	{{מ:פסוק|בראשית|מב|יז}}	וַיֶּאֱסֹ֥ף אֹתָ֛ם אֶל־מִשְׁמָ֖ר שְׁלֹ֥שֶׁת יָמִֽים׃
ספר בראשית/מב	יח	__	{{מ:פסוק|בראשית|מב|יח|סדר=לח}}	וַיֹּ֨אמֶר אֲלֵהֶ֤ם יוֹסֵף֙ בַּיּ֣וֹם הַשְּׁלִישִׁ֔י זֹ֥את עֲשׂ֖וּ וִֽחְי֑וּ אֶת־הָאֱלֹהִ֖ים אֲנִ֥י יָרֵֽא׃
ספר בראשית/מב	יט	__	{{מ:פסוק|בראשית|מב|יט|עלייה=חמישי}}	אִם־כֵּנִ֣ים אַתֶּ֔ם אֲחִיכֶ֣ם אֶחָ֔ד יֵאָסֵ֖ר בְּבֵ֣ית מִשְׁמַרְכֶ֑ם וְאַתֶּם֙ לְכ֣וּ הָבִ֔יאוּ שֶׁ֖בֶר רַעֲב֥וֹן בָּתֵּיכֶֽם׃
ספר בראשית/מב	כ	__	{{מ:פסוק|בראשית|מב|כ}}	וְאֶת־אֲחִיכֶ֤ם הַקָּטֹן֙ תָּבִ֣יאוּ אֵלַ֔י וְיֵאָמְנ֥וּ דִבְרֵיכֶ֖ם וְלֹ֣א תָמ֑וּתוּ וַיַּעֲשׂוּ־כֵֽן׃
ספר בראשית/מב	כא	__	{{מ:פסוק|בראשית|מב|כא}}	וַיֹּאמְר֞וּ אִ֣ישׁ אֶל־אָחִ֗יו אֲבָל֮ אֲשֵׁמִ֣ים{{מ:פסק}}אֲנַ֘חְנוּ֮ עַל־אָחִ֒ינוּ֒ אֲשֶׁ֨ר רָאִ֜ינוּ צָרַ֥ת נַפְשׁ֛וֹ בְּהִתְחַֽנְנ֥וֹ אֵלֵ֖ינוּ וְלֹ֣א שָׁמָ֑עְנוּ עַל־כֵּן֙ בָּ֣אָה אֵלֵ֔ינוּ הַצָּרָ֖ה הַזֹּֽאת׃
ספר בראשית/מב	כב	__	{{מ:פסוק|בראשית|מב|כב}}	וַיַּ֩עַן֩ רְאוּבֵ֨ן אֹתָ֜ם לֵאמֹ֗ר הֲלוֹא֩ אָמַ֨רְתִּי אֲלֵיכֶ֧ם{{מ:פסק}}לֵאמֹ֛ר אַל־תֶּחֶטְא֥וּ בַיֶּ֖לֶד וְלֹ֣א שְׁמַעְתֶּ֑ם וְגַם־דָּמ֖וֹ הִנֵּ֥ה נִדְרָֽשׁ׃
ספר בראשית/מב	כג	__	{{מ:פסוק|בראשית|מב|כג}}	וְהֵם֙ לֹ֣א {{נוסח|יָֽדְע֔וּ|ל=יָֽדְע֔וּ בגעיה ימנית}} כִּ֥י שֹׁמֵ֖עַ יוֹסֵ֑ף כִּ֥י הַמֵּלִ֖יץ בֵּינֹתָֽם׃
ספר בראשית/מב	כד	__	{{מ:פסוק|בראשית|מב|כד}}	וַיִּסֹּ֥ב מֵֽעֲלֵיהֶ֖ם וַיֵּ֑בְךְּ וַיָּ֤שׇׁב אֲלֵהֶם֙ וַיְדַבֵּ֣ר אֲלֵהֶ֔ם וַיִּקַּ֤ח מֵֽאִתָּם֙ אֶת־שִׁמְע֔וֹן וַיֶּאֱסֹ֥ר אֹת֖וֹ לְעֵינֵיהֶֽם׃
ספר בראשית/מב	כה	__	{{מ:פסוק|בראשית|מב|כה}}	וַיְצַ֣ו יוֹסֵ֗ף וַיְמַלְא֣וּ אֶת־כְּלֵיהֶם֮ בָּר֒ וּלְהָשִׁ֤יב כַּסְפֵּיהֶם֙ אִ֣ישׁ אֶל־שַׂקּ֔וֹ וְלָתֵ֥ת לָהֶ֛ם צֵדָ֖ה לַדָּ֑רֶךְ וַיַּ֥עַשׂ לָהֶ֖ם כֵּֽן׃
ספר בראשית/מב	כו	__	{{מ:פסוק|בראשית|מב|כו}}	וַיִּשְׂא֥וּ אֶת־שִׁבְרָ֖ם עַל־חֲמֹרֵיהֶ֑ם וַיֵּלְכ֖וּ מִשָּֽׁם׃
ספר בראשית/מב	כז	__	{{מ:פסוק|בראשית|מב|כז}}	וַיִּפְתַּ֨ח הָאֶחָ֜ד אֶת־שַׂקּ֗וֹ לָתֵ֥ת מִסְפּ֛וֹא לַחֲמֹר֖וֹ בַּמָּל֑וֹן וַיַּרְא֙ אֶת־כַּסְפּ֔וֹ וְהִנֵּה־ה֖וּא בְּפִ֥י אַמְתַּחְתּֽוֹ׃
ספר בראשית/מב	כח	__	{{מ:פסוק|בראשית|מב|כח}}	וַיֹּ֤אמֶר אֶל־אֶחָיו֙ הוּשַׁ֣ב כַּסְפִּ֔י וְגַ֖ם הִנֵּ֣ה בְאַמְתַּחְתִּ֑י וַיֵּצֵ֣א לִבָּ֗ם וַיֶּֽחֶרְד֞וּ אִ֤ישׁ אֶל־אָחִיו֙ לֵאמֹ֔ר מַה־זֹּ֛את עָשָׂ֥ה אֱלֹהִ֖ים לָֽנוּ׃
ספר בראשית/מב	כט	__	{{מ:פסוק|בראשית|מב|כט}}	וַיָּבֹ֛אוּ אֶל־יַעֲקֹ֥ב אֲבִיהֶ֖ם אַ֣רְצָה כְּנָ֑עַן וַיַּגִּ֣ידוּ ל֔וֹ אֵ֛ת כׇּל־הַקֹּרֹ֥ת אֹתָ֖ם לֵאמֹֽר׃
ספר בראשית/מב	ל	__	{{מ:פסוק|בראשית|מב|ל}}	דִּ֠בֶּ֠ר הָאִ֨ישׁ אֲדֹנֵ֥י הָאָ֛רֶץ אִתָּ֖נוּ קָשׁ֑וֹת וַיִּתֵּ֣ן אֹתָ֔נוּ כִּֽמְרַגְּלִ֖ים אֶת־הָאָֽרֶץ׃
ספר בראשית/מב	לא	__	{{מ:פסוק|בראשית|מב|לא}}	וַנֹּ֥אמֶר אֵלָ֖יו כֵּנִ֣ים אֲנָ֑חְנוּ לֹ֥א הָיִ֖ינוּ מְרַגְּלִֽים׃
ספר בראשית/מב	לב	__	{{מ:פסוק|בראשית|מב|לב}}	שְׁנֵים־עָשָׂ֥ר אֲנַ֛חְנוּ אַחִ֖ים בְּנֵ֣י אָבִ֑ינוּ הָאֶחָ֣ד אֵינֶ֔נּוּ וְהַקָּטֹ֥ן הַיּ֛וֹם אֶת־אָבִ֖ינוּ בְּאֶ֥רֶץ כְּנָֽעַן׃
ספר בראשית/מב	לג	__	{{מ:פסוק|בראשית|מב|לג}}	וַיֹּ֣אמֶר אֵלֵ֗ינוּ הָאִישׁ֙ אֲדֹנֵ֣י הָאָ֔רֶץ בְּזֹ֣את אֵדַ֔ע כִּ֥י כֵנִ֖ים אַתֶּ֑ם אֲחִיכֶ֤ם הָֽאֶחָד֙ הַנִּ֣יחוּ אִתִּ֔י וְאֶת־רַעֲב֥וֹן בָּתֵּיכֶ֖ם קְח֥וּ וָלֵֽכוּ׃
ספר בראשית/מב	לד	__	{{מ:פסוק|בראשית|מב|לד}}	וְ֠הָבִ֠יאוּ אֶת־אֲחִיכֶ֣ם הַקָּטֹן֮ אֵלַי֒ וְאֵֽדְעָ֗ה כִּ֣י לֹ֤א מְרַגְּלִים֙ אַתֶּ֔ם כִּ֥י כֵנִ֖ים אַתֶּ֑ם אֶת־אֲחִיכֶם֙ אֶתֵּ֣ן לָכֶ֔ם וְאֶת־הָאָ֖רֶץ תִּסְחָֽרוּ׃
ספר בראשית/מב	לה	__	{{מ:פסוק|בראשית|מב|לה}}	וַיְהִ֗י הֵ֚ם מְרִיקִ֣ים שַׂקֵּיהֶ֔ם וְהִנֵּה־אִ֥ישׁ צְרוֹר־כַּסְפּ֖וֹ בְּשַׂקּ֑וֹ וַיִּרְא֞וּ אֶת־צְרֹר֧וֹת כַּסְפֵּיהֶ֛ם הֵ֥מָּה וַאֲבִיהֶ֖ם וַיִּירָֽאוּ׃
ספר בראשית/מב	לו	__	{{מ:פסוק|בראשית|מב|לו}}	"וַיֹּ֤אמֶר אֲלֵהֶם֙ יַעֲקֹ֣ב אֲבִיהֶ֔ם אֹתִ֖י שִׁכַּלְתֶּ֑ם יוֹסֵ֤ף {{נוסח|אֵינֶ֙נּוּ֙|=שש1 ובדפוסים|ל=אֵינֶּ֙נּוּ֙ (נו""ן ראשונה דגושה) והמקליד תיקן בלי להעיר|הערות ברויאר ודותן}} וְשִׁמְע֣וֹן אֵינֶ֔נּוּ וְאֶת־בִּנְיָמִ֣ן תִּקָּ֔חוּ עָלַ֖י הָי֥וּ כֻלָּֽנָה׃"
ספר בראשית/מב	לז	__	{{מ:פסוק|בראשית|מב|לז}}	וַיֹּ֤אמֶר רְאוּבֵן֙ אֶל־אָבִ֣יו לֵאמֹ֔ר אֶת־שְׁנֵ֤י בָנַי֙ תָּמִ֔ית אִם־לֹ֥א אֲבִיאֶ֖נּוּ אֵלֶ֑יךָ תְּנָ֤ה אֹתוֹ֙ עַל־יָדִ֔י וַאֲנִ֖י אֲשִׁיבֶ֥נּוּ אֵלֶֽיךָ׃
ספר בראשית/מב	לח	__	{{מ:פסוק|בראשית|מב|לח}}	וַיֹּ֕אמֶר לֹֽא־יֵרֵ֥ד בְּנִ֖י עִמָּכֶ֑ם כִּֽי־אָחִ֨יו מֵ֜ת וְה֧וּא לְבַדּ֣וֹ נִשְׁאָ֗ר וּקְרָאָ֤הוּ אָסוֹן֙ בַּדֶּ֙רֶךְ֙ אֲשֶׁ֣ר תֵּֽלְכוּ־בָ֔הּ וְהוֹרַדְתֶּ֧ם אֶת־שֵׂיבָתִ֛י בְּיָג֖וֹן שְׁאֽוֹלָה׃
ספר בראשית/מב	תתת	<noinclude>//{{תבנית:משתמש:Dovi/טעמי המקרא-סוף}}//{{מ:שוליים-סוף}}//==הפרק בלי מספרים==//{{תבנית:משתמש:Dovi/טעמי המקרא}}//{{#בלי קטע:{{שם הדף המלא}}|סימן}}//{{תבנית:משתמש:Dovi/טעמי המקרא-סוף}}</noinclude>		
ספר בראשית/מג	0	<noinclude>{{תבנית:טעמי המקרא באינטרנט}}//{{מ:שוליים|5}}//{{תבנית:משתמש:Dovi/טעמי המקרא}}//</noinclude>		
ספר בראשית/מג	א	{{מ:אין פרשה בתחילת פרק}}	{{מ:פסוק|בראשית|מג|א}}	וְהָרָעָ֖ב כָּבֵ֥ד בָּאָֽרֶץ׃
ספר בראשית/מג	ב	__	{{מ:פסוק|בראשית|מג|ב}}	וַיְהִ֗י כַּאֲשֶׁ֤ר כִּלּוּ֙ לֶאֱכֹ֣ל אֶת־הַשֶּׁ֔בֶר אֲשֶׁ֥ר הֵבִ֖יאוּ מִמִּצְרָ֑יִם וַיֹּ֤אמֶר אֲלֵיהֶם֙ אֲבִיהֶ֔ם שֻׁ֖בוּ שִׁבְרוּ־לָ֥נוּ מְעַט־אֹֽכֶל׃
ספר בראשית/מג	ג	__	{{מ:פסוק|בראשית|מג|ג}}	וַיֹּ֧אמֶר אֵלָ֛יו יְהוּדָ֖ה לֵאמֹ֑ר {{נוסח|הָעֵ֣ד|=לש ובדפוסים|ברויאר במהדורתו הראשון ציין ל=הַעֵ֣ד (בפתח) אבל הקמץ ברור.}} הֵעִד֩ בָּ֨נוּ הָאִ֤ישׁ לֵאמֹר֙ לֹֽא־תִרְא֣וּ פָנַ֔י בִּלְתִּ֖י אֲחִיכֶ֥ם אִתְּכֶֽם׃
ספר בראשית/מג	ד	__	{{מ:פסוק|בראשית|מג|ד}}	אִם־יֶשְׁךָ֛ מְשַׁלֵּ֥חַ אֶת־אָחִ֖ינוּ אִתָּ֑נוּ נֵרְדָ֕ה וְנִשְׁבְּרָ֥ה לְךָ֖ אֹֽכֶל׃
ספר בראשית/מג	ה	__	{{מ:פסוק|בראשית|מג|ה}}	וְאִם־אֵינְךָ֥ מְשַׁלֵּ֖חַ לֹ֣א נֵרֵ֑ד כִּֽי־הָאִ֞ישׁ אָמַ֤ר אֵלֵ֙ינוּ֙ לֹֽא־תִרְא֣וּ פָנַ֔י בִּלְתִּ֖י אֲחִיכֶ֥ם אִתְּכֶֽם׃
ספר בראשית/מג	ו	__	{{מ:פסוק|בראשית|מג|ו}}	וַיֹּ֙אמֶר֙ יִשְׂרָאֵ֔ל לָמָ֥ה הֲרֵעֹתֶ֖ם לִ֑י לְהַגִּ֣יד לָאִ֔ישׁ הַע֥וֹד לָכֶ֖ם אָֽח׃
ספר בראשית/מג	ז	__	{{מ:פסוק|בראשית|מג|ז}}	"וַיֹּאמְר֡וּ שָׁא֣וֹל שָֽׁאַל־הָ֠אִ֠ישׁ לָ֣נוּ וּלְמֽוֹלַדְתֵּ֜נוּ לֵאמֹ֗ר הַע֨וֹד אֲבִיכֶ֥ם חַי֙ הֲיֵ֣שׁ לָכֶ֣ם אָ֔ח {{נוסח|וַנַּ֨גֶּד־ל֔וֹ|=ש ובדפוסים|ל=וַנַ֨גֶּד־ל֔וֹ (חסר דגש) ודותן תיקן בלי להעיר (אמנם יתכן שהדגש נבלע בתוך הנו""ן)|הערת המקליד}} עַל־פִּ֖י הַדְּבָרִ֣ים הָאֵ֑לֶּה הֲיָד֣וֹעַ נֵדַ֔ע כִּ֣י יֹאמַ֔ר הוֹרִ֖ידוּ אֶת־אֲחִיכֶֽם׃"
ספר בראשית/מג	ח	__	{{מ:פסוק|בראשית|מג|ח}}	וַיֹּ֨אמֶר יְהוּדָ֜ה אֶל־יִשְׂרָאֵ֣ל אָבִ֗יו שִׁלְחָ֥ה הַנַּ֛עַר אִתִּ֖י וְנָק֣וּמָה וְנֵלֵ֑כָה וְנִֽחְיֶה֙ וְלֹ֣א נָמ֔וּת גַּם־אֲנַ֥חְנוּ גַם־אַתָּ֖ה גַּם־טַפֵּֽנוּ׃
ספר בראשית/מג	ט	__	{{מ:פסוק|בראשית|מג|ט}}	אָֽנֹכִי֙ אֶֽעֶרְבֶ֔נּוּ מִיָּדִ֖י תְּבַקְשֶׁ֑נּוּ אִם־לֹ֨א הֲבִיאֹתִ֤יו אֵלֶ֙יךָ֙ וְהִצַּגְתִּ֣יו לְפָנֶ֔יךָ וְחָטָ֥אתִֽי לְךָ֖ כׇּל־הַיָּמִֽים׃
ספר בראשית/מג	י	__	{{מ:פסוק|בראשית|מג|י}}	כִּ֖י לוּלֵ֣א הִתְמַהְמָ֑הְנוּ כִּֽי־עַתָּ֥ה שַׁ֖בְנוּ זֶ֥ה פַעֲמָֽיִם׃
ספר בראשית/מג	יא	__	{{מ:פסוק|בראשית|מג|יא}}	וַיֹּ֨אמֶר אֲלֵהֶ֜ם יִשְׂרָאֵ֣ל אֲבִיהֶ֗ם אִם־כֵּ֣ן{{מ:פסק}}אֵפוֹא֮ זֹ֣את עֲשׂוּ֒ קְח֞וּ מִזִּמְרַ֤ת הָאָ֙רֶץ֙ בִּכְלֵיכֶ֔ם וְהוֹרִ֥ידוּ לָאִ֖ישׁ מִנְחָ֑ה מְעַ֤ט צֳרִי֙ וּמְעַ֣ט דְּבַ֔שׁ נְכֹ֣את וָלֹ֔ט בׇּטְנִ֖ים וּשְׁקֵדִֽים׃
ספר בראשית/מג	יב	__	{{מ:פסוק|בראשית|מג|יב}}	וְכֶ֥סֶף מִשְׁנֶ֖ה קְח֣וּ בְיֶדְכֶ֑ם וְאֶת־הַכֶּ֜סֶף {{נוסח|הַמּוּשָׁ֨ב|=א(ס)ל <פתח? אינו כן אלא בקמץ ונמסר עליו ג''>|דפוסים=הַמּוּשַׁ֨ב (בפתח)}} בְּפִ֤י אַמְתְּחֹֽתֵיכֶם֙ תָּשִׁ֣יבוּ בְיֶדְכֶ֔ם אוּלַ֥י מִשְׁגֶּ֖ה הֽוּא׃
ספר בראשית/מג	יג	__	{{מ:פסוק|בראשית|מג|יג}}	וְאֶת־אֲחִיכֶ֖ם קָ֑חוּ וְק֖וּמוּ שׁ֥וּבוּ אֶל־הָאִֽישׁ׃
ספר בראשית/מג	יד	__	{{מ:פסוק|בראשית|מג|יד|סדר=לט}}	וְאֵ֣ל שַׁדַּ֗י יִתֵּ֨ן לָכֶ֤ם רַחֲמִים֙ לִפְנֵ֣י הָאִ֔ישׁ וְשִׁלַּ֥ח לָכֶ֛ם אֶת־אֲחִיכֶ֥ם אַחֵ֖ר וְאֶת־בִּנְיָמִ֑ין וַאֲנִ֕י כַּאֲשֶׁ֥ר שָׁכֹ֖לְתִּי שָׁכָֽלְתִּי׃
ספר בראשית/מג	טו	__	{{מ:פסוק|בראשית|מג|טו}}	וַיִּקְח֤וּ הָֽאֲנָשִׁים֙ אֶת־הַמִּנְחָ֣ה הַזֹּ֔את וּמִשְׁנֶה־כֶּ֛סֶף לָקְח֥וּ בְיָדָ֖ם וְאֶת־בִּנְיָמִ֑ן וַיָּקֻ֙מוּ֙ וַיֵּרְד֣וּ מִצְרַ֔יִם וַיַּֽעַמְד֖וּ לִפְנֵ֥י יוֹסֵֽף׃
ספר בראשית/מג	טז	__	{{מ:פסוק|בראשית|מג|טז|עלייה=ששי}}	וַיַּ֨רְא יוֹסֵ֣ף אִתָּם֮ אֶת־בִּנְיָמִין֒ וַיֹּ֙אמֶר֙ לַֽאֲשֶׁ֣ר עַל־בֵּית֔וֹ הָבֵ֥א אֶת־הָאֲנָשִׁ֖ים הַבָּ֑יְתָה וּטְבֹ֤חַ טֶ֙בַח֙ וְהָכֵ֔ן כִּ֥י אִתִּ֛י יֹאכְל֥וּ הָאֲנָשִׁ֖ים {{מ:קמץ|ד=בַּֽצׇּהֳרָֽיִם|ס=בַּֽצָּהֳרָֽיִם}}׃
ספר בראשית/מג	יז	__	{{מ:פסוק|בראשית|מג|יז}}	וַיַּ֣עַשׂ הָאִ֔ישׁ כַּֽאֲשֶׁ֖ר אָמַ֣ר יוֹסֵ֑ף וַיָּבֵ֥א הָאִ֛ישׁ אֶת־הָאֲנָשִׁ֖ים בֵּ֥יתָה יוֹסֵֽף׃
ספר בראשית/מג	יח	__	{{מ:פסוק|בראשית|מג|יח}}	וַיִּֽירְא֣וּ הָֽאֲנָשִׁ֗ים כִּ֣י הֽוּבְאוּ֮ בֵּ֣ית יוֹסֵף֒ וַיֹּאמְר֗וּ עַל־דְּבַ֤ר הַכֶּ֙סֶף֙ הַשָּׁ֤ב בְּאַמְתְּחֹתֵ֙ינוּ֙ בַּתְּחִלָּ֔ה אֲנַ֖חְנוּ מֽוּבָאִ֑ים לְהִתְגֹּלֵ֤ל עָלֵ֙ינוּ֙ וּלְהִתְנַפֵּ֣ל עָלֵ֔ינוּ וְלָקַ֧חַת אֹתָ֛נוּ לַעֲבָדִ֖ים וְאֶת־חֲמֹרֵֽינוּ׃
ספר בראשית/מג	יט	__	{{מ:פסוק|בראשית|מג|יט}}	וַֽיִּגְּשׁוּ֙ אֶל־הָאִ֔ישׁ אֲשֶׁ֖ר עַל־בֵּ֣ית יוֹסֵ֑ף וַיְדַבְּר֥וּ אֵלָ֖יו פֶּ֥תַח הַבָּֽיִת׃
ספר בראשית/מג	כ	__	{{מ:פסוק|בראשית|מג|כ}}	וַיֹּאמְר֖וּ בִּ֣י אֲדֹנִ֑י יָרֹ֥ד יָרַ֛דְנוּ בַּתְּחִלָּ֖ה לִשְׁבׇּר־אֹֽכֶל׃
ספר בראשית/מג	כא	__	{{מ:פסוק|בראשית|מג|כא}}	{{נוסח|וַֽיְהִ֞י|=ל (בגעיה)|ל1=וַיְהִ֞י (אין געיה) וברויאר תיקן על פיו}} כִּי־בָ֣אנוּ אֶל־הַמָּל֗וֹן וַֽנִּפְתְּחָה֙ אֶת־אַמְתְּחֹתֵ֔ינוּ וְהִנֵּ֤ה כֶֽסֶף־אִישׁ֙ בְּפִ֣י אַמְתַּחְתּ֔וֹ כַּסְפֵּ֖נוּ בְּמִשְׁקָל֑וֹ וַנָּ֥שֶׁב אֹת֖וֹ בְּיָדֵֽנוּ׃
ספר בראשית/מג	כב	__	{{מ:פסוק|בראשית|מג|כב}}	וְכֶ֧סֶף אַחֵ֛ר הוֹרַ֥דְנוּ בְיָדֵ֖נוּ לִשְׁבׇּר־אֹ֑כֶל לֹ֣א יָדַ֔עְנוּ מִי־שָׂ֥ם כַּסְפֵּ֖נוּ בְּאַמְתְּחֹתֵֽינוּ׃
ספר בראשית/מג	כג	__	{{מ:פסוק|בראשית|מג|כג}}	וַיֹּ֩אמֶר֩ שָׁל֨וֹם לָכֶ֜ם אַל־תִּירָ֗אוּ אֱלֹ֨הֵיכֶ֜ם {{נוסח|וֵֽאלֹהֵ֤י|ל=וֵֽאלֹהֵ֤י בגעיה ימנית}} אֲבִיכֶם֙ נָתַ֨ן לָכֶ֤ם מַטְמוֹן֙ בְּאַמְתְּחֹ֣תֵיכֶ֔ם כַּסְפְּכֶ֖ם בָּ֣א אֵלָ֑י וַיּוֹצֵ֥א אֲלֵהֶ֖ם אֶת־שִׁמְעֽוֹן׃
ספר בראשית/מג	כד	__	{{מ:פסוק|בראשית|מג|כד}}	וַיָּבֵ֥א הָאִ֛ישׁ אֶת־הָאֲנָשִׁ֖ים בֵּ֣יתָה יוֹסֵ֑ף וַיִּתֶּן־מַ֙יִם֙ וַיִּרְחֲצ֣וּ רַגְלֵיהֶ֔ם וַיִּתֵּ֥ן מִסְפּ֖וֹא לַחֲמֹֽרֵיהֶֽם׃
ספר בראשית/מג	כה	__	{{מ:פסוק|בראשית|מג|כה}}	וַיָּכִ֙ינוּ֙ אֶת־הַמִּנְחָ֔ה עַד־בּ֥וֹא יוֹסֵ֖ף {{מ:קמץ|ד=בַּֽצׇּהֳרָ֑יִם|ס=בַּֽצָּהֳרָ֑יִם}} כִּ֣י שָֽׁמְע֔וּ כִּי־שָׁ֖ם יֹ֥אכְלוּ לָֽחֶם׃
ספר בראשית/מג	כו	__	{{מ:פסוק|בראשית|מג|כו}}	וַיָּבֹ֤א יוֹסֵף֙ הַבַּ֔יְתָה וַיָּבִ֥יאּוּ ל֛וֹ אֶת־הַמִּנְחָ֥ה אֲשֶׁר־בְּיָדָ֖ם הַבָּ֑יְתָה וַיִּשְׁתַּחֲווּ־ל֖וֹ אָֽרְצָה׃
ספר בראשית/מג	כז	__	{{מ:פסוק|בראשית|מג|כז}}	וַיִּשְׁאַ֤ל לָהֶם֙ לְשָׁל֔וֹם וַיֹּ֗אמֶר הֲשָׁל֛וֹם אֲבִיכֶ֥ם הַזָּקֵ֖ן אֲשֶׁ֣ר אֲמַרְתֶּ֑ם הַעוֹדֶ֖נּוּ חָֽי׃
ספר בראשית/מג	כח	__	{{מ:פסוק|בראשית|מג|כח}}	"וַיֹּאמְר֗וּ שָׁל֛וֹם לְעַבְדְּךָ֥ לְאָבִ֖ינוּ עוֹדֶ֣נּוּ חָ֑י וַֽיִּקְּד֖וּ {{נוסח|{{כו""ק|וישתחו|וַיִּֽשְׁתַּחֲוֽוּ}}|=שש1 ובדפוסים|ל-קרי=וַיִּֽשְׁתַּחֲוּֽוּ (דגש בוי""ו עיצורית)|הערות ברויאר ודותן והמקליד}}׃"
ספר בראשית/מג	כט	__	{{מ:פסוק|בראשית|מג|כט}}	וַיִּשָּׂ֣א עֵינָ֗יו וַיַּ֞רְא אֶת־בִּנְיָמִ֣ין אָחִיו֮ בֶּן־אִמּוֹ֒ וַיֹּ֗אמֶר הֲזֶה֙ אֲחִיכֶ֣ם הַקָּטֹ֔ן אֲשֶׁ֥ר אֲמַרְתֶּ֖ם אֵלָ֑י וַיֹּאמַ֕ר אֱלֹהִ֥ים יׇחְנְךָ֖ בְּנִֽי׃
ספר בראשית/מג	ל	__	{{מ:פסוק|בראשית|מג|ל|עלייה=שביעי}}	וַיְמַהֵ֣ר יוֹסֵ֗ף כִּֽי־נִכְמְר֤וּ רַחֲמָיו֙ אֶל־אָחִ֔יו וַיְבַקֵּ֖שׁ לִבְכּ֑וֹת וַיָּבֹ֥א הַחַ֖דְרָה וַיֵּ֥בְךְּ שָֽׁמָּה׃
ספר בראשית/מג	לא	__	{{מ:פסוק|בראשית|מג|לא}}	וַיִּרְחַ֥ץ פָּנָ֖יו וַיֵּצֵ֑א וַיִּ֨תְאַפַּ֔ק וַיֹּ֖אמֶר שִׂ֥ימוּ לָֽחֶם׃
ספר בראשית/מג	לב	__	{{מ:פסוק|בראשית|מג|לב}}	וַיָּשִׂ֥ימוּ ל֛וֹ לְבַדּ֖וֹ וְלָהֶ֣ם לְבַדָּ֑ם וְלַמִּצְרִ֞ים הָאֹכְלִ֤ים אִתּוֹ֙ לְבַדָּ֔ם כִּי֩ לֹ֨א יוּכְל֜וּן הַמִּצְרִ֗ים לֶאֱכֹ֤ל אֶת־הָֽעִבְרִים֙ לֶ֔חֶם כִּי־תוֹעֵבָ֥ה הִ֖וא לְמִצְרָֽיִם׃
ספר בראשית/מג	לג	__	{{מ:פסוק|בראשית|מג|לג}}	וַיֵּשְׁב֣וּ לְפָנָ֔יו הַבְּכֹר֙ כִּבְכֹ֣רָת֔וֹ וְהַצָּעִ֖יר כִּצְעִרָת֑וֹ וַיִּתְמְה֥וּ הָאֲנָשִׁ֖ים אִ֥ישׁ אֶל־רֵעֵֽהוּ׃
ספר בראשית/מג	לד	__	{{מ:פסוק|בראשית|מג|לד}}	וַיִּשָּׂ֨א מַשְׂאֹ֜ת מֵאֵ֣ת פָּנָיו֮ אֲלֵהֶם֒ וַתֵּ֜רֶב מַשְׂאַ֧ת בִּנְיָמִ֛ן מִמַּשְׂאֹ֥ת כֻּלָּ֖ם חָמֵ֣שׁ יָד֑וֹת וַיִּשְׁתּ֥וּ וַֽיִּשְׁכְּר֖וּ עִמּֽוֹ׃
ספר בראשית/מג	תתת	<noinclude>//{{תבנית:משתמש:Dovi/טעמי המקרא-סוף}}//{{מ:שוליים-סוף}}//==הפרק בלי מספרים==//{{תבנית:משתמש:Dovi/טעמי המקרא}}//{{#בלי קטע:{{שם הדף המלא}}|סימן}}//{{תבנית:משתמש:Dovi/טעמי המקרא-סוף}}</noinclude>		
ספר בראשית/מד	0	<noinclude>{{תבנית:טעמי המקרא באינטרנט}}//{{מ:שוליים|5}}//{{תבנית:משתמש:Dovi/טעמי המקרא}}//</noinclude>		
ספר בראשית/מד	א	{{מ:אין פרשה בתחילת פרק}}	{{מ:פסוק|בראשית|מד|א}}	וַיְצַ֞ו אֶת־אֲשֶׁ֣ר עַל־בֵּיתוֹ֮ לֵאמֹר֒ מַלֵּ֞א אֶת־אַמְתְּחֹ֤ת הָֽאֲנָשִׁים֙ אֹ֔כֶל כַּאֲשֶׁ֥ר יוּכְל֖וּן שְׂאֵ֑ת וְשִׂ֥ים כֶּֽסֶף־אִ֖ישׁ בְּפִ֥י אַמְתַּחְתּֽוֹ׃
ספר בראשית/מד	ב	__	{{מ:פסוק|בראשית|מד|ב}}	וְאֶת־גְּבִיעִ֞י גְּבִ֣יעַ הַכֶּ֗סֶף תָּשִׂים֙ בְּפִי֙ אַמְתַּ֣חַת הַקָּטֹ֔ן וְאֵ֖ת כֶּ֣סֶף שִׁבְר֑וֹ וַיַּ֕עַשׂ כִּדְבַ֥ר יוֹסֵ֖ף אֲשֶׁ֥ר דִּבֵּֽר׃
ספר בראשית/מד	ג	__	{{מ:פסוק|בראשית|מד|ג}}	הַבֹּ֖קֶר א֑וֹר וְהָאֲנָשִׁ֣ים שֻׁלְּח֔וּ הֵ֖מָּה וַחֲמֹרֵיהֶֽם׃
ספר בראשית/מד	ד	__	{{מ:פסוק|בראשית|מד|ד}}	הֵ֠ם יָֽצְא֣וּ אֶת־הָעִיר֮ לֹ֣א הִרְחִ֒יקוּ֒ וְיוֹסֵ֤ף אָמַר֙ לַֽאֲשֶׁ֣ר עַל־בֵּית֔וֹ ק֥וּם רְדֹ֖ף אַחֲרֵ֣י הָֽאֲנָשִׁ֑ים וְהִשַּׂגְתָּם֙ וְאָמַרְתָּ֣ אֲלֵהֶ֔ם לָ֛מָּה שִׁלַּמְתֶּ֥ם רָעָ֖ה תַּ֥חַת טוֹבָֽה׃
ספר בראשית/מד	ה	__	{{מ:פסוק|בראשית|מד|ה}}	הֲל֣וֹא זֶ֗ה אֲשֶׁ֨ר יִשְׁתֶּ֤ה אֲדֹנִי֙ בּ֔וֹ וְה֕וּא נַחֵ֥שׁ יְנַחֵ֖שׁ בּ֑וֹ הֲרֵעֹתֶ֖ם אֲשֶׁ֥ר עֲשִׂיתֶֽם׃
ספר בראשית/מד	ו	__	{{מ:פסוק|בראשית|מד|ו}}	וַֽיַּשִּׂגֵ֑ם וַיְדַבֵּ֣ר אֲלֵהֶ֔ם אֶת־הַדְּבָרִ֖ים הָאֵֽלֶּה׃
ספר בראשית/מד	ז	__	{{מ:פסוק|בראשית|מד|ז}}	וַיֹּאמְר֣וּ אֵלָ֔יו לָ֚מָּה יְדַבֵּ֣ר אֲדֹנִ֔י כַּדְּבָרִ֖ים הָאֵ֑לֶּה חָלִ֙ילָה֙ לַעֲבָדֶ֔יךָ מֵעֲשׂ֖וֹת כַּדָּבָ֥ר הַזֶּֽה׃
ספר בראשית/מד	ח	__	{{מ:פסוק|בראשית|מד|ח}}	הֵ֣ן כֶּ֗סֶף אֲשֶׁ֤ר מָצָ֙אנוּ֙ בְּפִ֣י אַמְתְּחֹתֵ֔ינוּ הֱשִׁיבֹ֥נוּ אֵלֶ֖יךָ מֵאֶ֣רֶץ כְּנָ֑עַן וְאֵ֗יךְ נִגְנֹב֙ מִבֵּ֣ית אֲדֹנֶ֔יךָ כֶּ֖סֶף א֥וֹ זָהָֽב׃
ספר בראשית/מד	ט	__	{{מ:פסוק|בראשית|מד|ט}}	אֲשֶׁ֨ר יִמָּצֵ֥א אִתּ֛וֹ מֵעֲבָדֶ֖יךָ וָמֵ֑ת וְגַם־אֲנַ֕חְנוּ נִֽהְיֶ֥ה לַֽאדֹנִ֖י לַעֲבָדִֽים׃
ספר בראשית/מד	י	__	{{מ:פסוק|בראשית|מד|י}}	וַיֹּ֕אמֶר גַּם־עַתָּ֥ה כְדִבְרֵיכֶ֖ם כֶּן־ה֑וּא אֲשֶׁ֨ר יִמָּצֵ֤א אִתּוֹ֙ יִהְיֶה־לִּ֣י עָ֔בֶד וְאַתֶּ֖ם תִּהְי֥וּ נְקִיִּֽם׃
ספר בראשית/מד	יא	__	{{מ:פסוק|בראשית|מד|יא}}	{{נוסח|וַֽיְמַהֲר֗וּ|ל=וַֽיְמַהֲר֗וּ בגעיה ימנית}} וַיּוֹרִ֛דוּ אִ֥ישׁ אֶת־אַמְתַּחְתּ֖וֹ אָ֑רְצָה וַֽיִּפְתְּח֖וּ אִ֥ישׁ אַמְתַּחְתּֽוֹ׃
ספר בראשית/מד	יב	__	{{מ:פסוק|בראשית|מד|יב}}	וַיְחַפֵּ֕שׂ בַּגָּד֣וֹל הֵחֵ֔ל וּבַקָּטֹ֖ן כִּלָּ֑ה וַיִּמָּצֵא֙ הַגָּבִ֔יעַ בְּאַמְתַּ֖חַת בִּנְיָמִֽן׃
ספר בראשית/מד	יג	__	{{מ:פסוק|בראשית|מד|יג}}	{{נוסח|וַֽיִּקְרְע֖וּ|ל=וַֽיִּקְרְע֖וּ בגעיה ימנית}} שִׂמְלֹתָ֑ם וַֽיַּעֲמֹס֙ אִ֣ישׁ עַל־חֲמֹר֔וֹ וַיָּשֻׁ֖בוּ הָעִֽירָה׃
ספר בראשית/מד	יד	__	{{מ:פסוק|בראשית|מד|יד|עלייה=מפטיר}}	וַיָּבֹ֨א יְהוּדָ֤ה וְאֶחָיו֙ בֵּ֣יתָה יוֹסֵ֔ף וְה֖וּא עוֹדֶ֣נּוּ שָׁ֑ם וַיִּפְּל֥וּ לְפָנָ֖יו אָֽרְצָה׃
ספר בראשית/מד	טו	__	{{מ:פסוק|בראשית|מד|טו}}	וַיֹּ֤אמֶר לָהֶם֙ יוֹסֵ֔ף מָֽה־הַמַּעֲשֶׂ֥ה הַזֶּ֖ה אֲשֶׁ֣ר עֲשִׂיתֶ֑ם הֲל֣וֹא יְדַעְתֶּ֔ם כִּֽי־נַחֵ֧שׁ יְנַחֵ֛שׁ אִ֖ישׁ אֲשֶׁ֥ר כָּמֹֽנִי׃
ספר בראשית/מד	טז	__	{{מ:פסוק|בראשית|מד|טז}}	וַיֹּ֣אמֶר יְהוּדָ֗ה מַה־נֹּאמַר֙ לַֽאדֹנִ֔י מַה־נְּדַבֵּ֖ר וּמַה־נִּצְטַדָּ֑ק הָאֱלֹהִ֗ים מָצָא֙ אֶת־עֲוֺ֣ן עֲבָדֶ֔יךָ {{נוסח|הִנֶּ֤נּוּ|=ל|הקלדה=הִנֶּנּ֤וּ טעות בעקבות BHS}} עֲבָדִים֙ לַֽאדֹנִ֔י גַּם־אֲנַ֕חְנוּ גַּ֛ם אֲשֶׁר־נִמְצָ֥א הַגָּבִ֖יעַ בְּיָדֽוֹ׃
ספר בראשית/מד	יז	__	{{מ:פסוק|בראשית|מד|יז}}	וַיֹּ֕אמֶר חָלִ֣ילָה לִּ֔י מֵעֲשׂ֖וֹת זֹ֑את הָאִ֡ישׁ אֲשֶׁר֩ נִמְצָ֨א הַגָּבִ֜יעַ בְּיָד֗וֹ ה֚וּא יִהְיֶה־לִּ֣י עָ֔בֶד וְאַתֶּ֕ם עֲל֥וּ לְשָׁל֖וֹם אֶל־אֲבִיכֶֽם׃
ספר בראשית/מד	יח	"//{{נוסח|{{סס}}|=רמב""ם וכתי""ל (ובעקבות כתי""ל פרשה סתומה גם בדותן)|הקלדה=פרשה פתוחה (!) כנראה בטעות}}"	{{מ:פסוק|בראשית|מד|יח|סדר=מ|עלייה='''ויגש'''|עלייה ראשונה=כן}}	וַיִּגַּ֨שׁ אֵלָ֜יו יְהוּדָ֗ה וַיֹּ֘אמֶר֮ בִּ֣י אֲדֹנִי֒ יְדַבֶּר־נָ֨א עַבְדְּךָ֤ דָבָר֙ בְּאׇזְנֵ֣י אֲדֹנִ֔י וְאַל־יִ֥חַר אַפְּךָ֖ בְּעַבְדֶּ֑ךָ כִּ֥י כָמ֖וֹךָ כְּפַרְעֹֽה׃
ספר בראשית/מד	יט	__	{{מ:פסוק|בראשית|מד|יט}}	"אֲדֹנִ֣י שָׁאַ֔ל אֶת־עֲבָדָ֖יו לֵאמֹ֑ר {{נוסח|הֲיֵשׁ־לָכֶ֥ם|=א(ס)ל <צֵרי ומקף? כן אבל ""יש לנו"" בסגול שמלה שאחריה מלעיל> ובדפוסים}} אָ֖ב אוֹ־אָֽח׃"
ספר בראשית/מד	כ	__	{{מ:פסוק|בראשית|מד|כ}}	וַנֹּ֙אמֶר֙ אֶל־אֲדֹנִ֔י {{נוסח|יֶשׁ־לָ֙נוּ֙|=א(ס)ל ובדפוסים (ראו בהערה בפסוק הקודם)}} אָ֣ב זָקֵ֔ן וְיֶ֥לֶד זְקֻנִ֖ים קָטָ֑ן {{נוסח|וְאָחִ֣יו מֵ֔ת|=שש1 ובדפוסים|ל=וְאָחִ֨יו מֵ֜ת (בטעמים קדמא ואזלא!) כנראה בטעות בעקבות הפסוק הדומה לו (מב,לח)|הערת ברויאר}} וַיִּוָּתֵ֨ר ה֧וּא לְבַדּ֛וֹ לְאִמּ֖וֹ וְאָבִ֥יו אֲהֵבֽוֹ׃
ספר בראשית/מד	כא	__	{{מ:פסוק|בראשית|מד|כא|עלייה=[לוי]}}	וַתֹּ֙אמֶר֙ אֶל־עֲבָדֶ֔יךָ הוֹרִדֻ֖הוּ אֵלָ֑י וְאָשִׂ֥ימָה עֵינִ֖י עָלָֽיו׃
ספר בראשית/מד	כב	__	{{מ:פסוק|בראשית|מד|כב}}	וַנֹּ֙אמֶר֙ אֶל־אֲדֹנִ֔י לֹא־יוּכַ֥ל הַנַּ֖עַר לַעֲזֹ֣ב אֶת־אָבִ֑יו וְעָזַ֥ב אֶת־אָבִ֖יו וָמֵֽת׃
ספר בראשית/מד	כג	__	{{מ:פסוק|בראשית|מד|כג}}	וַתֹּ֙אמֶר֙ אֶל־עֲבָדֶ֔יךָ אִם־לֹ֥א יֵרֵ֛ד אֲחִיכֶ֥ם הַקָּטֹ֖ן אִתְּכֶ֑ם לֹ֥א תֹסִפ֖וּן לִרְא֥וֹת פָּנָֽי׃
ספר בראשית/מד	כד	__	{{מ:פסוק|בראשית|מד|כד}}	{{נוסח|וַיְהִי֙|=ל (אין געיה)|ל1=וַֽיְהִי֙ (געיה) וברויאר תיקן על פיו}} כִּ֣י עָלִ֔ינוּ אֶֽל־עַבְדְּךָ֖ אָבִ֑י וַנַּ֨גֶּד־ל֔וֹ אֵ֖ת דִּבְרֵ֥י אֲדֹנִֽי׃
ספר בראשית/מד	כה	__	{{מ:פסוק|בראשית|מד|כה|עלייה=[ישראל]}}	וַיֹּ֖אמֶר אָבִ֑ינוּ שֻׁ֖בוּ שִׁבְרוּ־לָ֥נוּ מְעַט־אֹֽכֶל׃
ספר בראשית/מד	כו	__	{{מ:פסוק|בראשית|מד|כו}}	וַנֹּ֕אמֶר לֹ֥א נוּכַ֖ל לָרֶ֑דֶת אִם־יֵשׁ֩ אָחִ֨ינוּ הַקָּטֹ֤ן אִתָּ֙נוּ֙ וְיָרַ֔דְנוּ כִּי־לֹ֣א נוּכַ֗ל לִרְאוֹת֙ פְּנֵ֣י הָאִ֔ישׁ וְאָחִ֥ינוּ הַקָּטֹ֖ן אֵינֶ֥נּוּ אִתָּֽנוּ׃
ספר בראשית/מד	כז	__	{{מ:פסוק|בראשית|מד|כז}}	וַיֹּ֛אמֶר עַבְדְּךָ֥ אָבִ֖י אֵלֵ֑ינוּ אַתֶּ֣ם יְדַעְתֶּ֔ם כִּ֥י שְׁנַ֖יִם יָֽלְדָה־לִּ֥י אִשְׁתִּֽי׃
ספר בראשית/מד	כח	__	{{מ:פסוק|בראשית|מד|כח}}	וַיֵּצֵ֤א הָֽאֶחָד֙ מֵֽאִתִּ֔י וָאֹמַ֕ר אַ֖ךְ טָרֹ֣ף טֹרָ֑ף וְלֹ֥א רְאִיתִ֖יו עַד־הֵֽנָּה׃
ספר בראשית/מד	כט	__	{{מ:פסוק|בראשית|מד|כט}}	וּלְקַחְתֶּ֧ם גַּם־אֶת־זֶ֛ה מֵעִ֥ם פָּנַ֖י וְקָרָ֣הוּ אָס֑וֹן וְהֽוֹרַדְתֶּ֧ם אֶת־שֵׂיבָתִ֛י בְּרָעָ֖ה שְׁאֹֽלָה׃
ספר בראשית/מד	ל	__	{{מ:פסוק|בראשית|מד|ל}}	וְעַתָּ֗ה כְּבֹאִי֙ אֶל־עַבְדְּךָ֣ אָבִ֔י וְהַנַּ֖עַר אֵינֶ֣נּוּ אִתָּ֑נוּ וְנַפְשׁ֖וֹ קְשׁוּרָ֥ה בְנַפְשֽׁוֹ׃
ספר בראשית/מד	לא	__	{{מ:פסוק|בראשית|מד|לא|עלייה=שני}}	וְהָיָ֗ה כִּרְאוֹת֛וֹ כִּי־אֵ֥ין הַנַּ֖עַר וָמֵ֑ת וְהוֹרִ֨ידוּ עֲבָדֶ֜יךָ אֶת־שֵׂיבַ֨ת עַבְדְּךָ֥ אָבִ֛ינוּ בְּיָג֖וֹן שְׁאֹֽלָה׃
ספר בראשית/מד	לב	__	{{מ:פסוק|בראשית|מד|לב}}	כִּ֤י עַבְדְּךָ֙ עָרַ֣ב אֶת־הַנַּ֔עַר מֵעִ֥ם אָבִ֖י לֵאמֹ֑ר אִם־לֹ֤א אֲבִיאֶ֙נּוּ֙ אֵלֶ֔יךָ וְחָטָ֥אתִי לְאָבִ֖י כׇּל־הַיָּמִֽים׃
ספר בראשית/מד	לג	__	{{מ:פסוק|בראשית|מד|לג}}	וְעַתָּ֗ה יֵֽשֶׁב־נָ֤א עַבְדְּךָ֙ תַּ֣חַת הַנַּ֔עַר עֶ֖בֶד לַֽאדֹנִ֑י וְהַנַּ֖עַר יַ֥עַל עִם־אֶחָֽיו׃
ספר בראשית/מד	לד	__	{{מ:פסוק|בראשית|מד|לד}}	כִּי־אֵיךְ֙ אֶֽעֱלֶ֣ה אֶל־אָבִ֔י וְהַנַּ֖עַר אֵינֶ֣נּוּ אִתִּ֑י פֶּ֚ן אֶרְאֶ֣ה בָרָ֔ע אֲשֶׁ֥ר יִמְצָ֖א אֶת־אָבִֽי׃
ספר בראשית/מד	תתת	<noinclude>//{{תבנית:משתמש:Dovi/טעמי המקרא-סוף}}//{{מ:שוליים-סוף}}//==הפרק בלי מספרים==//{{תבנית:משתמש:Dovi/טעמי המקרא}}//{{#בלי קטע:{{שם הדף המלא}}|סימן}}//{{תבנית:משתמש:Dovi/טעמי המקרא-סוף}}</noinclude>		
ספר בראשית/מה	0	<noinclude>{{תבנית:טעמי המקרא באינטרנט}}//{{מ:שוליים|5}}//{{תבנית:משתמש:Dovi/טעמי המקרא}}//</noinclude>		
ספר בראשית/מה	א	{{מ:אין פרשה בתחילת פרק}}	{{מ:פסוק|בראשית|מה|א}}	וְלֹֽא־יָכֹ֨ל יוֹסֵ֜ף לְהִתְאַפֵּ֗ק לְכֹ֤ל הַנִּצָּבִים֙ עָלָ֔יו וַיִּקְרָ֕א הוֹצִ֥יאוּ כׇל־אִ֖ישׁ מֵעָלָ֑י וְלֹא־עָ֤מַד אִישׁ֙ אִתּ֔וֹ בְּהִתְוַדַּ֥ע יוֹסֵ֖ף אֶל־אֶחָֽיו׃
ספר בראשית/מה	ב	__	{{מ:פסוק|בראשית|מה|ב}}	וַיִּתֵּ֥ן אֶת־קֹל֖וֹ בִּבְכִ֑י וַיִּשְׁמְע֣וּ מִצְרַ֔יִם וַיִּשְׁמַ֖ע בֵּ֥ית פַּרְעֹֽה׃
ספר בראשית/מה	ג	__	{{מ:פסוק|בראשית|מה|ג}}	וַיֹּ֨אמֶר יוֹסֵ֤ף אֶל־אֶחָיו֙ אֲנִ֣י יוֹסֵ֔ף הַע֥וֹד אָבִ֖י חָ֑י וְלֹֽא־יָכְל֤וּ אֶחָיו֙ לַעֲנ֣וֹת אֹת֔וֹ כִּ֥י נִבְהֲל֖וּ מִפָּנָֽיו׃
ספר בראשית/מה	ד	__	{{מ:פסוק|בראשית|מה|ד}}	וַיֹּ֨אמֶר יוֹסֵ֧ף אֶל־אֶחָ֛יו גְּשׁוּ־נָ֥א אֵלַ֖י וַיִּגָּ֑שׁוּ וַיֹּ֗אמֶר אֲנִי֙ יוֹסֵ֣ף אֲחִיכֶ֔ם אֲשֶׁר־מְכַרְתֶּ֥ם אֹתִ֖י מִצְרָֽיְמָה׃
ספר בראשית/מה	ה	__	{{מ:פסוק|בראשית|מה|ה}}	וְעַתָּ֣ה{{מ:לגרמיה}}אַל־תֵּעָ֣צְב֗וּ וְאַל־יִ֙חַר֙ בְּעֵ֣ינֵיכֶ֔ם כִּֽי־מְכַרְתֶּ֥ם אֹתִ֖י הֵ֑נָּה כִּ֣י {{נוסח|לְמִֽחְיָ֔ה|=א(ס)ל <מתג? כן> ובדפוסים}} שְׁלָחַ֥נִי אֱלֹהִ֖ים לִפְנֵיכֶֽם׃
ספר בראשית/מה	ו	__	{{מ:פסוק|בראשית|מה|ו}}	"כִּי־זֶ֛ה שְׁנָתַ֥יִם הָרָעָ֖ב בְּקֶ֣רֶב הָאָ֑רֶץ וְעוֹד֙ חָמֵ֣שׁ שָׁנִ֔ים אֲשֶׁ֥ר אֵין־חָרִ֖ישׁ {{נוסח|וְקָצִֽיר|=ש1 ובדפוסים|ל=וְקָצִּֽיר (צד""י דגושה!)|הערות דותן וברויאר והמקליד}}׃"
ספר בראשית/מה	ז	__	{{מ:פסוק|בראשית|מה|ז}}	וַיִּשְׁלָחֵ֤נִי אֱלֹהִים֙ לִפְנֵיכֶ֔ם לָשׂ֥וּם לָכֶ֛ם שְׁאֵרִ֖ית בָּאָ֑רֶץ וּלְהַחֲי֣וֹת לָכֶ֔ם לִפְלֵיטָ֖ה גְּדֹלָֽה׃
ספר בראשית/מה	ח	__	{{מ:פסוק|בראשית|מה|ח|עלייה=שלישי}}	וְעַתָּ֗ה לֹֽא־אַתֶּ֞ם שְׁלַחְתֶּ֤ם אֹתִי֙ הֵ֔נָּה כִּ֖י הָאֱלֹהִ֑ים וַיְשִׂימֵ֨נִֽי לְאָ֜ב לְפַרְעֹ֗ה וּלְאָדוֹן֙ לְכׇל־בֵּית֔וֹ וּמֹשֵׁ֖ל בְּכׇל־אֶ֥רֶץ מִצְרָֽיִם׃
ספר בראשית/מה	ט	__	{{מ:פסוק|בראשית|מה|ט}}	מַהֲרוּ֮ וַעֲל֣וּ אֶל־אָבִי֒ וַאֲמַרְתֶּ֣ם אֵלָ֗יו כֹּ֤ה אָמַר֙ בִּנְךָ֣ יוֹסֵ֔ף שָׂמַ֧נִי אֱלֹהִ֛ים לְאָד֖וֹן לְכׇל־מִצְרָ֑יִם רְדָ֥ה אֵלַ֖י אַֽל־תַּעֲמֹֽד׃
ספר בראשית/מה	י	__	{{מ:פסוק|בראשית|מה|י}}	וְיָשַׁבְתָּ֣ בְאֶֽרֶץ־גֹּ֗שֶׁן וְהָיִ֤יתָ קָרוֹב֙ אֵלַ֔י אַתָּ֕ה וּבָנֶ֖יךָ וּבְנֵ֣י בָנֶ֑יךָ וְצֹאנְךָ֥ וּבְקָרְךָ֖ וְכׇל־אֲשֶׁר־לָֽךְ׃
ספר בראשית/מה	יא	__	{{מ:פסוק|בראשית|מה|יא}}	וְכִלְכַּלְתִּ֤י אֹֽתְךָ֙ שָׁ֔ם כִּי־ע֛וֹד חָמֵ֥שׁ שָׁנִ֖ים רָעָ֑ב פֶּן־תִּוָּרֵ֛שׁ אַתָּ֥ה וּבֵֽיתְךָ֖ וְכׇל־אֲשֶׁר־לָֽךְ׃
ספר בראשית/מה	יב	__	{{מ:פסוק|בראשית|מה|יב}}	וְהִנֵּ֤ה עֵֽינֵיכֶם֙ רֹא֔וֹת וְעֵינֵ֖י אָחִ֣י בִנְיָמִ֑ין כִּי־פִ֖י הַֽמְדַבֵּ֥ר אֲלֵיכֶֽם׃
ספר בראשית/מה	יג	__	{{מ:פסוק|בראשית|מה|יג}}	וְהִגַּדְתֶּ֣ם לְאָבִ֗י אֶת־כׇּל־כְּבוֹדִי֙ בְּמִצְרַ֔יִם וְאֵ֖ת כׇּל־אֲשֶׁ֣ר רְאִיתֶ֑ם וּמִֽהַרְתֶּ֛ם וְהוֹרַדְתֶּ֥ם אֶת־אָבִ֖י הֵֽנָּה׃
ספר בראשית/מה	יד	__	{{מ:פסוק|בראשית|מה|יד}}	וַיִּפֹּ֛ל עַל־צַוְּארֵ֥י בִנְיָמִֽן־אָחִ֖יו וַיֵּ֑בְךְּ {{נוסח|וּבִ֨נְיָמִ֔ן|=ש1 ומנהג-א ובדפוסים|ל=וּבִנְיָמִ֔ן (אין מתיגה)|הערת ברויאר}} בָּכָ֖ה עַל־צַוָּארָֽיו׃
ספר בראשית/מה	טו	__	{{מ:פסוק|בראשית|מה|טו}}	"וַיְנַשֵּׁ֥ק לְכׇל־אֶחָ֖יו וַיֵּ֣בְךְּ {{נוסח|עֲלֵהֶ֑ם|=שש1 ומסורת-ל וטברניות ורמ""ה|ל=עֲלֵיהֶ֑ם (כתיב מלא יו""ד)}} וְאַ֣חֲרֵי כֵ֔ן דִּבְּר֥וּ אֶחָ֖יו אִתּֽוֹ׃"
ספר בראשית/מה	טז	__	{{מ:פסוק|בראשית|מה|טז}}	וְהַקֹּ֣ל נִשְׁמַ֗ע בֵּ֤ית פַּרְעֹה֙ לֵאמֹ֔ר בָּ֖אוּ אֲחֵ֣י יוֹסֵ֑ף וַיִּיטַב֙ בְּעֵינֵ֣י פַרְעֹ֔ה וּבְעֵינֵ֖י עֲבָדָֽיו׃
ספר בראשית/מה	יז	__	{{מ:פסוק|בראשית|מה|יז}}	וַיֹּ֤אמֶר פַּרְעֹה֙ אֶל־יוֹסֵ֔ף אֱמֹ֥ר אֶל־אַחֶ֖יךָ זֹ֣את עֲשׂ֑וּ טַֽעֲנוּ֙ אֶת־בְּעִ֣ירְכֶ֔ם וּלְכוּ־בֹ֖אוּ אַ֥רְצָה כְּנָֽעַן׃
ספר בראשית/מה	יח	__	{{מ:פסוק|בראשית|מה|יח}}	וּקְח֧וּ אֶת־אֲבִיכֶ֛ם וְאֶת־בָּתֵּיכֶ֖ם וּבֹ֣אוּ אֵלָ֑י וְאֶתְּנָ֣ה לָכֶ֗ם אֶת־טוּב֙ אֶ֣רֶץ מִצְרַ֔יִם וְאִכְל֖וּ אֶת־חֵ֥לֶב הָאָֽרֶץ׃
ספר בראשית/מה	יט	__	{{מ:פסוק|בראשית|מה|יט|עלייה=רביעי}}	וְאַתָּ֥ה צֻוֵּ֖יתָה זֹ֣את עֲשׂ֑וּ קְחוּ־לָכֶם֩ מֵאֶ֨רֶץ מִצְרַ֜יִם עֲגָל֗וֹת לְטַפְּכֶם֙ וְלִנְשֵׁיכֶ֔ם וּנְשָׂאתֶ֥ם אֶת־אֲבִיכֶ֖ם וּבָאתֶֽם׃
ספר בראשית/מה	כ	__	{{מ:פסוק|בראשית|מה|כ}}	וְעֵ֣ינְכֶ֔ם אַל־תָּחֹ֖ס עַל־כְּלֵיכֶ֑ם כִּי־ט֛וּב כׇּל־אֶ֥רֶץ מִצְרַ֖יִם לָכֶ֥ם הֽוּא׃
ספר בראשית/מה	כא	__	{{מ:פסוק|בראשית|מה|כא}}	וַיַּֽעֲשׂוּ־כֵן֙ בְּנֵ֣י יִשְׂרָאֵ֔ל וַיִּתֵּ֨ן לָהֶ֥ם יוֹסֵ֛ף עֲגָל֖וֹת עַל־פִּ֣י פַרְעֹ֑ה וַיִּתֵּ֥ן לָהֶ֛ם צֵדָ֖ה לַדָּֽרֶךְ׃
ספר בראשית/מה	כב	__	{{מ:פסוק|בראשית|מה|כב}}	לְכֻלָּ֥ם נָתַ֛ן לָאִ֖ישׁ חֲלִפ֣וֹת שְׂמָלֹ֑ת וּלְבִנְיָמִ֤ן נָתַן֙ שְׁלֹ֣שׁ מֵא֣וֹת כֶּ֔סֶף וְחָמֵ֖שׁ חֲלִפֹ֥ת שְׂמָלֹֽת׃
ספר בראשית/מה	כג	__	{{מ:פסוק|בראשית|מה|כג}}	וּלְאָבִ֞יו שָׁלַ֤ח כְּזֹאת֙ עֲשָׂרָ֣ה חֲמֹרִ֔ים נֹשְׂאִ֖ים מִטּ֣וּב מִצְרָ֑יִם וְעֶ֣שֶׂר אֲתֹנֹ֡ת נֹֽ֠שְׂאֹ֠ת בָּ֣ר וָלֶ֧חֶם וּמָז֛וֹן לְאָבִ֖יו לַדָּֽרֶךְ׃
ספר בראשית/מה	כד	__	{{מ:פסוק|בראשית|מה|כד}}	וַיְשַׁלַּ֥ח אֶת־אֶחָ֖יו וַיֵּלֵ֑כוּ וַיֹּ֣אמֶר אֲלֵהֶ֔ם אַֽל־תִּרְגְּז֖וּ בַּדָּֽרֶךְ׃
ספר בראשית/מה	כה	__	{{מ:פסוק|בראשית|מה|כה}}	וַֽיַּעֲל֖וּ מִמִּצְרָ֑יִם וַיָּבֹ֙אוּ֙ אֶ֣רֶץ כְּנַ֔עַן אֶֽל־יַעֲקֹ֖ב אֲבִיהֶֽם׃
ספר בראשית/מה	כו	__	{{מ:פסוק|בראשית|מה|כו}}	וַיַּגִּ֨דוּ ל֜וֹ לֵאמֹ֗ר ע֚וֹד יוֹסֵ֣ף חַ֔י וְכִֽי־ה֥וּא מֹשֵׁ֖ל בְּכׇל־אֶ֣רֶץ מִצְרָ֑יִם וַיָּ֣פׇג לִבּ֔וֹ כִּ֥י לֹא־הֶאֱמִ֖ין לָהֶֽם׃
ספר בראשית/מה	כז	__	{{מ:פסוק|בראשית|מה|כז}}	וַיְדַבְּר֣וּ אֵלָ֗יו אֵ֣ת כׇּל־דִּבְרֵ֤י יוֹסֵף֙ אֲשֶׁ֣ר דִּבֶּ֣ר אֲלֵהֶ֔ם וַיַּרְא֙ אֶת־הָ֣עֲגָל֔וֹת אֲשֶׁר־שָׁלַ֥ח יוֹסֵ֖ף לָשֵׂ֣את אֹת֑וֹ וַתְּחִ֕י ר֖וּחַ יַעֲקֹ֥ב אֲבִיהֶֽם׃
ספר בראשית/מה	כח	__	{{מ:פסוק|בראשית|מה|כח|עלייה=חמישי}}	וַיֹּ֙אמֶר֙ יִשְׂרָאֵ֔ל רַ֛ב עוֹד־יוֹסֵ֥ף בְּנִ֖י חָ֑י אֵֽלְכָ֥ה וְאֶרְאֶ֖נּוּ בְּטֶ֥רֶם אָמֽוּת׃
ספר בראשית/מה	תתת	<noinclude>//{{תבנית:משתמש:Dovi/טעמי המקרא-סוף}}//{{מ:שוליים-סוף}}//==הפרק בלי מספרים==//{{תבנית:משתמש:Dovi/טעמי המקרא}}//{{#בלי קטע:{{שם הדף המלא}}|סימן}}//{{תבנית:משתמש:Dovi/טעמי המקרא-סוף}}</noinclude>		
ספר בראשית/מו	0	<noinclude>{{תבנית:טעמי המקרא באינטרנט}}//{{מ:שוליים|5}}//{{תבנית:משתמש:Dovi/טעמי המקרא}}//</noinclude>		
ספר בראשית/מו	א	{{מ:אין פרשה בתחילת פרק}}	{{מ:פסוק|בראשית|מו|א}}	וַיִּסַּ֤ע יִשְׂרָאֵל֙ וְכׇל־אֲשֶׁר־ל֔וֹ וַיָּבֹ֖א בְּאֵ֣רָה שָּׁ֑בַע וַיִּזְבַּ֣ח זְבָחִ֔ים לֵאלֹהֵ֖י אָבִ֥יו יִצְחָֽק׃
ספר בראשית/מו	ב	__	{{מ:פסוק|בראשית|מו|ב}}	וַיֹּ֨אמֶר אֱלֹהִ֤ים{{מ:פסק}}לְיִשְׂרָאֵל֙ בְּמַרְאֹ֣ת הַלַּ֔יְלָה וַיֹּ֖אמֶר יַעֲקֹ֣ב{{מ:פסק}}יַעֲקֹ֑ב וַיֹּ֖אמֶר הִנֵּֽנִי׃
ספר בראשית/מו	ג	__	{{מ:פסוק|בראשית|מו|ג}}	וַיֹּ֕אמֶר אָנֹכִ֥י הָאֵ֖ל אֱלֹהֵ֣י אָבִ֑יךָ אַל־תִּירָא֙ מֵרְדָ֣ה מִצְרַ֔יְמָה כִּֽי־לְג֥וֹי גָּד֖וֹל אֲשִֽׂימְךָ֥ שָֽׁם׃
ספר בראשית/מו	ד	__	{{מ:פסוק|בראשית|מו|ד}}	אָנֹכִ֗י אֵרֵ֤ד עִמְּךָ֙ מִצְרַ֔יְמָה וְאָנֹכִ֖י אַֽעַלְךָ֣ גַם־עָלֹ֑ה וְיוֹסֵ֕ף יָשִׁ֥ית יָד֖וֹ עַל־עֵינֶֽיךָ׃
ספר בראשית/מו	ה	__	{{מ:פסוק|בראשית|מו|ה}}	וַיָּ֥קׇם יַעֲקֹ֖ב מִבְּאֵ֣ר שָׁ֑בַע וַיִּשְׂא֨וּ בְנֵֽי־יִשְׂרָאֵ֜ל אֶת־יַעֲקֹ֣ב אֲבִיהֶ֗ם וְאֶת־טַפָּם֙ וְאֶת־נְשֵׁיהֶ֔ם בָּעֲגָל֕וֹת אֲשֶׁר־שָׁלַ֥ח פַּרְעֹ֖ה לָשֵׂ֥את אֹתֽוֹ׃
ספר בראשית/מו	ו	__	{{מ:פסוק|בראשית|מו|ו}}	וַיִּקְח֣וּ אֶת־מִקְנֵיהֶ֗ם וְאֶת־רְכוּשָׁם֙ אֲשֶׁ֤ר רָֽכְשׁוּ֙ בְּאֶ֣רֶץ כְּנַ֔עַן וַיָּבֹ֖אוּ מִצְרָ֑יְמָה יַעֲקֹ֖ב וְכׇל־זַרְע֥וֹ אִתּֽוֹ׃
ספר בראשית/מו	ז	__	{{מ:פסוק|בראשית|מו|ז}}	בָּנָ֞יו וּבְנֵ֤י בָנָיו֙ אִתּ֔וֹ בְּנֹתָ֛יו וּבְנ֥וֹת בָּנָ֖יו וְכׇל־זַרְע֑וֹ הֵבִ֥יא אִתּ֖וֹ מִצְרָֽיְמָה׃
ספר בראשית/מו	ח	//{{סס}}	{{מ:פסוק|בראשית|מו|ח}}	וְאֵ֨לֶּה שְׁמ֧וֹת בְּנֵֽי־יִשְׂרָאֵ֛ל הַבָּאִ֥ים מִצְרַ֖יְמָה יַעֲקֹ֣ב וּבָנָ֑יו בְּכֹ֥ר יַעֲקֹ֖ב רְאוּבֵֽן׃
ספר בראשית/מו	ט	__	{{מ:פסוק|בראשית|מו|ט}}	"וּבְנֵ֖י רְאוּבֵ֑ן חֲנ֥וֹךְ וּפַלּ֖וּא {{נוסח|וְחֶצְרֹ֥ן|=שש1 ומסורות טברניות ורמ""ה|ל=וְחֶצְר֥וֹן (כתיב מלא וי""ו)|הערת ברויאר}} וְכַרְמִֽי׃"
ספר בראשית/מו	י	__	{{מ:פסוק|בראשית|מו|י}}	וּבְנֵ֣י שִׁמְע֗וֹן יְמוּאֵ֧ל וְיָמִ֛ין וְאֹ֖הַד וְיָכִ֣ין וְצֹ֑חַר וְשָׁא֖וּל בֶּן־הַֽכְּנַעֲנִֽית׃
ספר בראשית/מו	יא	__	{{מ:פסוק|בראשית|מו|יא}}	וּבְנֵ֖י לֵוִ֑י גֵּרְשׁ֕וֹן קְהָ֖ת וּמְרָרִֽי׃
ספר בראשית/מו	יב	__	{{מ:פסוק|בראשית|מו|יב}}	"וּבְנֵ֣י יְהוּדָ֗ה עֵ֧ר וְאוֹנָ֛ן וְשֵׁלָ֖ה וָפֶ֣רֶץ וָזָ֑רַח וַיָּ֨מׇת עֵ֤ר וְאוֹנָן֙ בְּאֶ֣רֶץ כְּנַ֔עַן וַיִּהְי֥וּ בְנֵי־פֶ֖רֶץ {{נוסח|חֶצְרֹ֥ן|=שש1 ומסורות טברניות ורמ""ה|ל=חֶצְר֥וֹן (כתיב מלא וי""ו)|הערת ברויאר}} וְחָמֽוּל׃"
ספר בראשית/מו	יג	__	{{מ:פסוק|בראשית|מו|יג}}	"וּבְנֵ֖י {{נוסח|יִשָּׂשכָ֑ר|=ש ובדפוסים|ל=יִשָׂשכָ֑ר (אין דגש)|הערת ברויאר}} תּוֹלָ֥ע {{נוסח|וּפֻוָ֖ה|=שש1 (וכן הכריעו ברויאר ומג""ה, וכן הוא במכון ממרא); וראו גם מבדבר כו,כג|ל=וּפֻוָּ֖ה (וי""ו דגושה) וכן הוא בדפוסים ובקורן ובסימנים|הערת ברויאר}} וְי֥וֹב {{נוסח|וְשִׁמְרֹֽן|=שש1 ורמ""ה|ל=וְשִׁמְרֽוֹן (כתיב מלא וי""ו)|הערת ברויאר}}׃"
ספר בראשית/מו	יד	__	{{מ:פסוק|בראשית|מו|יד}}	"וּבְנֵ֖י {{נוסח|זְבֻל֑וּן|=ש1 ומסורת-אל וטברניות ורמ""ה (כתיב חסר וי""ו ומלא וי""ו)|ל=זְבוּלֻ֑ן (כתיב מלא וי""ו וחסר וי""ו)|הערת ברויאר}} סֶ֥רֶד וְאֵל֖וֹן וְיַחְלְאֵֽל׃"
ספר בראשית/מו	טו	__	{{מ:פסוק|בראשית|מו|טו}}	אֵ֣לֶּה{{מ:לגרמיה}}בְּנֵ֣י לֵאָ֗ה אֲשֶׁ֨ר יָֽלְדָ֤ה לְיַעֲקֹב֙ בְּפַדַּ֣ן אֲרָ֔ם וְאֵ֖ת דִּינָ֣ה בִתּ֑וֹ כׇּל־נֶ֧פֶשׁ בָּנָ֛יו וּבְנוֹתָ֖יו שְׁלֹשִׁ֥ים וְשָׁלֹֽשׁ׃
ספר בראשית/מו	טז	__	{{מ:פסוק|בראשית|מו|טז}}	וּבְנֵ֣י גָ֔ד צִפְי֥וֹן וְחַגִּ֖י שׁוּנִ֣י וְאֶצְבֹּ֑ן עֵרִ֥י וַֽאֲרוֹדִ֖י וְאַרְאֵלִֽי׃
ספר בראשית/מו	יז	__	{{מ:פסוק|בראשית|מו|יז}}	וּבְנֵ֣י אָשֵׁ֗ר יִמְנָ֧ה וְיִשְׁוָ֛ה וְיִשְׁוִ֥י וּבְרִיעָ֖ה וְשֶׂ֣רַח אֲחֹתָ֑ם וּבְנֵ֣י בְרִיעָ֔ה חֶ֖בֶר וּמַלְכִּיאֵֽל׃
ספר בראשית/מו	יח	__	{{מ:פסוק|בראשית|מו|יח}}	אֵ֚לֶּה בְּנֵ֣י זִלְפָּ֔ה אֲשֶׁר־נָתַ֥ן לָבָ֖ן לְלֵאָ֣ה בִתּ֑וֹ וַתֵּ֤לֶד אֶת־אֵ֙לֶּה֙ לְיַעֲקֹ֔ב שֵׁ֥שׁ עֶשְׂרֵ֖ה נָֽפֶשׁ׃
ספר בראשית/מו	יט	__	{{מ:פסוק|בראשית|מו|יט}}	בְּנֵ֤י רָחֵל֙ אֵ֣שֶׁת {{נוסח|יַֽעֲקֹ֔ב|=ל (בגעיה) כן בהקלדה מגירסה 4.12; רואים היטב את הגעיה מתחת לפתח למרות הטשטוש (ואולי נסיון המחיקה?)|אבל לפי ברויאר ודותן ל=יַעֲקֹ֔ב (אין געיה)}} יוֹסֵ֖ף וּבִנְיָמִֽן׃
ספר בראשית/מו	כ	__	{{מ:פסוק|בראשית|מו|כ}}	וַיִּוָּלֵ֣ד לְיוֹסֵף֮ בְּאֶ֣רֶץ מִצְרַ֒יִם֒ אֲשֶׁ֤ר יָֽלְדָה־לּוֹ֙ אָֽסְנַ֔ת בַּת־{{נוסח|פּ֥וֹטִי פֶ֖רַע|ראו הערה לעיל בפרשת מקץ (בראשית מא, מה)}}{{מ:הערה|בספרי תימן פּֽוֹטִיפֶ֖רַע בתיבה אחת}} כֹּהֵ֣ן אֹ֑ן אֶת־מְנַשֶּׁ֖ה וְאֶת־אֶפְרָֽיִם׃
ספר בראשית/מו	כא	__	{{מ:פסוק|בראשית|מו|כא}}	וּבְנֵ֣י בִנְיָמִ֗ן בֶּ֤לַע וָבֶ֙כֶר֙ וְאַשְׁבֵּ֔ל גֵּרָ֥א וְנַעֲמָ֖ן אֵחִ֣י וָרֹ֑אשׁ מֻפִּ֥ים וְחֻפִּ֖ים וָאָֽרְדְּ׃
ספר בראשית/מו	כב	__	{{מ:פסוק|בראשית|מו|כב}}	אֵ֚לֶּה בְּנֵ֣י רָחֵ֔ל אֲשֶׁ֥ר יֻלַּ֖ד לְיַעֲקֹ֑ב כׇּל־נֶ֖פֶשׁ אַרְבָּעָ֥ה עָשָֽׂר׃
ספר בראשית/מו	כג	__	{{מ:פסוק|בראשית|מו|כג}}	וּבְנֵי־דָ֖ן חֻשִֽׁים׃
ספר בראשית/מו	כד	__	{{מ:פסוק|בראשית|מו|כד}}	וּבְנֵ֖י נַפְתָּלִ֑י יַחְצְאֵ֥ל וְגוּנִ֖י וְיֵ֥צֶר וְשִׁלֵּֽם׃
ספר בראשית/מו	כה	__	{{מ:פסוק|בראשית|מו|כה}}	אֵ֚לֶּה בְּנֵ֣י בִלְהָ֔ה אֲשֶׁר־נָתַ֥ן לָבָ֖ן לְרָחֵ֣ל בִּתּ֑וֹ וַתֵּ֧לֶד אֶת־אֵ֛לֶּה לְיַעֲקֹ֖ב כׇּל־נֶ֥פֶשׁ שִׁבְעָֽה׃
ספר בראשית/מו	כו	__	{{מ:פסוק|בראשית|מו|כו}}	כׇּל־הַ֠נֶּ֠פֶשׁ הַבָּאָ֨ה לְיַעֲקֹ֤ב מִצְרַ֙יְמָה֙ יֹצְאֵ֣י יְרֵכ֔וֹ מִלְּבַ֖ד נְשֵׁ֣י בְנֵי־יַעֲקֹ֑ב כׇּל־נֶ֖פֶשׁ שִׁשִּׁ֥ים וָשֵֽׁשׁ׃
ספר בראשית/מו	כז	__	{{מ:פסוק|בראשית|מו|כז}}	וּבְנֵ֥י יוֹסֵ֛ף אֲשֶׁר־יֻלַּד־ל֥וֹ בְמִצְרַ֖יִם נֶ֣פֶשׁ שְׁנָ֑יִם כׇּל־הַנֶּ֧פֶשׁ לְבֵֽית־יַעֲקֹ֛ב הַבָּ֥אָה מִצְרַ֖יְמָה שִׁבְעִֽים׃
ספר בראשית/מו	כח	//{{נוסח|{{סס}}|ל=פרשה פתוחה}}	{{מ:פסוק|בראשית|מו|כח|סדר=מא|עלייה=ששי}}	וְאֶת־יְהוּדָ֞ה שָׁלַ֤ח לְפָנָיו֙ אֶל־יוֹסֵ֔ף לְהוֹרֹ֥ת לְפָנָ֖יו גֹּ֑שְׁנָה וַיָּבֹ֖אוּ אַ֥רְצָה גֹּֽשֶׁן׃
ספר בראשית/מו	כט	__	{{מ:פסוק|בראשית|מו|כט}}	וַיֶּאְסֹ֤ר יוֹסֵף֙ מֶרְכַּבְתּ֔וֹ וַיַּ֛עַל לִקְרַֽאת־יִשְׂרָאֵ֥ל אָבִ֖יו גֹּ֑שְׁנָה וַיֵּרָ֣א אֵלָ֗יו וַיִּפֹּל֙ עַל־צַוָּארָ֔יו וַיֵּ֥בְךְּ עַל־צַוָּארָ֖יו עֽוֹד׃
ספר בראשית/מו	ל	__	{{מ:פסוק|בראשית|מו|ל}}	וַיֹּ֧אמֶר יִשְׂרָאֵ֛ל אֶל־יוֹסֵ֖ף אָמ֣וּתָה הַפָּ֑עַם אַחֲרֵי֙ רְאוֹתִ֣י אֶת־פָּנֶ֔יךָ כִּ֥י עוֹדְךָ֖ חָֽי׃
ספר בראשית/מו	לא	__	{{מ:פסוק|בראשית|מו|לא}}	וַיֹּ֨אמֶר יוֹסֵ֤ף אֶל־אֶחָיו֙ וְאֶל־בֵּ֣ית אָבִ֔יו אֶעֱלֶ֖ה וְאַגִּ֣ידָה לְפַרְעֹ֑ה וְאֹֽמְרָ֣ה אֵלָ֔יו אַחַ֧י וּבֵית־אָבִ֛י אֲשֶׁ֥ר בְּאֶֽרֶץ־כְּנַ֖עַן בָּ֥אוּ אֵלָֽי׃
ספר בראשית/מו	לב	__	{{מ:פסוק|בראשית|מו|לב}}	וְהָאֲנָשִׁים֙ רֹ֣עֵי צֹ֔אן כִּֽי־אַנְשֵׁ֥י מִקְנֶ֖ה הָי֑וּ וְצֹאנָ֧ם וּבְקָרָ֛ם וְכׇל־אֲשֶׁ֥ר לָהֶ֖ם הֵבִֽיאוּ׃
ספר בראשית/מו	לג	__	{{מ:פסוק|בראשית|מו|לג}}	וְהָיָ֕ה כִּֽי־יִקְרָ֥א לָכֶ֖ם פַּרְעֹ֑ה וְאָמַ֖ר מַה־מַּעֲשֵׂיכֶֽם׃
ספר בראשית/מו	לד	__	{{מ:פסוק|בראשית|מו|לד}}	וַאֲמַרְתֶּ֗ם אַנְשֵׁ֨י מִקְנֶ֜ה הָי֤וּ עֲבָדֶ֙יךָ֙ מִנְּעוּרֵ֣ינוּ וְעַד־עַ֔תָּה גַּם־אֲנַ֖חְנוּ גַּם־אֲבֹתֵ֑ינוּ בַּעֲב֗וּר תֵּשְׁבוּ֙ בְּאֶ֣רֶץ גֹּ֔שֶׁן כִּֽי־תוֹעֲבַ֥ת מִצְרַ֖יִם כׇּל־רֹ֥עֵה צֹֽאן׃
ספר בראשית/מו	תתת	<noinclude>//{{תבנית:משתמש:Dovi/טעמי המקרא-סוף}}//{{מ:שוליים-סוף}}//==הפרק בלי מספרים==//{{תבנית:משתמש:Dovi/טעמי המקרא}}//{{#בלי קטע:{{שם הדף המלא}}|סימן}}//{{תבנית:משתמש:Dovi/טעמי המקרא-סוף}}//==הערות==//{{תבנית:משתמש:Dovi/טעמי המקרא}}//<references/>//{{תבנית:משתמש:Dovi/טעמי המקרא-סוף}}</noinclude>		
ספר בראשית/מז	0	<noinclude>{{תבנית:טעמי המקרא באינטרנט}}//{{מ:שוליים|5}}//{{תבנית:משתמש:Dovi/טעמי המקרא}}//</noinclude>		
ספר בראשית/מז	א	{{מ:אין פרשה בתחילת פרק}}	{{מ:פסוק|בראשית|מז|א}}	וַיָּבֹ֣א יוֹסֵף֮ וַיַּגֵּ֣ד לְפַרְעֹה֒ וַיֹּ֗אמֶר אָבִ֨י וְאַחַ֜י וְצֹאנָ֤ם וּבְקָרָם֙ וְכׇל־אֲשֶׁ֣ר לָהֶ֔ם בָּ֖אוּ מֵאֶ֣רֶץ כְּנָ֑עַן וְהִנָּ֖ם בְּאֶ֥רֶץ גֹּֽשֶׁן׃
ספר בראשית/מז	ב	__	{{מ:פסוק|בראשית|מז|ב}}	וּמִקְצֵ֣ה אֶחָ֔יו לָקַ֖ח חֲמִשָּׁ֣ה אֲנָשִׁ֑ים וַיַּצִּגֵ֖ם לִפְנֵ֥י פַרְעֹֽה׃
ספר בראשית/מז	ג	__	{{מ:פסוק|בראשית|מז|ג}}	וַיֹּ֧אמֶר פַּרְעֹ֛ה אֶל־אֶחָ֖יו מַה־מַּעֲשֵׂיכֶ֑ם וַיֹּאמְר֣וּ אֶל־פַּרְעֹ֗ה רֹעֵ֥ה צֹאן֙ עֲבָדֶ֔יךָ גַּם־אֲנַ֖חְנוּ גַּם־אֲבוֹתֵֽינוּ׃
ספר בראשית/מז	ד	__	{{מ:פסוק|בראשית|מז|ד}}	וַיֹּאמְר֣וּ אֶל־פַּרְעֹ֗ה לָג֣וּר בָּאָ֘רֶץ֮ בָּ֒אנוּ֒ כִּי־אֵ֣ין מִרְעֶ֗ה לַצֹּאן֙ אֲשֶׁ֣ר לַעֲבָדֶ֔יךָ כִּֽי־כָבֵ֥ד הָרָעָ֖ב בְּאֶ֣רֶץ כְּנָ֑עַן וְעַתָּ֛ה יֵֽשְׁבוּ־נָ֥א עֲבָדֶ֖יךָ בְּאֶ֥רֶץ גֹּֽשֶׁן׃
ספר בראשית/מז	ה	__	{{מ:פסוק|בראשית|מז|ה}}	וַיֹּ֣אמֶר פַּרְעֹ֔ה אֶל־יוֹסֵ֖ף לֵאמֹ֑ר אָבִ֥יךָ וְאַחֶ֖יךָ בָּ֥אוּ אֵלֶֽיךָ׃
ספר בראשית/מז	ו	__	{{מ:פסוק|בראשית|מז|ו}}	אֶ֤רֶץ מִצְרַ֙יִם֙ לְפָנֶ֣יךָ הִ֔וא בְּמֵיטַ֣ב הָאָ֔רֶץ הוֹשֵׁ֥ב אֶת־אָבִ֖יךָ וְאֶת־אַחֶ֑יךָ יֵשְׁבוּ֙ בְּאֶ֣רֶץ גֹּ֔שֶׁן וְאִם־יָדַ֗עְתָּ וְיֶשׁ־בָּם֙ אַנְשֵׁי־חַ֔יִל וְשַׂמְתָּ֛ם שָׂרֵ֥י מִקְנֶ֖ה עַל־אֲשֶׁר־לִֽי׃
ספר בראשית/מז	ז	__	{{מ:פסוק|בראשית|מז|ז}}	וַיָּבֵ֤א יוֹסֵף֙ אֶת־יַֽעֲקֹ֣ב אָבִ֔יו וַיַּֽעֲמִדֵ֖הוּ לִפְנֵ֣י פַרְעֹ֑ה וַיְבָ֥רֶךְ יַעֲקֹ֖ב אֶת־פַּרְעֹֽה׃
ספר בראשית/מז	ח	__	{{מ:פסוק|בראשית|מז|ח}}	וַיֹּ֥אמֶר פַּרְעֹ֖ה אֶֽל־יַעֲקֹ֑ב כַּמָּ֕ה יְמֵ֖י שְׁנֵ֥י חַיֶּֽיךָ׃
ספר בראשית/מז	ט	__	{{מ:פסוק|בראשית|מז|ט}}	וַיֹּ֤אמֶר יַעֲקֹב֙ אֶל־פַּרְעֹ֔ה יְמֵי֙ שְׁנֵ֣י מְגוּרַ֔י שְׁלֹשִׁ֥ים וּמְאַ֖ת שָׁנָ֑ה מְעַ֣ט וְרָעִ֗ים הָיוּ֙ יְמֵי֙ שְׁנֵ֣י חַיַּ֔י וְלֹ֣א הִשִּׂ֗יגוּ אֶת־יְמֵי֙ שְׁנֵי֙ חַיֵּ֣י אֲבֹתַ֔י בִּימֵ֖י מְגוּרֵיהֶֽם׃
ספר בראשית/מז	י	__	{{מ:פסוק|בראשית|מז|י}}	וַיְבָ֥רֶךְ יַעֲקֹ֖ב אֶת־פַּרְעֹ֑ה וַיֵּצֵ֖א מִלִּפְנֵ֥י פַרְעֹֽה׃
ספר בראשית/מז	יא	__	{{מ:פסוק|בראשית|מז|יא|עלייה=שביעי}}	וַיּוֹשֵׁ֣ב יוֹסֵף֮ אֶת־אָבִ֣יו וְאֶת־אֶחָיו֒ וַיִּתֵּ֨ן לָהֶ֤ם אֲחֻזָּה֙ בְּאֶ֣רֶץ מִצְרַ֔יִם בְּמֵיטַ֥ב הָאָ֖רֶץ בְּאֶ֣רֶץ רַעְמְסֵ֑ס כַּאֲשֶׁ֖ר צִוָּ֥ה פַרְעֹֽה׃
ספר בראשית/מז	יב	__	{{מ:פסוק|בראשית|מז|יב}}	וַיְכַלְכֵּ֤ל יוֹסֵף֙ אֶת־אָבִ֣יו וְאֶת־אֶחָ֔יו וְאֵ֖ת כׇּל־בֵּ֣ית אָבִ֑יו לֶ֖חֶם לְפִ֥י הַטָּֽף׃
ספר בראשית/מז	יג	__	{{מ:פסוק|בראשית|מז|יג}}	וְלֶ֤חֶם אֵין֙ בְּכׇל־הָאָ֔רֶץ כִּֽי־כָבֵ֥ד הָרָעָ֖ב מְאֹ֑ד וַתֵּ֜לַהּ אֶ֤רֶץ מִצְרַ֙יִם֙ וְאֶ֣רֶץ כְּנַ֔עַן מִפְּנֵ֖י הָרָעָֽב׃
ספר בראשית/מז	יד	__	{{מ:פסוק|בראשית|מז|יד}}	וַיְלַקֵּ֣ט יוֹסֵ֗ף אֶת־כׇּל־הַכֶּ֙סֶף֙ הַנִּמְצָ֤א בְאֶֽרֶץ־מִצְרַ֙יִם֙ וּבְאֶ֣רֶץ כְּנַ֔עַן בַּשֶּׁ֖בֶר אֲשֶׁר־הֵ֣ם שֹׁבְרִ֑ים וַיָּבֵ֥א יוֹסֵ֛ף אֶת־הַכֶּ֖סֶף בֵּ֥יתָה פַרְעֹֽה׃
ספר בראשית/מז	טו	__	{{מ:פסוק|בראשית|מז|טו}}	וַיִּתֹּ֣ם הַכֶּ֗סֶף מֵאֶ֣רֶץ מִצְרַ֘יִם֮ וּמֵאֶ֣רֶץ כְּנַ֒עַן֒ וַיָּבֹ֩אוּ֩ כׇל־מִצְרַ֨יִם אֶל־יוֹסֵ֤ף לֵאמֹר֙ הָֽבָה־לָּ֣נוּ לֶ֔חֶם וְלָ֥מָּה נָמ֖וּת נֶגְדֶּ֑ךָ כִּ֥י אָפֵ֖ס כָּֽסֶף׃
ספר בראשית/מז	טז	__	{{מ:פסוק|בראשית|מז|טז}}	וַיֹּ֤אמֶר יוֹסֵף֙ הָב֣וּ מִקְנֵיכֶ֔ם וְאֶתְּנָ֥ה לָכֶ֖ם בְּמִקְנֵיכֶ֑ם אִם־אָפֵ֖ס כָּֽסֶף׃
ספר בראשית/מז	יז	__	{{מ:פסוק|בראשית|מז|יז}}	וַיָּבִ֣יאוּ אֶת־מִקְנֵיהֶם֮ אֶל־יוֹסֵף֒ וַיִּתֵּ֣ן לָהֶם֩ יוֹסֵ֨ף לֶ֜חֶם בַּסּוּסִ֗ים וּבְמִקְנֵ֥ה הַצֹּ֛אן וּבְמִקְנֵ֥ה הַבָּקָ֖ר וּבַחֲמֹרִ֑ים וַיְנַהֲלֵ֤ם בַּלֶּ֙חֶם֙ בְּכׇל־מִקְנֵהֶ֔ם בַּשָּׁנָ֖ה הַהִֽוא׃
ספר בראשית/מז	יח	__	{{מ:פסוק|בראשית|מז|יח}}	וַתִּתֹּם֮ הַשָּׁנָ֣ה הַהִוא֒ וַיָּבֹ֨אוּ אֵלָ֜יו בַּשָּׁנָ֣ה הַשֵּׁנִ֗ית וַיֹּ֤אמְרוּ לוֹ֙ לֹֽא־נְכַחֵ֣ד מֵֽאֲדֹנִ֔י כִּ֚י אִם־תַּ֣ם הַכֶּ֔סֶף וּמִקְנֵ֥ה הַבְּהֵמָ֖ה אֶל־אֲדֹנִ֑י לֹ֤א נִשְׁאַר֙ לִפְנֵ֣י אֲדֹנִ֔י בִּלְתִּ֥י אִם־גְּוִיָּתֵ֖נוּ וְאַדְמָתֵֽנוּ׃
ספר בראשית/מז	יט	__	{{מ:פסוק|בראשית|מז|יט}}	לָ֧מָּה נָמ֣וּת לְעֵינֶ֗יךָ גַּם־אֲנַ֙חְנוּ֙ גַּ֣ם אַדְמָתֵ֔נוּ קְנֵֽה־אֹתָ֥נוּ וְאֶת־אַדְמָתֵ֖נוּ בַּלָּ֑חֶם וְנִֽהְיֶ֞ה אֲנַ֤חְנוּ וְאַדְמָתֵ֙נוּ֙ עֲבָדִ֣ים לְפַרְעֹ֔ה וְתֶן־זֶ֗רַע וְנִֽחְיֶה֙ וְלֹ֣א נָמ֔וּת וְהָאֲדָמָ֖ה לֹ֥א תֵשָֽׁם׃
ספר בראשית/מז	כ	__	{{מ:פסוק|בראשית|מז|כ}}	וַיִּ֨קֶן יוֹסֵ֜ף אֶת־כׇּל־אַדְמַ֤ת מִצְרַ֙יִם֙ לְפַרְעֹ֔ה כִּֽי־מָכְר֤וּ מִצְרַ֙יִם֙ אִ֣ישׁ שָׂדֵ֔הוּ כִּֽי־חָזַ֥ק עֲלֵהֶ֖ם הָרָעָ֑ב וַתְּהִ֥י הָאָ֖רֶץ לְפַרְעֹֽה׃
ספר בראשית/מז	כא	__	{{מ:פסוק|בראשית|מז|כא}}	וְאֶ֨ת־הָעָ֔ם הֶעֱבִ֥יר אֹת֖וֹ לֶעָרִ֑ים מִקְצֵ֥ה גְבוּל־מִצְרַ֖יִם וְעַד־קָצֵֽהוּ׃
ספר בראשית/מז	כב	__	{{מ:פסוק|בראשית|מז|כב}}	רַ֛ק אַדְמַ֥ת הַכֹּהֲנִ֖ים לֹ֣א קָנָ֑ה כִּי֩ חֹ֨ק לַכֹּהֲנִ֜ים מֵאֵ֣ת פַּרְעֹ֗ה וְאָֽכְל֤וּ אֶת־חֻקָּם֙ אֲשֶׁ֨ר נָתַ֤ן לָהֶם֙ פַּרְעֹ֔ה עַל־כֵּ֕ן לֹ֥א מָכְר֖וּ אֶת־אַדְמָתָֽם׃
ספר בראשית/מז	כג	__	{{מ:פסוק|בראשית|מז|כג}}	וַיֹּ֤אמֶר יוֹסֵף֙ אֶל־הָעָ֔ם הֵן֩ קָנִ֨יתִי אֶתְכֶ֥ם הַיּ֛וֹם וְאֶת־אַדְמַתְכֶ֖ם לְפַרְעֹ֑ה הֵֽא־לָכֶ֣ם זֶ֔רַע וּזְרַעְתֶּ֖ם אֶת־הָאֲדָמָֽה׃
ספר בראשית/מז	כד	__	{{מ:פסוק|בראשית|מז|כד}}	"וְהָיָה֙ בַּתְּבוּאֹ֔ת וּנְתַתֶּ֥ם {{נוסח|חֲמִישִׁ֖ית|=ל?שש1 ומסורת-ל וטברניות ורמ""ה (כתיב מלא יו""ד ומלא יו""ד)|ל=חֲמִישִׁ֖ת? (כתיב מלא יו""ד וחסר יו""ד?)|לפי ברויאר חסרה היו""ד השנייה, וכך אכן נראה בבדיקה ראשונית; אמנם בהגדלה רואים שייתכן שהיו""ד נבלעה ברגלה של התי""ו לאחריה, וכך כנראה דעתם של דותן והמקליד.|הערת ברויאר}} לְפַרְעֹ֑ה וְאַרְבַּ֣ע הַיָּדֹ֡ת יִהְיֶ֣ה לָכֶם֩ לְזֶ֨רַע הַשָּׂדֶ֧ה וּֽלְאׇכְלְכֶ֛ם וְלַאֲשֶׁ֥ר בְּבָתֵּיכֶ֖ם וְלֶאֱכֹ֥ל לְטַפְּכֶֽם׃"
ספר בראשית/מז	כה	__	{{מ:פסוק|בראשית|מז|כה|עלייה=מפטיר}}	וַיֹּאמְר֖וּ הֶחֱיִתָ֑נוּ נִמְצָא־חֵן֙ בְּעֵינֵ֣י אֲדֹנִ֔י וְהָיִ֥ינוּ עֲבָדִ֖ים לְפַרְעֹֽה׃
ספר בראשית/מז	כו	__	{{מ:פסוק|בראשית|מז|כו}}	וַיָּ֣שֶׂם אֹתָ֣הּ יוֹסֵ֡ף לְחֹק֩ עַד־הַיּ֨וֹם הַזֶּ֜ה עַל־אַדְמַ֥ת מִצְרַ֛יִם לְפַרְעֹ֖ה לַחֹ֑מֶשׁ רַ֞ק אַדְמַ֤ת הַכֹּֽהֲנִים֙ לְבַדָּ֔ם לֹ֥א הָיְתָ֖ה לְפַרְעֹֽה׃
ספר בראשית/מז	כז	__	{{מ:פסוק|בראשית|מז|כז}}	וַיֵּ֧שֶׁב יִשְׂרָאֵ֛ל בְּאֶ֥רֶץ מִצְרַ֖יִם בְּאֶ֣רֶץ גֹּ֑שֶׁן וַיֵּאָחֲז֣וּ בָ֔הּ וַיִּפְר֥וּ וַיִּרְבּ֖וּ מְאֹֽד׃
ספר בראשית/מז	כח	__{{מ:אין רווח של פרשה בתחילת פרשת השבוע}}	{{מ:פסוק|בראשית|מז|כח|עלייה='''ויחי'''|עלייה ראשונה=כן}}	וַיְחִ֤י יַעֲקֹב֙ בְּאֶ֣רֶץ מִצְרַ֔יִם שְׁבַ֥ע עֶשְׂרֵ֖ה שָׁנָ֑ה וַיְהִ֤י יְמֵֽי־יַעֲקֹב֙ שְׁנֵ֣י חַיָּ֔יו שֶׁ֣בַע שָׁנִ֔ים וְאַרְבָּעִ֥ים וּמְאַ֖ת שָׁנָֽה׃
ספר בראשית/מז	כט	__	{{מ:פסוק|בראשית|מז|כט}}	וַיִּקְרְב֣וּ {{נוסח|יְמֵֽי־יִשְׂרָאֵל֮|הקלדה=יְמֵֽי־יִשְׂרָאֵ֘ל|ראו את ההערה בתחילת פרשת כי תשא}} לָמוּת֒ וַיִּקְרָ֣א{{מ:לגרמיה}}לִבְנ֣וֹ לְיוֹסֵ֗ף וַיֹּ֤אמֶר לוֹ֙ אִם־נָ֨א מָצָ֤אתִי חֵן֙ בְּעֵינֶ֔יךָ שִֽׂים־נָ֥א יָדְךָ֖ תַּ֣חַת יְרֵכִ֑י וְעָשִׂ֤יתָ עִמָּדִי֙ חֶ֣סֶד וֶאֱמֶ֔ת אַל־נָ֥א תִקְבְּרֵ֖נִי בְּמִצְרָֽיִם׃
ספר בראשית/מז	ל	__	{{מ:פסוק|בראשית|מז|ל}}	וְשָֽׁכַבְתִּי֙ עִם־אֲבֹתַ֔י וּנְשָׂאתַ֙נִי֙ מִמִּצְרַ֔יִם וּקְבַרְתַּ֖נִי בִּקְבֻרָתָ֑ם וַיֹּאמַ֕ר אָנֹכִ֖י אֶֽעֱשֶׂ֥ה כִדְבָרֶֽךָ׃
ספר בראשית/מז	לא	__	{{מ:פסוק|בראשית|מז|לא}}	וַיֹּ֗אמֶר הִשָּֽׁבְעָה֙ לִ֔י וַיִּשָּׁבַ֖ע ל֑וֹ וַיִּשְׁתַּ֥חוּ יִשְׂרָאֵ֖ל עַל־רֹ֥אשׁ הַמִּטָּֽה׃
ספר בראשית/מז	תתת	<noinclude>//{{תבנית:משתמש:Dovi/טעמי המקרא-סוף}}//{{מ:שוליים-סוף}}//==הפרק בלי מספרים==//{{תבנית:משתמש:Dovi/טעמי המקרא}}//{{#בלי קטע:{{שם הדף המלא}}|סימן}}//{{תבנית:משתמש:Dovi/טעמי המקרא-סוף}}</noinclude>		
ספר בראשית/מח	0	<noinclude>{{תבנית:טעמי המקרא באינטרנט}}//{{מ:שוליים|5}}//{{תבנית:משתמש:Dovi/טעמי המקרא}}//</noinclude>		
ספר בראשית/מח	א	{{פפ}}//	{{מ:פסוק|בראשית|מח|א|סדר=מב|עלייה=[לוי]}}	וַיְהִ֗י אַחֲרֵי֙ הַדְּבָרִ֣ים הָאֵ֔לֶּה וַיֹּ֣אמֶר לְיוֹסֵ֔ף הִנֵּ֥ה אָבִ֖יךָ חֹלֶ֑ה וַיִּקַּ֞ח אֶת־שְׁנֵ֤י בָנָיו֙ עִמּ֔וֹ אֶת־מְנַשֶּׁ֖ה וְאֶת־אֶפְרָֽיִם׃
ספר בראשית/מח	ב	__	{{מ:פסוק|בראשית|מח|ב}}	וַיַּגֵּ֣ד לְיַעֲקֹ֔ב וַיֹּ֕אמֶר הִנֵּ֛ה בִּנְךָ֥ יוֹסֵ֖ף בָּ֣א אֵלֶ֑יךָ וַיִּתְחַזֵּק֙ יִשְׂרָאֵ֔ל וַיֵּ֖שֶׁב עַל־הַמִּטָּֽה׃
ספר בראשית/מח	ג	__	{{מ:פסוק|בראשית|מח|ג}}	וַיֹּ֤אמֶר יַעֲקֹב֙ אֶל־יוֹסֵ֔ף אֵ֥ל שַׁדַּ֛י נִרְאָֽה־אֵלַ֥י בְּל֖וּז בְּאֶ֣רֶץ כְּנָ֑עַן וַיְבָ֖רֶךְ אֹתִֽי׃
ספר בראשית/מח	ד	__	{{מ:פסוק|בראשית|מח|ד|עלייה=[ישראל]}}	וַיֹּ֣אמֶר אֵלַ֗י הִנְנִ֤י מַפְרְךָ֙ וְהִרְבִּיתִ֔ךָ וּנְתַתִּ֖יךָ לִקְהַ֣ל עַמִּ֑ים וְנָ֨תַתִּ֜י אֶת־הָאָ֧רֶץ הַזֹּ֛את לְזַרְעֲךָ֥ אַחֲרֶ֖יךָ אֲחֻזַּ֥ת עוֹלָֽם׃
ספר בראשית/מח	ה	__	{{מ:פסוק|בראשית|מח|ה}}	וְעַתָּ֡ה שְׁנֵֽי־בָנֶ֩יךָ֩ הַנּוֹלָדִ֨ים לְךָ֜ בְּאֶ֣רֶץ מִצְרַ֗יִם עַד־בֹּאִ֥י אֵלֶ֛יךָ מִצְרַ֖יְמָה לִי־הֵ֑ם אֶפְרַ֙יִם֙ וּמְנַשֶּׁ֔ה כִּרְאוּבֵ֥ן וְשִׁמְע֖וֹן יִֽהְיוּ־לִֽי׃
ספר בראשית/מח	ו	__	{{מ:פסוק|בראשית|מח|ו}}	וּמוֹלַדְתְּךָ֛ אֲשֶׁר־הוֹלַ֥דְתָּ אַחֲרֵיהֶ֖ם לְךָ֣ יִהְי֑וּ עַ֣ל שֵׁ֧ם אֲחֵיהֶ֛ם יִקָּרְא֖וּ בְּנַחֲלָתָֽם׃
ספר בראשית/מח	ז	__	{{מ:פסוק|בראשית|מח|ז}}	וַאֲנִ֣י{{מ:לגרמיה}}בְּבֹאִ֣י מִפַּדָּ֗ן {{נוסח|מֵ֩תָה֩|=ל (בטעם כפול)}} עָלַ֨י רָחֵ֜ל בְּאֶ֤רֶץ כְּנַ֙עַן֙ בַּדֶּ֔רֶךְ בְּע֥וֹד כִּבְרַת־אֶ֖רֶץ לָבֹ֣א אֶפְרָ֑תָה וָאֶקְבְּרֶ֤הָ שָּׁם֙ בְּדֶ֣רֶךְ אֶפְרָ֔ת הִ֖וא בֵּ֥ית לָֽחֶם׃
ספר בראשית/מח	ח	__	{{מ:פסוק|בראשית|מח|ח}}	וַיַּ֥רְא יִשְׂרָאֵ֖ל אֶת־בְּנֵ֣י יוֹסֵ֑ף וַיֹּ֖אמֶר מִי־אֵֽלֶּה׃
ספר בראשית/מח	ט	__	{{מ:פסוק|בראשית|מח|ט}}	וַיֹּ֤אמֶר יוֹסֵף֙ אֶל־אָבִ֔יו בָּנַ֣י הֵ֔ם אֲשֶׁר־נָֽתַן־לִ֥י אֱלֹהִ֖ים בָּזֶ֑ה וַיֹּאמַ֕ר קָֽחֶם־נָ֥א אֵלַ֖י {{נוסח|וַאֲבָרְכֵֽם|=שש1 ובדפוסים|ל=וַאֲבָרֲכֵֽם (חטף)|א(ס)=<סגול? אינו כן אלא בצֵרי כאור תורה ומנחת שי>|הערת ברויאר}}׃
ספר בראשית/מח	י	__	{{מ:פסוק|בראשית|מח|י|עלייה=שני}}	וְעֵינֵ֤י יִשְׂרָאֵל֙ כָּבְד֣וּ מִזֹּ֔קֶן לֹ֥א יוּכַ֖ל לִרְא֑וֹת וַיַּגֵּ֤שׁ אֹתָם֙ אֵלָ֔יו וַיִּשַּׁ֥ק לָהֶ֖ם וַיְחַבֵּ֥ק לָהֶֽם׃
ספר בראשית/מח	יא	__	{{מ:פסוק|בראשית|מח|יא}}	וַיֹּ֤אמֶר יִשְׂרָאֵל֙ אֶל־יוֹסֵ֔ף רְאֹ֥ה פָנֶ֖יךָ לֹ֣א פִלָּ֑לְתִּי וְהִנֵּ֨ה הֶרְאָ֥ה אֹתִ֛י אֱלֹהִ֖ים גַּ֥ם אֶת־זַרְעֶֽךָ׃
ספר בראשית/מח	יב	__	{{מ:פסוק|בראשית|מח|יב}}	וַיּוֹצֵ֥א יוֹסֵ֛ף אֹתָ֖ם מֵעִ֣ם בִּרְכָּ֑יו וַיִּשְׁתַּ֥חוּ לְאַפָּ֖יו אָֽרְצָה׃
ספר בראשית/מח	יג	__	{{מ:פסוק|בראשית|מח|יג}}	וַיִּקַּ֣ח יוֹסֵף֮ אֶת־שְׁנֵיהֶם֒ אֶת־אֶפְרַ֤יִם בִּֽימִינוֹ֙ מִשְּׂמֹ֣אל יִשְׂרָאֵ֔ל וְאֶת־מְנַשֶּׁ֥ה בִשְׂמֹאל֖וֹ מִימִ֣ין יִשְׂרָאֵ֑ל וַיַּגֵּ֖שׁ אֵלָֽיו׃
ספר בראשית/מח	יד	__	{{מ:פסוק|בראשית|מח|יד}}	וַיִּשְׁלַח֩ יִשְׂרָאֵ֨ל אֶת־יְמִינ֜וֹ וַיָּ֨שֶׁת עַל־רֹ֤אשׁ אֶפְרַ֙יִם֙ וְה֣וּא הַצָּעִ֔יר וְאֶת־שְׂמֹאל֖וֹ עַל־רֹ֣אשׁ מְנַשֶּׁ֑ה שִׂכֵּל֙ אֶת־יָדָ֔יו כִּ֥י מְנַשֶּׁ֖ה הַבְּכֽוֹר׃
ספר בראשית/מח	טו	__	{{מ:פסוק|בראשית|מח|טו}}	וַיְבָ֥רֶךְ אֶת־יוֹסֵ֖ף וַיֹּאמַ֑ר הָֽאֱלֹהִ֡ים אֲשֶׁר֩ הִתְהַלְּכ֨וּ אֲבֹתַ֤י לְפָנָיו֙ אַבְרָהָ֣ם וְיִצְחָ֔ק הָֽאֱלֹהִים֙ הָרֹעֶ֣ה אֹתִ֔י מֵעוֹדִ֖י עַד־הַיּ֥וֹם הַזֶּֽה׃
ספר בראשית/מח	טז	__	{{מ:פסוק|בראשית|מח|טז}}	הַמַּלְאָךְ֩ הַגֹּאֵ֨ל אֹתִ֜י מִכׇּל־רָ֗ע יְבָרֵךְ֮ אֶת־הַנְּעָרִים֒ וְיִקָּרֵ֤א בָהֶם֙ שְׁמִ֔י וְשֵׁ֥ם אֲבֹתַ֖י אַבְרָהָ֣ם וְיִצְחָ֑ק וְיִדְגּ֥וּ לָרֹ֖ב בְּקֶ֥רֶב הָאָֽרֶץ׃
ספר בראשית/מח	יז	__	{{מ:פסוק|בראשית|מח|יז|עלייה=שלישי}}	וַיַּ֣רְא יוֹסֵ֗ף כִּי־יָשִׁ֨ית אָבִ֧יו יַד־יְמִינ֛וֹ עַל־רֹ֥אשׁ אֶפְרַ֖יִם וַיֵּ֣רַע בְּעֵינָ֑יו וַיִּתְמֹ֣ךְ יַד־אָבִ֗יו לְהָסִ֥יר אֹתָ֛הּ מֵעַ֥ל רֹאשׁ־אֶפְרַ֖יִם עַל־רֹ֥אשׁ מְנַשֶּֽׁה׃
ספר בראשית/מח	יח	__	{{מ:פסוק|בראשית|מח|יח}}	וַיֹּ֧אמֶר יוֹסֵ֛ף אֶל־אָבִ֖יו לֹא־כֵ֣ן אָבִ֑י כִּי־זֶ֣ה הַבְּכֹ֔ר שִׂ֥ים יְמִינְךָ֖ עַל־רֹאשֽׁוֹ׃
ספר בראשית/מח	יט	__	{{מ:פסוק|בראשית|מח|יט}}	"וַיְמָאֵ֣ן אָבִ֗יו וַיֹּ֙אמֶר֙ יָדַ֤עְתִּֽי בְנִי֙ יָדַ֔עְתִּי גַּם־ה֥וּא {{נוסח|יִֽהְיֶה־לְּעָ֖ם|=לש ושיטת בן אשר המובאת במסורת-ש (געיה ביו""ד ראשונה ולמ""ד דגושה)|בן נפתלי (המובא במסורת ש)=יִהְיֶֽה־לְעָ֖ם (געיה ביו""ד שנייה ואין דגש)|הקלדה=יִהְיֶה־לְּעָ֖ם (בהשמטת הגעיה בגירסה 4.14 ובהוספתה ע""פ כתי""ל בגירסה 4.16) ועוד הוסיף הערה על הניקוד החריג|קורן, דותן, ברויאר, מג""ה, סימנים, מכון ממרא}} וְגַם־ה֣וּא יִגְדָּ֑ל וְאוּלָ֗ם אָחִ֤יו הַקָּטֹן֙ יִגְדַּ֣ל מִמֶּ֔נּוּ וְזַרְע֖וֹ יִהְיֶ֥ה מְלֹֽא־הַגּוֹיִֽם׃"
ספר בראשית/מח	כ	__	{{מ:פסוק|בראשית|מח|כ}}	{{נוסח|וַיְבָ֨רְכֵ֜ם|=שש1|ל=וַיְבָ֨רֲכֵ֜ם (חטף)|הערת ברויאר}} בַּיּ֣וֹם הַהוּא֮ לֵאמוֹר֒ {{נוסח|בְּךָ֗|=א(ס)ל <גרשיים? אינו כן אלא ברביע>|דפוסים=בְּךָ֞ (גרשיים)}} יְבָרֵ֤ךְ יִשְׂרָאֵל֙ לֵאמֹ֔ר יְשִֽׂמְךָ֣ אֱלֹהִ֔ים כְּאֶפְרַ֖יִם וְכִמְנַשֶּׁ֑ה וַיָּ֥שֶׂם אֶת־אֶפְרַ֖יִם לִפְנֵ֥י מְנַשֶּֽׁה׃
ספר בראשית/מח	כא	__	{{מ:פסוק|בראשית|מח|כא}}	וַיֹּ֤אמֶר יִשְׂרָאֵל֙ אֶל־יוֹסֵ֔ף הִנֵּ֥ה אָנֹכִ֖י מֵ֑ת וְהָיָ֤ה אֱלֹהִים֙ עִמָּכֶ֔ם וְהֵשִׁ֣יב אֶתְכֶ֔ם אֶל־אֶ֖רֶץ אֲבֹתֵיכֶֽם׃
ספר בראשית/מח	כב	__	{{מ:פסוק|בראשית|מח|כב}}	{{נוסח|וַאֲנִ֞י|=א(ס)ל <רביע? אינו כן אלא בגרשיים>|דפוסים=וַאֲנִ֗י (ברביע)}} נָתַ֧תִּֽי לְךָ֛ שְׁכֶ֥ם אַחַ֖ד עַל־אַחֶ֑יךָ אֲשֶׁ֤ר לָקַ֙חְתִּי֙ מִיַּ֣ד הָֽאֱמֹרִ֔י בְּחַרְבִּ֖י וּבְקַשְׁתִּֽי׃
ספר בראשית/מח	תתת	<noinclude>//{{תבנית:משתמש:Dovi/טעמי המקרא-סוף}}//{{מ:שוליים-סוף}}//==הפרק בלי מספרים==//{{תבנית:משתמש:Dovi/טעמי המקרא}}//{{#בלי קטע:{{שם הדף המלא}}|סימן}}//{{תבנית:משתמש:Dovi/טעמי המקרא-סוף}}</noinclude>		
ספר בראשית/מט	0	<noinclude>{{תבנית:טעמי המקרא באינטרנט}}//{{מ:שוליים|5}}//{{תבנית:משתמש:Dovi/טעמי המקרא}}//</noinclude>		
ספר בראשית/מט	א	{{פפ}}//	{{מ:פסוק|בראשית|מט|א|סדר=מג|עלייה=רביעי}}	וַיִּקְרָ֥א יַעֲקֹ֖ב אֶל־בָּנָ֑יו וַיֹּ֗אמֶר הֵאָֽסְפוּ֙ וְאַגִּ֣ידָה לָכֶ֔ם אֵ֛ת אֲשֶׁר־יִקְרָ֥א אֶתְכֶ֖ם בְּאַחֲרִ֥ית הַיָּמִֽים׃
ספר בראשית/מט	ב	__	{{מ:פסוק|בראשית|מט|ב}}	הִקָּבְצ֥וּ וְשִׁמְע֖וּ בְּנֵ֣י יַעֲקֹ֑ב וְשִׁמְע֖וּ אֶל־יִשְׂרָאֵ֥ל אֲבִיכֶֽם׃
ספר בראשית/מט	ג	__	{{מ:פסוק|בראשית|מט|ג}}	רְאוּבֵן֙ בְּכֹ֣רִי אַ֔תָּה כֹּחִ֖י וְרֵאשִׁ֣ית אוֹנִ֑י יֶ֥תֶר שְׂאֵ֖ת וְיֶ֥תֶר עָֽז׃
ספר בראשית/מט	ד	__	{{מ:פסוק|בראשית|מט|ד}}	פַּ֤חַז כַּמַּ֙יִם֙ אַל־תּוֹתַ֔ר כִּ֥י עָלִ֖יתָ מִשְׁכְּבֵ֣י אָבִ֑יךָ אָ֥ז חִלַּ֖לְתָּ יְצוּעִ֥י עָלָֽה׃
ספר בראשית/מט	ה	//{{פפ}}//	{{מ:פסוק|בראשית|מט|ה}}	שִׁמְע֥וֹן וְלֵוִ֖י אַחִ֑ים כְּלֵ֥י חָמָ֖ס מְכֵרֹתֵיהֶֽם׃
ספר בראשית/מט	ו	__	{{מ:פסוק|בראשית|מט|ו}}	בְּסֹדָם֙ אַל־תָּבֹ֣א נַפְשִׁ֔י בִּקְהָלָ֖ם אַל־תֵּחַ֣ד כְּבֹדִ֑י כִּ֤י בְאַפָּם֙ הָ֣רְגוּ אִ֔ישׁ וּבִרְצֹנָ֖ם עִקְּרוּ־שֽׁוֹר׃
ספר בראשית/מט	ז	__	{{מ:פסוק|בראשית|מט|ז}}	אָר֤וּר אַפָּם֙ כִּ֣י עָ֔ז וְעֶבְרָתָ֖ם כִּ֣י קָשָׁ֑תָה אֲחַלְּקֵ֣ם בְּיַעֲקֹ֔ב וַאֲפִיצֵ֖ם בְּיִשְׂרָאֵֽל׃
ספר בראשית/מט	ח	//{{נוסח|{{פפ}}|ל=פרשה סתומה}}//	{{מ:פסוק|בראשית|מט|ח}}	"יְהוּדָ֗ה אַתָּה֙ יוֹד֣וּךָ אַחֶ֔יךָ יָדְךָ֖ בְּעֹ֣רֶף אֹיְבֶ֑יךָ {{נוסח|יִשְׁתַּחֲו֥וּ|=ש ובדפוסים|ל=יִשְׁתַּחֲוּ֥וּ (דגש בוי""ו עיצורית)|הערות ברויאר ודותן והמקליד}} לְךָ֖ בְּנֵ֥י אָבִֽיךָ׃"
ספר בראשית/מט	ט	__	{{מ:פסוק|בראשית|מט|ט}}	גּ֤וּר אַרְיֵה֙ יְהוּדָ֔ה מִטֶּ֖רֶף בְּנִ֣י עָלִ֑יתָ כָּרַ֨ע רָבַ֧ץ כְּאַרְיֵ֛ה וּכְלָבִ֖יא מִ֥י יְקִימֶֽנּוּ׃
ספר בראשית/מט	י	__	{{מ:פסוק|בראשית|מט|י}}	"לֹֽא־יָס֥וּר שֵׁ֙בֶט֙ מִֽיהוּדָ֔ה וּמְחֹקֵ֖ק מִבֵּ֣ין רַגְלָ֑יו עַ֚ד כִּֽי־יָבֹ֣א {{קו""כ-אם|שִׁילֹ֔ה|ל-קרי=שִׁיל֔וֹ}} וְל֖וֹ יִקְּהַ֥ת עַמִּֽים׃"
ספר בראשית/מט	יא	__	{{מ:פסוק|בראשית|מט|יא}}	"אֹסְרִ֤י לַגֶּ֙פֶן֙ {{קו""כ-אם|עִירֹ֔ה|ל-קרי=עִיר֔וֹ}} וְלַשֹּׂרֵקָ֖ה בְּנִ֣י אֲתֹנ֑וֹ כִּבֵּ֤ס בַּיַּ֙יִן֙ לְבֻשׁ֔וֹ וּבְדַם־עֲנָבִ֖ים {{קו""כ-אם|סוּתֹֽה|ל-קרי=סוּתֽוֹ}}׃"
ספר בראשית/מט	יב	__	{{מ:פסוק|בראשית|מט|יב}}	{{נוסח|חַכְלִילִ֥י|יש ספרים={{מ:אות-ג|חַ}}כְלִילִ֥י}} עֵינַ֖יִם מִיָּ֑יִן וּלְבֶן־שִׁנַּ֖יִם מֵחָלָֽב׃
ספר בראשית/מט	יג	//{{פפ}}//	{{מ:פסוק|בראשית|מט|יג}}	"זְבוּלֻ֕ן לְח֥וֹף יַמִּ֖ים יִשְׁכֹּ֑ן וְהוּא֙ לְח֣וֹף {{נוסח|אֳנִיֹּ֔ת|=שש1 ומסורת-ל וטברניות ורמ""ה|ל=אֳנִיּ֔וֹת (כתיב מלא וי""ו)|הערת ברויאר}} וְיַרְכָת֖וֹ עַל־צִידֹֽן׃"
ספר בראשית/מט	יד	//{{נוסח|{{פפ}}|ל=פרשה סתומה}}//	{{מ:פסוק|בראשית|מט|יד}}	יִשָּׂשכָ֖ר חֲמֹ֣ר גָּ֑רֶם רֹבֵ֖ץ בֵּ֥ין הַֽמִּשְׁפְּתָֽיִם׃
ספר בראשית/מט	טו	__	{{מ:פסוק|בראשית|מט|טו}}	וַיַּ֤רְא מְנֻחָה֙ כִּ֣י ט֔וֹב וְאֶת־הָאָ֖רֶץ כִּ֣י נָעֵ֑מָה וַיֵּ֤ט שִׁכְמוֹ֙ לִסְבֹּ֔ל וַיְהִ֖י לְמַס־עֹבֵֽד׃
ספר בראשית/מט	טז	//{{סס}}	{{מ:פסוק|בראשית|מט|טז}}	דָּ֖ן יָדִ֣ין עַמּ֑וֹ כְּאַחַ֖ד שִׁבְטֵ֥י יִשְׂרָאֵֽל׃
ספר בראשית/מט	יז	__	{{מ:פסוק|בראשית|מט|יז}}	יְהִי־דָן֙ נָחָ֣שׁ עֲלֵי־דֶ֔רֶךְ שְׁפִיפֹ֖ן עֲלֵי־אֹ֑רַח הַנֹּשֵׁךְ֙ עִקְּבֵי־ס֔וּס וַיִּפֹּ֥ל רֹכְב֖וֹ אָחֽוֹר׃
ספר בראשית/מט	יח	__	{{מ:פסוק|בראשית|מט|יח}}	"{{נוסח|לִישׁוּעָֽתְךָ֖|ראו רשימת ברויאר ב""ספיקות שאין להם הכרע"", הערה 8 ובספר טעמי המקרא פרק ח (וכן במג""ה).|ל=לִֽישׁוּעָתְךָ֖ (!)|ל1=לִישׁוּעָתְךָ֖|קורן=לִֽישׁוּעָֽתְךָ֖}} קִוִּ֥יתִי יְהֹוָֽה׃"
ספר בראשית/מט	יט	//{{נוסח|{{סס}}|ל=אין פרשה}}	{{מ:פסוק|בראשית|מט|יט|עלייה=חמישי}}	גָּ֖ד גְּד֣וּד יְגוּדֶ֑נּוּ וְה֖וּא יָגֻ֥ד עָקֵֽב׃
ספר בראשית/מט	כ	//{{סס}}	{{מ:פסוק|בראשית|מט|כ}}	מֵאָשֵׁ֖ר שְׁמֵנָ֣ה לַחְמ֑וֹ וְה֥וּא יִתֵּ֖ן מַֽעֲדַנֵּי־מֶֽלֶךְ׃
ספר בראשית/מט	כא	//{{סס}}	{{מ:פסוק|בראשית|מט|כא}}	נַפְתָּלִ֖י אַיָּלָ֣ה שְׁלֻחָ֑ה הַנֹּתֵ֖ן אִמְרֵי־שָֽׁפֶר׃
ספר בראשית/מט	כב	//{{סס}}	{{מ:פסוק|בראשית|מט|כב}}	בֵּ֤ן פֹּרָת֙ יוֹסֵ֔ף בֵּ֥ן פֹּרָ֖ת עֲלֵי־עָ֑יִן בָּנ֕וֹת צָעֲדָ֖ה עֲלֵי־שֽׁוּר׃
ספר בראשית/מט	כג	__	{{מ:פסוק|בראשית|מט|כג}}	{{נוסח|וַֽיְמָרְרֻ֖הוּ|=שש1 ובדפוסים|ל=וַֽיְמָרֲרֻ֖הוּ (חטף)|הערת ברויאר}} וָרֹ֑בּוּ וַֽיִּשְׂטְמֻ֖הוּ בַּעֲלֵ֥י חִצִּֽים׃
ספר בראשית/מט	כד	__	{{מ:פסוק|בראשית|מט|כד}}	וַתֵּ֤שֶׁב בְּאֵיתָן֙ קַשְׁתּ֔וֹ וַיָּפֹ֖זּוּ זְרֹעֵ֣י יָדָ֑יו מִידֵי֙ אֲבִ֣יר יַעֲקֹ֔ב מִשָּׁ֥ם רֹעֶ֖ה אֶ֥בֶן יִשְׂרָאֵֽל׃
ספר בראשית/מט	כה	__	{{מ:פסוק|בראשית|מט|כה}}	מֵאֵ֨ל אָבִ֜יךָ וְיַעְזְרֶ֗ךָּ וְאֵ֤ת שַׁדַּי֙ וִיבָ֣רְכֶ֔ךָּ בִּרְכֹ֤ת שָׁמַ֙יִם֙ מֵעָ֔ל בִּרְכֹ֥ת תְּה֖וֹם רֹבֶ֣צֶת תָּ֑חַת בִּרְכֹ֥ת שָׁדַ֖יִם וָרָֽחַם׃
ספר בראשית/מט	כו	__	{{מ:פסוק|בראשית|מט|כו}}	"בִּרְכֹ֣ת אָבִ֗יךָ גָּֽבְרוּ֙ עַל־בִּרְכֹ֣ת הוֹרַ֔י עַֽד־תַּאֲוַ֖ת גִּבְעֹ֣ת עוֹלָ֑ם {{נוסח|תִּֽהְיֶ֙יןָ֙|=שש1 ומ""ש|ל=תִּֽהְיֶ֙ין֙ (חסר קמץ בסוף)|הערות ברויאר ודותן והמקליד}} לְרֹ֣אשׁ יוֹסֵ֔ף וּלְקׇדְקֹ֖ד נְזִ֥יר אֶחָֽיו׃"
ספר בראשית/מט	כז	//{{פפ}}//	"{{נוסח|{{מ:פסוק|בראשית|מט|כז|סדר=מג*|עלייה=ששי}}|תחילת סדר מצויינת כאן בספר החילופים ובכתי""ל}}"	בִּנְיָמִין֙ זְאֵ֣ב יִטְרָ֔ף בַּבֹּ֖קֶר יֹ֣אכַל עַ֑ד וְלָעֶ֖רֶב יְחַלֵּ֥ק שָׁלָֽל׃
ספר בראשית/מט	כח	__	{{מ:פסוק|בראשית|מט|כח}}	כׇּל־אֵ֛לֶּה שִׁבְטֵ֥י יִשְׂרָאֵ֖ל שְׁנֵ֣ים עָשָׂ֑ר וְ֠זֹ֠את אֲשֶׁר־דִּבֶּ֨ר לָהֶ֤ם אֲבִיהֶם֙ וַיְבָ֣רֶךְ אוֹתָ֔ם אִ֛ישׁ אֲשֶׁ֥ר כְּבִרְכָת֖וֹ בֵּרַ֥ךְ אֹתָֽם׃
ספר בראשית/מט	כט	__	{{מ:פסוק|בראשית|מט|כט}}	"וַיְצַ֣ו אוֹתָ֗ם וַיֹּ֤אמֶר אֲלֵהֶם֙ אֲנִי֙ נֶאֱסָ֣ף אֶל־עַמִּ֔י קִבְר֥וּ אֹתִ֖י אֶל־אֲבֹתָ֑י {{נוסח|אֶ֨ל־הַמְּעָרָ֔ה|=ש1 ושיטת-א ומ""ש|ל=אֶל־הַ֨מְּעָרָ֔ה (מקום המתיגה)|הערת ברויאר}} אֲשֶׁ֥ר בִּשְׂדֵ֖ה עֶפְר֥וֹן הַֽחִתִּֽי׃"
ספר בראשית/מט	ל	__	{{מ:פסוק|בראשית|מט|ל}}	"בַּמְּעָרָ֞ה אֲשֶׁ֨ר בִּשְׂדֵ֧ה הַמַּכְפֵּלָ֛ה אֲשֶׁ֥ר {{נוסח|עַל־פְּנֵי־מַמְרֵ֖א|=ל|דפוסים=<עַל־פְּנֵ֥י מַמְרֵ֖א> (""פני"" בטעם מרכא ובלתי-מוקפת)}} בְּאֶ֣רֶץ כְּנָ֑עַן אֲשֶׁר֩ קָנָ֨ה אַבְרָהָ֜ם אֶת־הַשָּׂדֶ֗ה מֵאֵ֛ת עֶפְרֹ֥ן הַחִתִּ֖י לַאֲחֻזַּת־קָֽבֶר׃"
ספר בראשית/מט	לא	__	{{מ:פסוק|בראשית|מט|לא}}	שָׁ֣מָּה קָֽבְר֞וּ אֶת־אַבְרָהָ֗ם וְאֵת֙ שָׂרָ֣ה אִשְׁתּ֔וֹ שָׁ֚מָּה קָבְר֣וּ אֶת־יִצְחָ֔ק וְאֵ֖ת רִבְקָ֣ה אִשְׁתּ֑וֹ וְשָׁ֥מָּה קָבַ֖רְתִּי אֶת־לֵאָֽה׃
ספר בראשית/מט	לב	__	{{מ:פסוק|בראשית|מט|לב}}	מִקְנֵ֧ה הַשָּׂדֶ֛ה וְהַמְּעָרָ֥ה אֲשֶׁר־בּ֖וֹ מֵאֵ֥ת בְּנֵי־חֵֽת׃
ספר בראשית/מט	לג	__	{{מ:פסוק|בראשית|מט|לג}}	וַיְכַ֤ל יַעֲקֹב֙ לְצַוֺּ֣ת אֶת־בָּנָ֔יו וַיֶּאֱסֹ֥ף רַגְלָ֖יו אֶל־הַמִּטָּ֑ה וַיִּגְוַ֖ע וַיֵּאָ֥סֶף אֶל־עַמָּֽיו׃
ספר בראשית/מט	תתת	<noinclude>//{{תבנית:משתמש:Dovi/טעמי המקרא-סוף}}//{{מ:שוליים-סוף}}//==הפרק בלי מספרים==//{{תבנית:משתמש:Dovi/טעמי המקרא}}//{{#בלי קטע:{{שם הדף המלא}}|סימן}}//{{תבנית:משתמש:Dovi/טעמי המקרא-סוף}}</noinclude>		
ספר בראשית/נ	0	<noinclude>{{תבנית:טעמי המקרא באינטרנט}}//{{מ:שוליים|5}}//{{תבנית:משתמש:Dovi/טעמי המקרא}}//</noinclude>		
ספר בראשית/נ	א	{{מ:אין פרשה בתחילת פרק}}	{{מ:פסוק|בראשית|נ|א}}	{{נוסח|וַיִּפֹּ֥ל|=שש1 ובדפוסים|ל=וַיִפֹּ֥ל (חסר דגש) אבל המקליד הוסיף את הדגש בלי להעיר)|הערות דותן וברויאר}} יוֹסֵ֖ף עַל־פְּנֵ֣י אָבִ֑יו וַיֵּ֥בְךְּ עָלָ֖יו וַיִּשַּׁק־לֽוֹ׃
ספר בראשית/נ	ב	__	{{מ:פסוק|בראשית|נ|ב}}	וַיְצַ֨ו יוֹסֵ֤ף אֶת־עֲבָדָיו֙ אֶת־הָרֹ֣פְאִ֔ים לַחֲנֹ֖ט אֶת־אָבִ֑יו וַיַּחַנְט֥וּ הָרֹפְאִ֖ים אֶת־יִשְׂרָאֵֽל׃
ספר בראשית/נ	ג	__	{{מ:פסוק|בראשית|נ|ג}}	וַיִּמְלְאוּ־לוֹ֙ אַרְבָּעִ֣ים י֔וֹם כִּ֛י כֵּ֥ן יִמְלְא֖וּ יְמֵ֣י הַחֲנֻטִ֑ים וַיִּבְכּ֥וּ אֹת֛וֹ מִצְרַ֖יִם שִׁבְעִ֥ים יֽוֹם׃
ספר בראשית/נ	ד	__	{{מ:פסוק|בראשית|נ|ד}}	וַיַּֽעַבְרוּ֙ יְמֵ֣י בְכִית֔וֹ וַיְדַבֵּ֣ר יוֹסֵ֔ף אֶל־בֵּ֥ית פַּרְעֹ֖ה לֵאמֹ֑ר אִם־נָ֨א מָצָ֤אתִי חֵן֙ בְּעֵ֣ינֵיכֶ֔ם דַּבְּרוּ־נָ֕א בְּאׇזְנֵ֥י פַרְעֹ֖ה לֵאמֹֽר׃
ספר בראשית/נ	ה	__	{{מ:פסוק|בראשית|נ|ה}}	אָבִ֞י הִשְׁבִּיעַ֣נִי לֵאמֹ֗ר הִנֵּ֣ה אָנֹכִי֮ מֵת֒ בְּקִבְרִ֗י אֲשֶׁ֨ר כָּרִ֤יתִי לִי֙ בְּאֶ֣רֶץ כְּנַ֔עַן שָׁ֖מָּה תִּקְבְּרֵ֑נִי וְעַתָּ֗ה אֶֽעֱלֶה־נָּ֛א וְאֶקְבְּרָ֥ה אֶת־אָבִ֖י וְאָשֽׁוּבָה׃
ספר בראשית/נ	ו	__	{{מ:פסוק|בראשית|נ|ו}}	וַיֹּ֖אמֶר פַּרְעֹ֑ה עֲלֵ֛ה וּקְבֹ֥ר אֶת־אָבִ֖יךָ כַּאֲשֶׁ֥ר הִשְׁבִּיעֶֽךָ׃
ספר בראשית/נ	ז	__	{{מ:פסוק|בראשית|נ|ז}}	וַיַּ֥עַל יוֹסֵ֖ף לִקְבֹּ֣ר אֶת־אָבִ֑יו {{נוסח|וַיַּֽעֲל֨וּ|ל=וַיַּֽעֲל֨וּ בגעיה ימנית}} אִתּ֜וֹ כׇּל־עַבְדֵ֤י פַרְעֹה֙ זִקְנֵ֣י בֵית֔וֹ וְכֹ֖ל זִקְנֵ֥י אֶֽרֶץ־מִצְרָֽיִם׃
ספר בראשית/נ	ח	__	{{מ:פסוק|בראשית|נ|ח}}	וְכֹל֙ בֵּ֣ית יוֹסֵ֔ף וְאֶחָ֖יו וּבֵ֣ית אָבִ֑יו רַ֗ק טַפָּם֙ וְצֹאנָ֣ם וּבְקָרָ֔ם עָזְב֖וּ בְּאֶ֥רֶץ גֹּֽשֶׁן׃
ספר בראשית/נ	ט	__	{{מ:פסוק|בראשית|נ|ט}}	וַיַּ֣עַל עִמּ֔וֹ גַּם־רֶ֖כֶב גַּם־פָּרָשִׁ֑ים וַיְהִ֥י הַֽמַּחֲנֶ֖ה כָּבֵ֥ד מְאֹֽד׃
ספר בראשית/נ	י	__	{{מ:פסוק|בראשית|נ|י}}	וַיָּבֹ֜אוּ עַד־גֹּ֣רֶן הָאָטָ֗ד אֲשֶׁר֙ בְּעֵ֣בֶר הַיַּרְדֵּ֔ן וַיִּ֨סְפְּדוּ־שָׁ֔ם מִסְפֵּ֛ד גָּד֥וֹל וְכָבֵ֖ד מְאֹ֑ד וַיַּ֧עַשׂ לְאָבִ֛יו אֵ֖בֶל שִׁבְעַ֥ת יָמִֽים׃
ספר בראשית/נ	יא	__	{{מ:פסוק|בראשית|נ|יא}}	וַיַּ֡רְא יוֹשֵׁב֩ הָאָ֨רֶץ הַֽכְּנַעֲנִ֜י אֶת־הָאֵ֗בֶל בְּגֹ֙רֶן֙ הָֽאָטָ֔ד וַיֹּ֣אמְר֔וּ אֵֽבֶל־כָּבֵ֥ד זֶ֖ה לְמִצְרָ֑יִם עַל־כֵּ֞ן קָרָ֤א שְׁמָהּ֙ אָבֵ֣ל מִצְרַ֔יִם אֲשֶׁ֖ר בְּעֵ֥בֶר הַיַּרְדֵּֽן׃
ספר בראשית/נ	יב	__	{{מ:פסוק|בראשית|נ|יב}}	וַיַּעֲשׂ֥וּ בָנָ֖יו ל֑וֹ כֵּ֖ן כַּאֲשֶׁ֥ר צִוָּֽם׃
ספר בראשית/נ	יג	__	{{מ:פסוק|בראשית|נ|יג}}	וַיִּשְׂא֨וּ אֹת֤וֹ בָנָיו֙ אַ֣רְצָה כְּנַ֔עַן וַיִּקְבְּר֣וּ אֹת֔וֹ בִּמְעָרַ֖ת שְׂדֵ֣ה הַמַּכְפֵּלָ֑ה אֲשֶׁ֣ר קָנָה֩ אַבְרָהָ֨ם אֶת־הַשָּׂדֶ֜ה לַאֲחֻזַּת־קֶ֗בֶר מֵאֵ֛ת עֶפְרֹ֥ן הַחִתִּ֖י עַל־פְּנֵ֥י מַמְרֵֽא׃
ספר בראשית/נ	יד	__	{{מ:פסוק|בראשית|נ|יד}}	וַיָּ֨שׇׁב יוֹסֵ֤ף מִצְרַ֙יְמָה֙ ה֣וּא וְאֶחָ֔יו וְכׇל־הָעֹלִ֥ים אִתּ֖וֹ לִקְבֹּ֣ר אֶת־אָבִ֑יו אַחֲרֵ֖י קׇבְר֥וֹ אֶת־אָבִֽיו׃
ספר בראשית/נ	טו	__	{{מ:פסוק|בראשית|נ|טו}}	וַיִּרְא֤וּ אֲחֵֽי־יוֹסֵף֙ כִּי־מֵ֣ת אֲבִיהֶ֔ם וַיֹּ֣אמְר֔וּ ל֥וּ יִשְׂטְמֵ֖נוּ יוֹסֵ֑ף וְהָשֵׁ֤ב יָשִׁיב֙ לָ֔נוּ אֵ֚ת כׇּל־הָ֣רָעָ֔ה אֲשֶׁ֥ר גָּמַ֖לְנוּ אֹתֽוֹ׃
ספר בראשית/נ	טז	__	{{מ:פסוק|בראשית|נ|טז}}	וַיְצַוּ֕וּ אֶל־יוֹסֵ֖ף לֵאמֹ֑ר אָבִ֣יךָ צִוָּ֔ה לִפְנֵ֥י מוֹת֖וֹ לֵאמֹֽר׃
ספר בראשית/נ	יז	__	{{מ:פסוק|בראשית|נ|יז}}	כֹּֽה־תֹאמְר֣וּ לְיוֹסֵ֗ף אָ֣נָּ֡א שָׂ֣א נָ֠א פֶּ֣שַׁע אַחֶ֤יךָ וְחַטָּאתָם֙ כִּי־רָעָ֣ה גְמָל֔וּךָ וְעַתָּה֙ שָׂ֣א נָ֔א לְפֶ֥שַׁע עַבְדֵ֖י אֱלֹהֵ֣י אָבִ֑יךָ וַיֵּ֥בְךְּ יוֹסֵ֖ף בְּדַבְּרָ֥ם אֵלָֽיו׃
ספר בראשית/נ	יח	__	{{מ:פסוק|בראשית|נ|יח}}	וַיֵּלְכוּ֙ גַּם־אֶחָ֔יו {{נוסח|וַֽיִּפְּל֖וּ|ל=וַֽיִּפְּל֖וּ בגעיה ימנית}} לְפָנָ֑יו וַיֹּ֣אמְר֔וּ הִנֶּ֥נּֽוּ לְךָ֖ לַעֲבָדִֽים׃
ספר בראשית/נ	יט	__	{{מ:פסוק|בראשית|נ|יט}}	וַיֹּ֧אמֶר אֲלֵהֶ֛ם יוֹסֵ֖ף אַל־תִּירָ֑אוּ כִּ֛י הֲתַ֥חַת אֱלֹהִ֖ים אָֽנִי׃
ספר בראשית/נ	כ	__	{{מ:פסוק|בראשית|נ|כ}}	וְאַתֶּ֕ם חֲשַׁבְתֶּ֥ם עָלַ֖י רָעָ֑ה אֱלֹהִים֙ חֲשָׁבָ֣הּ לְטֹבָ֔ה לְמַ֗עַן עֲשֹׂ֛ה כַּיּ֥וֹם הַזֶּ֖ה לְהַחֲיֹ֥ת עַם־רָֽב׃
ספר בראשית/נ	כא	__	{{מ:פסוק|בראשית|נ|כא|עלייה=שביעי}}	וְעַתָּה֙ אַל־תִּירָ֔אוּ אָנֹכִ֛י אֲכַלְכֵּ֥ל אֶתְכֶ֖ם וְאֶֽת־טַפְּכֶ֑ם וַיְנַחֵ֣ם אוֹתָ֔ם וַיְדַבֵּ֖ר עַל־לִבָּֽם׃
ספר בראשית/נ	כב	__	{{מ:פסוק|בראשית|נ|כב}}	וַיֵּ֤שֶׁב יוֹסֵף֙ בְּמִצְרַ֔יִם ה֖וּא וּבֵ֣ית אָבִ֑יו וַיְחִ֣י יוֹסֵ֔ף מֵאָ֥ה וָעֶ֖שֶׂר שָׁנִֽים׃
ספר בראשית/נ	כג	__	{{מ:פסוק|בראשית|נ|כג|עלייה=מפטיר}}	וַיַּ֤רְא יוֹסֵף֙ לְאֶפְרַ֔יִם בְּנֵ֖י {{נוסח|שִׁלֵּשִׁ֑ים|יש ספרים=שִׁלֵּשִׁ֑י{{מ:אות-ג|ם}} (לטריס)}} גַּ֗ם בְּנֵ֤י מָכִיר֙ בֶּן־מְנַשֶּׁ֔ה יֻלְּד֖וּ עַל־בִּרְכֵּ֥י יוֹסֵֽף׃
ספר בראשית/נ	כד	__	{{מ:פסוק|בראשית|נ|כד}}	וַיֹּ֤אמֶר יוֹסֵף֙ אֶל־אֶחָ֔יו אָנֹכִ֖י מֵ֑ת וֵֽאלֹהִ֞ים פָּקֹ֧ד יִפְקֹ֣ד אֶתְכֶ֗ם וְהֶעֱלָ֤ה אֶתְכֶם֙ מִן־הָאָ֣רֶץ הַזֹּ֔את אֶל־הָאָ֕רֶץ אֲשֶׁ֥ר נִשְׁבַּ֛ע לְאַבְרָהָ֥ם לְיִצְחָ֖ק וּֽלְיַעֲקֹֽב׃
ספר בראשית/נ	כה	__	{{מ:פסוק|בראשית|נ|כה}}	וַיַּשְׁבַּ֣ע יוֹסֵ֔ף אֶת־בְּנֵ֥י יִשְׂרָאֵ֖ל לֵאמֹ֑ר פָּקֹ֨ד יִפְקֹ֤ד אֱלֹהִים֙ אֶתְכֶ֔ם וְהַעֲלִתֶ֥ם אֶת־עַצְמֹתַ֖י מִזֶּֽה׃
ספר בראשית/נ	כו	__	{{מ:פסוק|בראשית|נ|כו}}	וַיָּ֣מׇת יוֹסֵ֔ף בֶּן־מֵאָ֥ה וָעֶ֖שֶׂר שָׁנִ֑ים וַיַּחַנְט֣וּ אֹת֔וֹ וַיִּ֥ישֶׂם בָּאָר֖וֹן בְּמִצְרָֽיִם׃
ספר בראשית/נ	תתת	<noinclude>//{{תבנית:משתמש:Dovi/טעמי המקרא-סוף}}//{{מ:שוליים-סוף}}//==הפרק בלי מספרים==//{{תבנית:משתמש:Dovi/טעמי המקרא}}//{{#בלי קטע:{{שם הדף המלא}}|סימן}}//{{תבנית:משתמש:Dovi/טעמי המקרא-סוף}}</noinclude>		
