ספר בראשית/א	0	<noinclude>{{תבנית:טעמי המקרא באינטרנט (עליון)}}//{{מ:שוליים|5}}//{{תבנית:משתמש:Dovi/טעמי המקרא}}//</noinclude>		
ספר בראשית/א	א	{{מ:ספר חדש|בראשית}}	{{מ:פסוק|בראשית|א|א|סדר=א|עלייה='''בראשית'''}}	"{{נוסח|{{מ:אות-ג|בְּ}}רֵאשִׁ֖ית|=מ""ס-ל ומ""ש|ל=בְּרֵאשִׁ֖ית (באות רגילה)}} בָּרָ֣א אֱלֹהִ֑ים אֵ֥ת הַשָּׁמַ֖יִם וְאֵ֥ת הָאָֽרֶץ׃"
ספר בראשית/א	ב	__	{{מ:פסוק|בראשית|א|ב}}	וְהָאָ֗רֶץ הָיְתָ֥ה תֹ֙הוּ֙ וָבֹ֔הוּ וְחֹ֖שֶׁךְ עַל־פְּנֵ֣י תְה֑וֹם וְר֣וּחַ אֱלֹהִ֔ים מְרַחֶ֖פֶת עַל־פְּנֵ֥י הַמָּֽיִם׃
ספר בראשית/א	ג	__	{{מ:פסוק|בראשית|א|ג}}	וַיֹּ֥אמֶר אֱלֹהִ֖ים יְהִ֣י א֑וֹר וַֽיְהִי־אֽוֹר׃
ספר בראשית/א	ד	__	{{מ:פסוק|בראשית|א|ד}}	וַיַּ֧רְא אֱלֹהִ֛ים אֶת־הָא֖וֹר כִּי־ט֑וֹב וַיַּבְדֵּ֣ל אֱלֹהִ֔ים בֵּ֥ין הָא֖וֹר וּבֵ֥ין הַחֹֽשֶׁךְ׃
ספר בראשית/א	ה	__	{{מ:פסוק|בראשית|א|ה}}	וַיִּקְרָ֨א אֱלֹהִ֤ים{{מ:פסק}}לָאוֹר֙ י֔וֹם וְלַחֹ֖שֶׁךְ קָ֣רָא לָ֑יְלָה וַֽיְהִי־עֶ֥רֶב וַֽיְהִי־בֹ֖קֶר י֥וֹם אֶחָֽד׃
ספר בראשית/א	ו	//{{פפ}}//	{{מ:פסוק|בראשית|א|ו|עלייה=[לוי]}}	וַיֹּ֣אמֶר אֱלֹהִ֔ים יְהִ֥י רָקִ֖יעַ בְּת֣וֹךְ הַמָּ֑יִם וִיהִ֣י מַבְדִּ֔יל בֵּ֥ין מַ֖יִם לָמָֽיִם׃
ספר בראשית/א	ז	__	{{מ:פסוק|בראשית|א|ז}}	וַיַּ֣עַשׂ אֱלֹהִים֮ אֶת־הָרָקִ֒יעַ֒ וַיַּבְדֵּ֗ל בֵּ֤ין הַמַּ֙יִם֙ אֲשֶׁר֙ מִתַּ֣חַת לָרָקִ֔יעַ וּבֵ֣ין הַמַּ֔יִם אֲשֶׁ֖ר מֵעַ֣ל לָרָקִ֑יעַ וַֽיְהִי־כֵֽן׃
ספר בראשית/א	ח	__	{{מ:פסוק|בראשית|א|ח}}	וַיִּקְרָ֧א אֱלֹהִ֛ים לָֽרָקִ֖יעַ שָׁמָ֑יִם וַֽיְהִי־עֶ֥רֶב וַֽיְהִי־בֹ֖קֶר י֥וֹם שֵׁנִֽי׃
ספר בראשית/א	ט	//{{פפ}}//	{{מ:פסוק|בראשית|א|ט|עלייה=[ישראל]}}	וַיֹּ֣אמֶר אֱלֹהִ֗ים יִקָּו֨וּ הַמַּ֜יִם מִתַּ֤חַת הַשָּׁמַ֙יִם֙ אֶל־מָק֣וֹם אֶחָ֔ד וְתֵרָאֶ֖ה הַיַּבָּשָׁ֑ה וַֽיְהִי־כֵֽן׃
ספר בראשית/א	י	__	{{מ:פסוק|בראשית|א|י}}	וַיִּקְרָ֨א אֱלֹהִ֤ים{{מ:פסק}}לַיַּבָּשָׁה֙ אֶ֔רֶץ וּלְמִקְוֵ֥ה הַמַּ֖יִם קָרָ֣א יַמִּ֑ים וַיַּ֥רְא אֱלֹהִ֖ים כִּי־טֽוֹב׃
ספר בראשית/א	יא	__	{{מ:פסוק|בראשית|א|יא}}	"וַיֹּ֣אמֶר אֱלֹהִ֗ים תַּֽדְשֵׁ֤א הָאָ֙רֶץ֙ {{נוסח|דֶּ֗שֶׁא|=ל ומ""ש ותיגאן|הקלדה=דֶּ֔שֶׁא (ע""פ BHS) וכן במ""ג דפוס ונציה ובחלק מהדפוסים אחריו|קורן, ברויאר, דותן, מג""ה, סימנים, מכון ממרא}} עֵ֚שֶׂב מַזְרִ֣יעַ זֶ֔רַע עֵ֣ץ פְּרִ֞י עֹ֤שֶׂה פְּרִי֙ לְמִינ֔וֹ אֲשֶׁ֥ר זַרְעוֹ־ב֖וֹ עַל־הָאָ֑רֶץ וַֽיְהִי־כֵֽן׃"
ספר בראשית/א	יב	__	{{מ:פסוק|בראשית|א|יב}}	וַתּוֹצֵ֨א הָאָ֜רֶץ דֶּ֠שֶׁא עֵ֣שֶׂב מַזְרִ֤יעַ זֶ֙רַע֙ לְמִינֵ֔הוּ וְעֵ֧ץ עֹֽשֶׂה־פְּרִ֛י אֲשֶׁ֥ר זַרְעוֹ־ב֖וֹ לְמִינֵ֑הוּ וַיַּ֥רְא אֱלֹהִ֖ים כִּי־טֽוֹב׃
ספר בראשית/א	יג	__	{{מ:פסוק|בראשית|א|יג}}	וַֽיְהִי־עֶ֥רֶב וַֽיְהִי־בֹ֖קֶר י֥וֹם שְׁלִישִֽׁי׃
ספר בראשית/א	יד	//{{פפ}}//	"{{מ:פסוק|בראשית|א|יד|עלייה=[ע""כ ישראל]}}"	וַיֹּ֣אמֶר אֱלֹהִ֗ים יְהִ֤י מְאֹרֹת֙ בִּרְקִ֣יעַ הַשָּׁמַ֔יִם לְהַבְדִּ֕יל בֵּ֥ין הַיּ֖וֹם וּבֵ֣ין הַלָּ֑יְלָה וְהָי֤וּ לְאֹתֹת֙ וּלְמ֣וֹעֲדִ֔ים וּלְיָמִ֖ים וְשָׁנִֽים׃
ספר בראשית/א	טו	__	{{מ:פסוק|בראשית|א|טו}}	וְהָי֤וּ לִמְאוֹרֹת֙ בִּרְקִ֣יעַ הַשָּׁמַ֔יִם לְהָאִ֖יר עַל־הָאָ֑רֶץ {{נוסח|וַֽיְהִי־כֵֽן|ל=וַֽיְהִי־כֵֽן בגעיה ימנית}}׃
ספר בראשית/א	טז	__	{{מ:פסוק|בראשית|א|טז}}	וַיַּ֣עַשׂ אֱלֹהִ֔ים אֶת־שְׁנֵ֥י הַמְּאֹרֹ֖ת הַגְּדֹלִ֑ים אֶת־הַמָּא֤וֹר הַגָּדֹל֙ לְמֶמְשֶׁ֣לֶת הַיּ֔וֹם וְאֶת־הַמָּא֤וֹר הַקָּטֹן֙ לְמֶמְשֶׁ֣לֶת הַלַּ֔יְלָה וְאֵ֖ת הַכּוֹכָבִֽים׃
ספר בראשית/א	יז	__	{{מ:פסוק|בראשית|א|יז}}	וַיִּתֵּ֥ן אֹתָ֛ם אֱלֹהִ֖ים בִּרְקִ֣יעַ הַשָּׁמָ֑יִם לְהָאִ֖יר עַל־הָאָֽרֶץ׃
ספר בראשית/א	יח	__	{{מ:פסוק|בראשית|א|יח}}	וְלִמְשֹׁל֙ בַּיּ֣וֹם וּבַלַּ֔יְלָה {{נוסח|וּֽלְהַבְדִּ֔יל|=דפוסים|א(ס)ל=וּֽלֲהַבְדִּ֔יל (חטף)}} בֵּ֥ין הָא֖וֹר וּבֵ֣ין הַחֹ֑שֶׁךְ וַיַּ֥רְא אֱלֹהִ֖ים כִּי־טֽוֹב׃
ספר בראשית/א	יט	__	{{מ:פסוק|בראשית|א|יט}}	וַֽיְהִי־עֶ֥רֶב וַֽיְהִי־בֹ֖קֶר י֥וֹם רְבִיעִֽי׃
ספר בראשית/א	כ	//{{פפ}}//	{{מ:פסוק|בראשית|א|כ}}	וַיֹּ֣אמֶר אֱלֹהִ֔ים יִשְׁרְצ֣וּ הַמַּ֔יִם שֶׁ֖רֶץ נֶ֣פֶשׁ חַיָּ֑ה וְעוֹף֙ יְעוֹפֵ֣ף עַל־הָאָ֔רֶץ עַל־פְּנֵ֖י רְקִ֥יעַ הַשָּׁמָֽיִם׃
ספר בראשית/א	כא	__	{{מ:פסוק|בראשית|א|כא}}	וַיִּבְרָ֣א אֱלֹהִ֔ים אֶת־הַתַּנִּינִ֖ם הַגְּדֹלִ֑ים וְאֵ֣ת כׇּל־נֶ֣פֶשׁ הַֽחַיָּ֣ה{{מ:פסק}}הָֽרֹמֶ֡שֶׂת אֲשֶׁר֩ שָׁרְצ֨וּ הַמַּ֜יִם לְמִֽינֵהֶ֗ם וְאֵ֨ת כׇּל־ע֤וֹף כָּנָף֙ לְמִינֵ֔הוּ וַיַּ֥רְא אֱלֹהִ֖ים כִּי־טֽוֹב׃
ספר בראשית/א	כב	__	{{מ:פסוק|בראשית|א|כב}}	וַיְבָ֧רֶךְ אֹתָ֛ם אֱלֹהִ֖ים לֵאמֹ֑ר פְּר֣וּ וּרְב֗וּ וּמִלְא֤וּ אֶת־הַמַּ֙יִם֙ בַּיַּמִּ֔ים וְהָע֖וֹף יִ֥רֶב בָּאָֽרֶץ׃
ספר בראשית/א	כג	__	{{מ:פסוק|בראשית|א|כג}}	וַֽיְהִי־עֶ֥רֶב וַֽיְהִי־בֹ֖קֶר י֥וֹם חֲמִישִֽׁי׃
ספר בראשית/א	כד	//{{פפ}}//	{{מ:פסוק|בראשית|א|כד}}	וַיֹּ֣אמֶר אֱלֹהִ֗ים תּוֹצֵ֨א הָאָ֜רֶץ נֶ֤פֶשׁ חַיָּה֙ לְמִינָ֔הּ בְּהֵמָ֥ה וָרֶ֛מֶשׂ וְחַֽיְתוֹ־אֶ֖רֶץ לְמִינָ֑הּ וַֽיְהִי־כֵֽן׃
ספר בראשית/א	כה	__	{{מ:פסוק|בראשית|א|כה}}	וַיַּ֣עַשׂ אֱלֹהִים֩ אֶת־חַיַּ֨ת הָאָ֜רֶץ לְמִינָ֗הּ וְאֶת־הַבְּהֵמָה֙ לְמִינָ֔הּ וְאֵ֛ת כׇּל־רֶ֥מֶשׂ הָֽאֲדָמָ֖ה לְמִינֵ֑הוּ וַיַּ֥רְא אֱלֹהִ֖ים כִּי־טֽוֹב׃
ספר בראשית/א	כו	__	{{מ:פסוק|בראשית|א|כו}}	וַיֹּ֣אמֶר אֱלֹהִ֔ים נַֽעֲשֶׂ֥ה אָדָ֛ם בְּצַלְמֵ֖נוּ כִּדְמוּתֵ֑נוּ וְיִרְדּוּ֩ בִדְגַ֨ת הַיָּ֜ם וּבְע֣וֹף הַשָּׁמַ֗יִם וּבַבְּהֵמָה֙ וּבְכׇל־הָאָ֔רֶץ וּבְכׇל־הָרֶ֖מֶשׂ הָֽרֹמֵ֥שׂ עַל־הָאָֽרֶץ׃
ספר בראשית/א	כז	__	{{מ:פסוק|בראשית|א|כז}}	וַיִּבְרָ֨א אֱלֹהִ֤ים{{מ:פסק}}{{נוסח|אֶת־הָֽאָדָם֙|ל=אֶת־הָֽאָדָם֙ בגעיה ימנית}} בְּצַלְמ֔וֹ בְּצֶ֥לֶם אֱלֹהִ֖ים בָּרָ֣א אֹת֑וֹ זָכָ֥ר וּנְקֵבָ֖ה בָּרָ֥א אֹתָֽם׃
ספר בראשית/א	כח	__	{{מ:פסוק|בראשית|א|כח}}	וַיְבָ֣רֶךְ אֹתָם֮ אֱלֹהִים֒ וַיֹּ֨אמֶר לָהֶ֜ם אֱלֹהִ֗ים פְּר֥וּ וּרְב֛וּ וּמִלְא֥וּ אֶת־הָאָ֖רֶץ וְכִבְשֻׁ֑הָ וּרְד֞וּ בִּדְגַ֤ת הַיָּם֙ וּבְע֣וֹף הַשָּׁמַ֔יִם וּבְכׇל־חַיָּ֖ה הָֽרֹמֶ֥שֶׂת עַל־הָאָֽרֶץ׃
ספר בראשית/א	כט	__	{{מ:פסוק|בראשית|א|כט}}	וַיֹּ֣אמֶר אֱלֹהִ֗ים הִנֵּה֩ נָתַ֨תִּי לָכֶ֜ם אֶת־כׇּל־עֵ֣שֶׂב{{מ:לגרמיה}}זֹרֵ֣עַ זֶ֗רַע אֲשֶׁר֙ עַל־פְּנֵ֣י כׇל־הָאָ֔רֶץ וְאֶת־כׇּל־הָעֵ֛ץ אֲשֶׁר־בּ֥וֹ פְרִי־עֵ֖ץ זֹרֵ֣עַ זָ֑רַע לָכֶ֥ם יִֽהְיֶ֖ה לְאׇכְלָֽה׃
ספר בראשית/א	ל	__	{{מ:פסוק|בראשית|א|ל}}	וּֽלְכׇל־חַיַּ֣ת הָ֠אָ֠רֶץ וּלְכׇל־ע֨וֹף הַשָּׁמַ֜יִם וּלְכֹ֣ל{{מ:לגרמיה}}רוֹמֵ֣שׂ עַל־הָאָ֗רֶץ אֲשֶׁר־בּוֹ֙ נֶ֣פֶשׁ חַיָּ֔ה אֶת־כׇּל־יֶ֥רֶק עֵ֖שֶׂב לְאׇכְלָ֑ה וַֽיְהִי־כֵֽן׃
ספר בראשית/א	לא	__	{{מ:פסוק|בראשית|א|לא}}	וַיַּ֤רְא אֱלֹהִים֙ אֶת־כׇּל־אֲשֶׁ֣ר עָשָׂ֔ה וְהִנֵּה־ט֖וֹב מְאֹ֑ד וַֽיְהִי־עֶ֥רֶב וַֽיְהִי־בֹ֖קֶר י֥וֹם הַשִּׁשִּֽׁי׃
ספר בראשית/א	תתת	<noinclude>//{{תבנית:משתמש:Dovi/טעמי המקרא-סוף}}//{{מ:שוליים-סוף}}//==הפרק בלי מספרים==//{{תבנית:משתמש:Dovi/טעמי המקרא}}//{{#בלי קטע:{{שם הדף המלא}}|סימן}}//{{תבנית:משתמש:Dovi/טעמי המקרא-סוף}}</noinclude>		
ספר בראשית/ב	0	<noinclude>{{תבנית:טעמי המקרא באינטרנט (עליון)}}//{{מ:שוליים|5}}//{{תבנית:משתמש:Dovi/טעמי המקרא}}//</noinclude>		
ספר בראשית/ב	א	{{פפ}}//	{{מ:פסוק|בראשית|ב|א}}	וַיְכֻלּ֛וּ הַשָּׁמַ֥יִם וְהָאָ֖רֶץ וְכׇל־צְבָאָֽם׃
ספר בראשית/ב	ב	__	{{מ:פסוק|בראשית|ב|ב}}	וַיְכַ֤ל אֱלֹהִים֙ בַּיּ֣וֹם הַשְּׁבִיעִ֔י מְלַאכְתּ֖וֹ אֲשֶׁ֣ר עָשָׂ֑ה וַיִּשְׁבֹּת֙ בַּיּ֣וֹם הַשְּׁבִיעִ֔י מִכׇּל־מְלַאכְתּ֖וֹ אֲשֶׁ֥ר עָשָֽׂה׃
ספר בראשית/ב	ג	__	{{מ:פסוק|בראשית|ב|ג}}	וַיְבָ֤רֶךְ אֱלֹהִים֙ אֶת־י֣וֹם הַשְּׁבִיעִ֔י וַיְקַדֵּ֖שׁ אֹת֑וֹ כִּ֣י ב֤וֹ שָׁבַת֙ מִכׇּל־מְלַאכְתּ֔וֹ אֲשֶׁר־בָּרָ֥א אֱלֹהִ֖ים לַעֲשֽׂוֹת׃
ספר בראשית/ב	ד	//{{פפ}}//	{{מ:פסוק|בראשית|ב|ד|סדר=ב|עלייה=שני}}	"אֵ֣לֶּה תוֹלְד֧וֹת הַשָּׁמַ֛יִם וְהָאָ֖רֶץ {{נוסח|בְּ{{מ:אות-ק|הִ}}בָּֽרְאָ֑ם|=מ""ס-ל ומ""ש|ל=בְּהִבָּֽרְאָ֑ם (באות רגילה)}} בְּי֗וֹם עֲשׂ֛וֹת יְהֹוָ֥ה אֱלֹהִ֖ים אֶ֥רֶץ וְשָׁמָֽיִם׃"
ספר בראשית/ב	ה	__	{{מ:פסוק|בראשית|ב|ה}}	וְכֹ֣ל{{מ:לגרמיה}}שִׂ֣יחַ הַשָּׂדֶ֗ה טֶ֚רֶם יִֽהְיֶ֣ה בָאָ֔רֶץ וְכׇל־עֵ֥שֶׂב הַשָּׂדֶ֖ה טֶ֣רֶם יִצְמָ֑ח כִּי֩ לֹ֨א הִמְטִ֜יר יְהֹוָ֤ה אֱלֹהִים֙ עַל־הָאָ֔רֶץ וְאָדָ֣ם אַ֔יִן לַֽעֲבֹ֖ד אֶת־הָֽאֲדָמָֽה׃
ספר בראשית/ב	ו	__	{{מ:פסוק|בראשית|ב|ו}}	"וְאֵ֖ד יַֽעֲלֶ֣ה מִן־הָאָ֑רֶץ וְהִשְׁקָ֖ה {{נוסח|אֶֽת־כׇּל־פְּנֵ֥י הָֽאֲדָמָֽה|=דפוסים|ל=אֶֽת־כָּל־פְּנֵֽי־הָֽאֲדָמָֽה (""פני"" מוקפת ובגעיה במקום מרכא)}}׃"
ספר בראשית/ב	ז	__	{{מ:פסוק|בראשית|ב|ז}}	וַיִּ֩יצֶר֩ יְהֹוָ֨ה אֱלֹהִ֜ים אֶת־הָֽאָדָ֗ם עָפָר֙ מִן־הָ֣אֲדָמָ֔ה וַיִּפַּ֥ח בְּאַפָּ֖יו נִשְׁמַ֣ת חַיִּ֑ים {{נוסח|וַֽיְהִ֥י|=ל (בגעיה)|ברויאר מחק את הגעיה במהדורתו (וַיְהִ֥י)}} הָֽאָדָ֖ם לְנֶ֥פֶשׁ חַיָּֽה׃
ספר בראשית/ב	ח	__	{{מ:פסוק|בראשית|ב|ח}}	"וַיִּטַּ֞ע יְהֹוָ֧ה אֱלֹהִ֛ים {{נוסח|גַּן־בְּעֵ֖דֶן|=ל (לגבי הטעמים): ""גן"" מוקפת ובלתי-מוטעמת)|דפוסים=<גַּ֥ן בְּעֵ֖דֶן> (מרכא טפחא)|ל=גַּן־בְעֵ֖דֶן (חסר דגש) וכן הוא בהקלדה. אבל לא העירו על הניקוד המשונה באף אחת מהמהדורות השונות לפי כתי""ל. וייתכן שבליטת המקף בבי""ת נראית כמו דגש בכתי""ל.}} מִקֶּ֑דֶם וַיָּ֣שֶׂם שָׁ֔ם אֶת־הָֽאָדָ֖ם אֲשֶׁ֥ר יָצָֽר׃"
ספר בראשית/ב	ט	__	{{מ:פסוק|בראשית|ב|ט}}	וַיַּצְמַ֞ח יְהֹוָ֤ה אֱלֹהִים֙ מִן־הָ֣אֲדָמָ֔ה כׇּל־עֵ֛ץ נֶחְמָ֥ד לְמַרְאֶ֖ה וְט֣וֹב לְמַאֲכָ֑ל וְעֵ֤ץ הַֽחַיִּים֙ בְּת֣וֹךְ הַגָּ֔ן וְעֵ֕ץ הַדַּ֖עַת ט֥וֹב וָרָֽע׃
ספר בראשית/ב	י	__	{{מ:פסוק|בראשית|ב|י}}	"{{נוסח|וְנָהָר֙|=דפוסים|ל=וְנָהָרּ֙ (רי""ש מנקודת!)|הערת המקליד}} יֹצֵ֣א מֵעֵ֔דֶן לְהַשְׁק֖וֹת אֶת־הַגָּ֑ן וּמִשָּׁם֙ יִפָּרֵ֔ד וְהָיָ֖ה לְאַרְבָּעָ֥ה רָאשִֽׁים׃"
ספר בראשית/ב	יא	__	{{מ:פסוק|בראשית|ב|יא}}	שֵׁ֥ם הָֽאֶחָ֖ד פִּישׁ֑וֹן ה֣וּא הַסֹּבֵ֗ב אֵ֚ת כׇּל־אֶ֣רֶץ הַֽחֲוִילָ֔ה אֲשֶׁר־שָׁ֖ם הַזָּהָֽב׃
ספר בראשית/ב	יב	__	{{מ:פסוק|בראשית|ב|יב}}	{{נוסח|וּֽזְהַ֛ב|=ל1|ל=וּֽזֲהַ֛ב (חטף)}} הָאָ֥רֶץ הַהִ֖וא ט֑וֹב שָׁ֥ם הַבְּדֹ֖לַח וְאֶ֥בֶן הַשֹּֽׁהַם׃
ספר בראשית/ב	יג	__	{{מ:פסוק|בראשית|ב|יג}}	וְשֵֽׁם־הַנָּהָ֥ר הַשֵּׁנִ֖י גִּיח֑וֹן ה֣וּא הַסּוֹבֵ֔ב אֵ֖ת כׇּל־אֶ֥רֶץ כּֽוּשׁ׃
ספר בראשית/ב	יד	__	{{מ:פסוק|בראשית|ב|יד}}	וְשֵׁ֨ם הַנָּהָ֤ר הַשְּׁלִישִׁי֙ חִדֶּ֔קֶל ה֥וּא הַֽהֹלֵ֖ךְ קִדְמַ֣ת אַשּׁ֑וּר וְהַנָּהָ֥ר הָֽרְבִיעִ֖י ה֥וּא פְרָֽת׃
ספר בראשית/ב	טו	__	{{מ:פסוק|בראשית|ב|טו}}	וַיִּקַּ֛ח יְהֹוָ֥ה אֱלֹהִ֖ים אֶת־הָֽאָדָ֑ם וַיַּנִּחֵ֣הוּ בְגַן־עֵ֔דֶן לְעׇבְדָ֖הּ וּלְשׇׁמְרָֽהּ׃
ספר בראשית/ב	טז	__	{{מ:פסוק|בראשית|ב|טז}}	וַיְצַו֙ יְהֹוָ֣ה אֱלֹהִ֔ים עַל־הָֽאָדָ֖ם לֵאמֹ֑ר מִכֹּ֥ל עֵֽץ־הַגָּ֖ן אָכֹ֥ל תֹּאכֵֽל׃
ספר בראשית/ב	יז	__	{{מ:פסוק|בראשית|ב|יז}}	וּמֵעֵ֗ץ הַדַּ֙עַת֙ ט֣וֹב וָרָ֔ע לֹ֥א תֹאכַ֖ל מִמֶּ֑נּוּ כִּ֗י בְּי֛וֹם אֲכׇלְךָ֥ מִמֶּ֖נּוּ מ֥וֹת תָּמֽוּת׃
ספר בראשית/ב	יח	__	{{מ:פסוק|בראשית|ב|יח}}	"וַיֹּ֙אמֶר֙ יְהֹוָ֣ה אֱלֹהִ֔ים לֹא־ט֛וֹב הֱי֥וֹת הָֽאָדָ֖ם לְבַדּ֑וֹ {{נוסח|אֶֽעֱשֶׂה־לּ֥וֹ|=דפוסים|ל=אֶֽעֱשֶׂהּ־לּ֥וֹ (ה""א מנוקדת!)|הערות דותן והמקליד}} עֵ֖זֶר כְּנֶגְדּֽוֹ׃"
ספר בראשית/ב	יט	__	{{מ:פסוק|בראשית|ב|יט}}	וַיִּ֩צֶר֩ יְהֹוָ֨ה אֱלֹהִ֜ים מִן־הָֽאֲדָמָ֗ה כׇּל־חַיַּ֤ת הַשָּׂדֶה֙ וְאֵת֙ כׇּל־ע֣וֹף הַשָּׁמַ֔יִם וַיָּבֵא֙ אֶל־הָ֣אָדָ֔ם לִרְא֖וֹת מַה־יִּקְרָא־ל֑וֹ וְכֹל֩ אֲשֶׁ֨ר יִקְרָא־ל֧וֹ הָֽאָדָ֛ם נֶ֥פֶשׁ חַיָּ֖ה ה֥וּא שְׁמֽוֹ׃
ספר בראשית/ב	כ	__	{{מ:פסוק|בראשית|ב|כ|עלייה=שלישי}}	וַיִּקְרָ֨א הָֽאָדָ֜ם שֵׁמ֗וֹת לְכׇל־הַבְּהֵמָה֙ וּלְע֣וֹף הַשָּׁמַ֔יִם וּלְכֹ֖ל חַיַּ֣ת הַשָּׂדֶ֑ה וּלְאָדָ֕ם לֹֽא־מָצָ֥א עֵ֖זֶר כְּנֶגְדּֽוֹ׃
ספר בראשית/ב	כא	__	{{מ:פסוק|בראשית|ב|כא}}	וַיַּפֵּל֩ יְהֹוָ֨ה אֱלֹהִ֧ים{{מ:פסק}}תַּרְדֵּמָ֛ה עַל־הָאָדָ֖ם וַיִּישָׁ֑ן וַיִּקַּ֗ח אַחַת֙ מִצַּלְעֹתָ֔יו וַיִּסְגֹּ֥ר בָּשָׂ֖ר תַּחְתֶּֽנָּה׃
ספר בראשית/ב	כב	__	{{מ:פסוק|בראשית|ב|כב}}	וַיִּ֩בֶן֩ יְהֹוָ֨ה אֱלֹהִ֧ים{{מ:פסק}}אֶֽת־הַצֵּלָ֛ע אֲשֶׁר־לָקַ֥ח מִן־הָֽאָדָ֖ם לְאִשָּׁ֑ה וַיְבִאֶ֖הָ אֶל־הָֽאָדָֽם׃
ספר בראשית/ב	כג	__	{{מ:פסוק|בראשית|ב|כג}}	וַיֹּ֘אמֶר֮ הָֽאָדָם֒ זֹ֣את הַפַּ֗עַם עֶ֚צֶם מֵֽעֲצָמַ֔י וּבָשָׂ֖ר מִבְּשָׂרִ֑י לְזֹאת֙ יִקָּרֵ֣א אִשָּׁ֔ה כִּ֥י מֵאִ֖ישׁ {{נוסח|לֻֽקְחָה־זֹּֽאת|=ל1|ל=לֻֽקֳחָה־זֹּֽאת (בחטף קמץ)|הערת ברויאר}}׃
ספר בראשית/ב	כד	__	{{מ:פסוק|בראשית|ב|כד}}	עַל־כֵּן֙ יַֽעֲזׇב־אִ֔ישׁ אֶת־אָבִ֖יו וְאֶת־אִמּ֑וֹ וְדָבַ֣ק בְּאִשְׁתּ֔וֹ וְהָי֖וּ לְבָשָׂ֥ר אֶחָֽד׃
ספר בראשית/ב	כה	__	{{מ:פסוק|בראשית|ב|כה}}	וַיִּֽהְי֤וּ שְׁנֵיהֶם֙ עֲרוּמִּ֔ים הָֽאָדָ֖ם וְאִשְׁתּ֑וֹ וְלֹ֖א יִתְבֹּשָֽׁשׁוּ׃
ספר בראשית/ב	תתת	<noinclude>//{{תבנית:משתמש:Dovi/טעמי המקרא-סוף}}//{{מ:שוליים-סוף}}//==הפרק בלי מספרים==//{{תבנית:משתמש:Dovi/טעמי המקרא}}//{{#בלי קטע:{{שם הדף המלא}}|סימן}}//{{תבנית:משתמש:Dovi/טעמי המקרא-סוף}}</noinclude>		
ספר בראשית/ג	0	<noinclude>{{תבנית:טעמי המקרא באינטרנט (עליון)}}//{{מ:שוליים|5}}//{{תבנית:משתמש:Dovi/טעמי המקרא}}//</noinclude>		
ספר בראשית/ג	א	{{מ:אין פרשה בתחילת פרק}}	{{מ:פסוק|בראשית|ג|א}}	וְהַנָּחָשׁ֙ הָיָ֣ה עָר֔וּם מִכֹּל֙ חַיַּ֣ת הַשָּׂדֶ֔ה אֲשֶׁ֥ר עָשָׂ֖ה יְהֹוָ֣ה אֱלֹהִ֑ים וַיֹּ֙אמֶר֙ אֶל־הָ֣אִשָּׁ֔ה אַ֚ף כִּֽי־אָמַ֣ר אֱלֹהִ֔ים לֹ֣א תֹֽאכְל֔וּ מִכֹּ֖ל עֵ֥ץ הַגָּֽן׃
ספר בראשית/ג	ב	__	{{מ:פסוק|בראשית|ג|ב}}	וַתֹּ֥אמֶר הָֽאִשָּׁ֖ה אֶל־הַנָּחָ֑שׁ מִפְּרִ֥י עֵֽץ־הַגָּ֖ן נֹאכֵֽל׃
ספר בראשית/ג	ג	__	{{מ:פסוק|בראשית|ג|ג}}	"וּמִפְּרִ֣י הָעֵץ֮ אֲשֶׁ֣ר בְּתוֹךְ־הַגָּן֒ אָמַ֣ר אֱלֹהִ֗ים לֹ֤א תֹֽאכְלוּ֙ מִמֶּ֔נּוּ וְלֹ֥א תִגְּע֖וּ בּ֑וֹ {{נוסח|פֶּן־תְּמֻתֽוּן|=ל (""פן"" מוקפת)|דפוסים=<פֶּ֖ן תְּמֻתֽוּן> (טפחא וסילוק)}}׃"
ספר בראשית/ג	ד	__	{{מ:פסוק|בראשית|ג|ד}}	וַיֹּ֥אמֶר הַנָּחָ֖שׁ אֶל־הָֽאִשָּׁ֑ה לֹֽא־מ֖וֹת תְּמֻתֽוּן׃
ספר בראשית/ג	ה	__	{{מ:פסוק|בראשית|ג|ה}}	כִּ֚י יֹדֵ֣עַ אֱלֹהִ֔ים כִּ֗י בְּיוֹם֙ אֲכׇלְכֶ֣ם מִמֶּ֔נּוּ וְנִפְקְח֖וּ עֵֽינֵיכֶ֑ם וִהְיִיתֶם֙ כֵּֽאלֹהִ֔ים יֹדְעֵ֖י ט֥וֹב וָרָֽע׃
ספר בראשית/ג	ו	__	{{מ:פסוק|בראשית|ג|ו}}	וַתֵּ֣רֶא הָֽאִשָּׁ֡ה כִּ֣י טוֹב֩ הָעֵ֨ץ לְמַאֲכָ֜ל וְכִ֧י תַֽאֲוָה־ה֣וּא לָעֵינַ֗יִם וְנֶחְמָ֤ד הָעֵץ֙ לְהַשְׂכִּ֔יל וַתִּקַּ֥ח מִפִּרְי֖וֹ וַתֹּאכַ֑ל וַתִּתֵּ֧ן גַּם־לְאִישָׁ֛הּ עִמָּ֖הּ וַיֹּאכַֽל׃
ספר בראשית/ג	ז	__	{{מ:פסוק|בראשית|ג|ז}}	וַתִּפָּקַ֙חְנָה֙ עֵינֵ֣י שְׁנֵיהֶ֔ם וַיֵּ֣דְע֔וּ כִּ֥י עֵֽירֻמִּ֖ם הֵ֑ם וַֽיִּתְפְּרוּ֙ עֲלֵ֣ה תְאֵנָ֔ה וַיַּעֲשׂ֥וּ לָהֶ֖ם חֲגֹרֹֽת׃
ספר בראשית/ג	ח	__	{{מ:פסוק|בראשית|ג|ח}}	וַֽיִּשְׁמְע֞וּ אֶת־ק֨וֹל יְהֹוָ֧ה אֱלֹהִ֛ים מִתְהַלֵּ֥ךְ בַּגָּ֖ן לְר֣וּחַ הַיּ֑וֹם וַיִּתְחַבֵּ֨א הָֽאָדָ֜ם וְאִשְׁתּ֗וֹ מִפְּנֵי֙ יְהֹוָ֣ה אֱלֹהִ֔ים בְּת֖וֹךְ עֵ֥ץ הַגָּֽן׃
ספר בראשית/ג	ט	__	{{מ:פסוק|בראשית|ג|ט}}	וַיִּקְרָ֛א יְהֹוָ֥ה אֱלֹהִ֖ים אֶל־הָֽאָדָ֑ם וַיֹּ֥אמֶר ל֖וֹ אַיֶּֽכָּה׃
ספר בראשית/ג	י	__	{{מ:פסוק|בראשית|ג|י}}	וַיֹּ֕אמֶר אֶת־קֹלְךָ֥ שָׁמַ֖עְתִּי בַּגָּ֑ן וָאִירָ֛א כִּֽי־עֵירֹ֥ם אָנֹ֖כִי וָאֵחָבֵֽא׃
ספר בראשית/ג	יא	__	{{מ:פסוק|בראשית|ג|יא}}	וַיֹּ֕אמֶר מִ֚י הִגִּ֣יד לְךָ֔ כִּ֥י עֵירֹ֖ם אָ֑תָּה הֲמִן־הָעֵ֗ץ אֲשֶׁ֧ר צִוִּיתִ֛יךָ לְבִלְתִּ֥י אֲכׇל־מִמֶּ֖נּוּ אָכָֽלְתָּ׃
ספר בראשית/ג	יב	__	{{מ:פסוק|בראשית|ג|יב}}	וַיֹּ֖אמֶר הָֽאָדָ֑ם הָֽאִשָּׁה֙ אֲשֶׁ֣ר נָתַ֣תָּה עִמָּדִ֔י הִ֛וא נָֽתְנָה־לִּ֥י מִן־הָעֵ֖ץ וָאֹכֵֽל׃
ספר בראשית/ג	יג	__	{{מ:פסוק|בראשית|ג|יג}}	וַיֹּ֨אמֶר יְהֹוָ֧ה אֱלֹהִ֛ים לָאִשָּׁ֖ה מַה־זֹּ֣את עָשִׂ֑ית וַתֹּ֙אמֶר֙ הָֽאִשָּׁ֔ה הַנָּחָ֥שׁ הִשִּׁיאַ֖נִי וָאֹכֵֽל׃
ספר בראשית/ג	יד	__	{{מ:פסוק|בראשית|ג|יד}}	וַיֹּ֩אמֶר֩ יְהֹוָ֨ה אֱלֹהִ֥ים{{מ:פסק}}אֶֽל־הַנָּחָשׁ֮ כִּ֣י עָשִׂ֣יתָ זֹּאת֒ אָר֤וּר אַתָּה֙ מִכׇּל־הַבְּהֵמָ֔ה וּמִכֹּ֖ל חַיַּ֣ת הַשָּׂדֶ֑ה עַל־גְּחֹנְךָ֣ תֵלֵ֔ךְ וְעָפָ֥ר תֹּאכַ֖ל כׇּל־יְמֵ֥י חַיֶּֽיךָ׃
ספר בראשית/ג	טו	__	{{מ:פסוק|בראשית|ג|טו}}	וְאֵיבָ֣ה{{מ:לגרמיה}}אָשִׁ֗ית בֵּֽינְךָ֙ וּבֵ֣ין הָֽאִשָּׁ֔ה וּבֵ֥ין זַרְעֲךָ֖ וּבֵ֣ין זַרְעָ֑הּ ה֚וּא יְשׁוּפְךָ֣ רֹ֔אשׁ וְאַתָּ֖ה תְּשׁוּפֶ֥נּוּ עָקֵֽב׃
ספר בראשית/ג	טז	//{{סס}}	{{מ:פסוק|בראשית|ג|טז}}	אֶֽל־הָאִשָּׁ֣ה אָמַ֗ר הַרְבָּ֤ה אַרְבֶּה֙ עִצְּבוֹנֵ֣ךְ וְהֵֽרֹנֵ֔ךְ בְּעֶ֖צֶב תֵּֽלְדִ֣י בָנִ֑ים וְאֶל־אִישֵׁךְ֙ תְּשׁ֣וּקָתֵ֔ךְ וְה֖וּא יִמְשׇׁל־בָּֽךְ׃
ספר בראשית/ג	יז	//{{סס}}	{{מ:פסוק|בראשית|ג|יז}}	"וּלְאָדָ֣ם אָמַ֗ר {{נוסח|כִּֽי־שָׁמַ֘עְתָּ֮|=א(ס)ל (""כי"" מוקפת ובגעיה)|דפוסים=<כִּ֣י שָׁמַ֘עְתָּ֮> (""כי"" מוטעמת במרכא)}} לְק֣וֹל אִשְׁתֶּ֒ךָ֒ וַתֹּ֙אכַל֙ מִן־הָעֵ֔ץ אֲשֶׁ֤ר צִוִּיתִ֙יךָ֙ לֵאמֹ֔ר לֹ֥א תֹאכַ֖ל מִמֶּ֑נּוּ אֲרוּרָ֤ה הָֽאֲדָמָה֙ בַּֽעֲבוּרֶ֔ךָ בְּעִצָּבוֹן֙ {{נוסח|תֹּֽאכְלֶ֔נָּה|=מ""ש|ל=תֹּֽאכֲלֶ֔נָּה (חטף)}} כֹּ֖ל יְמֵ֥י חַיֶּֽיךָ׃"
ספר בראשית/ג	יח	__	{{מ:פסוק|בראשית|ג|יח}}	וְק֥וֹץ וְדַרְדַּ֖ר תַּצְמִ֣יחַֽ לָ֑ךְ וְאָכַלְתָּ֖ אֶת־עֵ֥שֶׂב הַשָּׂדֶֽה׃
ספר בראשית/ג	יט	__	{{מ:פסוק|בראשית|ג|יט}}	בְּזֵעַ֤ת אַפֶּ֙יךָ֙ תֹּ֣אכַל לֶ֔חֶם עַ֤ד שֽׁוּבְךָ֙ אֶל־הָ֣אֲדָמָ֔ה כִּ֥י מִמֶּ֖נָּה לֻקָּ֑חְתָּ כִּֽי־עָפָ֣ר אַ֔תָּה וְאֶל־עָפָ֖ר תָּשֽׁוּב׃
ספר בראשית/ג	כ	__	{{מ:פסוק|בראשית|ג|כ}}	וַיִּקְרָ֧א הָֽאָדָ֛ם שֵׁ֥ם אִשְׁתּ֖וֹ חַוָּ֑ה כִּ֛י הִ֥וא הָֽיְתָ֖ה אֵ֥ם כׇּל־חָֽי׃
ספר בראשית/ג	כא	__	{{מ:פסוק|בראשית|ג|כא}}	וַיַּ֩עַשׂ֩ יְהֹוָ֨ה אֱלֹהִ֜ים לְאָדָ֧ם וּלְאִשְׁתּ֛וֹ כׇּתְנ֥וֹת ע֖וֹר וַיַּלְבִּשֵֽׁם׃
ספר בראשית/ג	כב	//{{פפ}}//	{{מ:פסוק|בראשית|ג|כב|סדר=ג|עלייה=רביעי}}	וַיֹּ֣אמֶר{{מ:לגרמיה}}יְהֹוָ֣ה אֱלֹהִ֗ים הֵ֤ן הָֽאָדָם֙ הָיָה֙ כְּאַחַ֣ד מִמֶּ֔נּוּ לָדַ֖עַת ט֣וֹב וָרָ֑ע וְעַתָּ֣ה{{מ:לגרמיה}}פֶּן־יִשְׁלַ֣ח יָד֗וֹ וְלָקַח֙ גַּ֚ם מֵעֵ֣ץ הַֽחַיִּ֔ים וְאָכַ֖ל וָחַ֥י לְעֹלָֽם׃
ספר בראשית/ג	כג	__	{{מ:פסוק|בראשית|ג|כג}}	וַֽיְשַׁלְּחֵ֛הוּ יְהֹוָ֥ה אֱלֹהִ֖ים מִגַּן־עֵ֑דֶן לַֽעֲבֹד֙ אֶת־הָ֣אֲדָמָ֔ה אֲשֶׁ֥ר לֻקַּ֖ח מִשָּֽׁם׃
ספר בראשית/ג	כד	__	{{מ:פסוק|בראשית|ג|כד}}	וַיְגָ֖רֶשׁ אֶת־הָֽאָדָ֑ם וַיַּשְׁכֵּן֩ מִקֶּ֨דֶם לְגַן־עֵ֜דֶן אֶת־הַכְּרֻבִ֗ים וְאֵ֨ת לַ֤הַט הַחֶ֙רֶב֙ הַמִּתְהַפֶּ֔כֶת לִשְׁמֹ֕ר אֶת־דֶּ֖רֶךְ עֵ֥ץ הַֽחַיִּֽים׃
ספר בראשית/ג	תתת	<noinclude>//{{תבנית:משתמש:Dovi/טעמי המקרא-סוף}}//{{מ:שוליים-סוף}}//==הפרק בלי מספרים==//{{תבנית:משתמש:Dovi/טעמי המקרא}}//{{#בלי קטע:{{שם הדף המלא}}|סימן}}//{{תבנית:משתמש:Dovi/טעמי המקרא-סוף}}</noinclude>		
ספר בראשית/ד	0	<noinclude>{{תבנית:טעמי המקרא באינטרנט (עליון)}}//{{מ:שוליים|5}}//{{תבנית:משתמש:Dovi/טעמי המקרא}}//</noinclude>		
ספר בראשית/ד	א	{{סס}}	{{מ:פסוק|בראשית|ד|א}}	וְהָ֣אָדָ֔ם יָדַ֖ע אֶת־חַוָּ֣ה אִשְׁתּ֑וֹ וַתַּ֙הַר֙ וַתֵּ֣לֶד אֶת־קַ֔יִן וַתֹּ֕אמֶר קָנִ֥יתִי אִ֖ישׁ אֶת־יְהֹוָֽה׃
ספר בראשית/ד	ב	__	{{מ:פסוק|בראשית|ד|ב}}	וַתֹּ֣סֶף לָלֶ֔דֶת אֶת־אָחִ֖יו אֶת־הָ֑בֶל וַֽיְהִי־הֶ֙בֶל֙ רֹ֣עֵה צֹ֔אן וְקַ֕יִן הָיָ֖ה עֹבֵ֥ד אֲדָמָֽה׃
ספר בראשית/ד	ג	__	{{מ:פסוק|בראשית|ד|ג}}	{{נוסח|וַֽיְהִ֖י|ל=וַֽיְהִ֖י בגעיה ימנית}} מִקֵּ֣ץ יָמִ֑ים וַיָּבֵ֨א קַ֜יִן מִפְּרִ֧י {{נוסח|הָֽאֲדָמָ֛ה|ל=הָֽאֲדָמָ֛ה בגעיה ימנית}} מִנְחָ֖ה לַֽיהֹוָֽה׃
ספר בראשית/ד	ד	__	{{מ:פסוק|בראשית|ד|ד}}	וְהֶ֨בֶל הֵבִ֥יא גַם־ה֛וּא מִבְּכֹר֥וֹת צֹאנ֖וֹ וּמֵֽחֶלְבֵהֶ֑ן וַיִּ֣שַׁע יְהֹוָ֔ה אֶל־הֶ֖בֶל וְאֶל־מִנְחָתֽוֹ׃
ספר בראשית/ד	ה	__	{{מ:פסוק|בראשית|ד|ה}}	וְאֶל־קַ֥יִן וְאֶל־מִנְחָת֖וֹ לֹ֣א שָׁעָ֑ה וַיִּ֤חַר לְקַ֙יִן֙ מְאֹ֔ד וַֽיִּפְּל֖וּ פָּנָֽיו׃
ספר בראשית/ד	ו	__	{{מ:פסוק|בראשית|ד|ו}}	וַיֹּ֥אמֶר יְהֹוָ֖ה אֶל־קָ֑יִן לָ֚מָּה חָ֣רָה לָ֔ךְ וְלָ֖מָּה נָפְל֥וּ פָנֶֽיךָ׃
ספר בראשית/ד	ז	__	{{מ:פסוק|בראשית|ד|ז}}	הֲל֤וֹא אִם־תֵּיטִיב֙ שְׂאֵ֔ת וְאִם֙ לֹ֣א תֵיטִ֔יב לַפֶּ֖תַח חַטָּ֣את רֹבֵ֑ץ וְאֵלֶ֙יךָ֙ תְּשׁ֣וּקָת֔וֹ וְאַתָּ֖ה תִּמְשׇׁל־בּֽוֹ׃
ספר בראשית/ד	ח	__	{{מ:פסוק|בראשית|ד|ח}}	וַיֹּ֥אמֶר קַ֖יִן אֶל־הֶ֣בֶל אָחִ֑יו וַֽיְהִי֙ בִּהְיוֹתָ֣ם בַּשָּׂדֶ֔ה וַיָּ֥קׇם קַ֛יִן אֶל־הֶ֥בֶל אָחִ֖יו וַיַּהַרְגֵֽהוּ׃
ספר בראשית/ד	ט	__	{{מ:פסוק|בראשית|ד|ט}}	וַיֹּ֤אמֶר יְהֹוָה֙ אֶל־קַ֔יִן אֵ֖י הֶ֣בֶל אָחִ֑יךָ וַיֹּ֙אמֶר֙ לֹ֣א יָדַ֔עְתִּי הֲשֹׁמֵ֥ר אָחִ֖י אָנֹֽכִי׃
ספר בראשית/ד	י	__	{{מ:פסוק|בראשית|ד|י}}	וַיֹּ֖אמֶר מֶ֣ה עָשִׂ֑יתָ ק֚וֹל דְּמֵ֣י אָחִ֔יךָ צֹעֲקִ֥ים אֵלַ֖י מִן־הָֽאֲדָמָֽה׃
ספר בראשית/ד	יא	__	{{מ:פסוק|בראשית|ד|יא}}	וְעַתָּ֖ה אָר֣וּר אָ֑תָּה מִן־הָֽאֲדָמָה֙ אֲשֶׁ֣ר פָּצְתָ֣ה אֶת־פִּ֔יהָ לָקַ֛חַת אֶת־דְּמֵ֥י אָחִ֖יךָ מִיָּדֶֽךָ׃
ספר בראשית/ד	יב	__	{{מ:פסוק|בראשית|ד|יב}}	כִּ֤י תַֽעֲבֹד֙ אֶת־הָ֣אֲדָמָ֔ה לֹֽא־תֹסֵ֥ף תֵּת־כֹּחָ֖הּ לָ֑ךְ נָ֥ע וָנָ֖ד תִּֽהְיֶ֥ה בָאָֽרֶץ׃
ספר בראשית/ד	יג	__	{{מ:פסוק|בראשית|ד|יג}}	"וַיֹּ֥אמֶר קַ֖יִן אֶל־יְהֹוָ֑ה גָּד֥וֹל עֲוֺנִ֖י {{נוסח|מִנְּשֹֽׂא|=א(ס)ל וכך בספרי תימן|רמ""ה=מִנְּשֽׂוֹא (כתיב מלא וי""ו) וכן הוא בספרי ספרד ואשכנז}}{{גודל גופן|2|{{הערה|בספרי ספרד ואשכנז מִנְּשֽׂוֹא}}}}׃"
ספר בראשית/ד	יד	__	{{מ:פסוק|בראשית|ד|יד}}	הֵן֩ גֵּרַ֨שְׁתָּ אֹתִ֜י הַיּ֗וֹם מֵעַל֙ פְּנֵ֣י {{נוסח|הָֽאֲדָמָ֔ה|ל=הָֽאֲדָמָ֔ה בגעיה ימנית}} וּמִפָּנֶ֖יךָ אֶסָּתֵ֑ר וְהָיִ֜יתִי נָ֤ע וָנָד֙ בָּאָ֔רֶץ וְהָיָ֥ה כׇל־מֹצְאִ֖י יַֽהַרְגֵֽנִי׃
ספר בראשית/ד	טו	__	{{מ:פסוק|בראשית|ד|טו}}	וַיֹּ֧אמֶר ל֣וֹ יְהֹוָ֗ה לָכֵן֙ כׇּל־הֹרֵ֣ג קַ֔יִן שִׁבְעָתַ֖יִם יֻקָּ֑ם וַיָּ֨שֶׂם יְהֹוָ֤ה לְקַ֙יִן֙ א֔וֹת לְבִלְתִּ֥י הַכּוֹת־אֹת֖וֹ כׇּל־מֹצְאֽוֹ׃
ספר בראשית/ד	טז	__	{{מ:פסוק|בראשית|ד|טז}}	וַיֵּ֥צֵא קַ֖יִן מִלִּפְנֵ֣י יְהֹוָ֑ה וַיֵּ֥שֶׁב בְּאֶֽרֶץ־נ֖וֹד קִדְמַת־עֵֽדֶן׃
ספר בראשית/ד	יז	__	{{מ:פסוק|בראשית|ד|יז}}	וַיֵּ֤דַע קַ֙יִן֙ אֶת־אִשְׁתּ֔וֹ וַתַּ֖הַר וַתֵּ֣לֶד אֶת־חֲנ֑וֹךְ וַֽיְהִי֙ בֹּ֣נֶה עִ֔יר וַיִּקְרָא֙ שֵׁ֣ם הָעִ֔יר כְּשֵׁ֖ם בְּנ֥וֹ חֲנֽוֹךְ׃
ספר בראשית/ד	יח	__	{{מ:פסוק|בראשית|ד|יח}}	וַיִּוָּלֵ֤ד לַֽחֲנוֹךְ֙ אֶת־עִירָ֔ד וְעִירָ֕ד יָלַ֖ד אֶת־מְחֽוּיָאֵ֑ל {{נוסח|וּמְחִיָּיאֵ֗ל|=דפוסים|ל=וּמְחִיּיָאֵ֗ל (מקום הקמץ!)|הערות ברויאר (במהדורתו האחרונה) ודותן}} יָלַד֙ אֶת־מְת֣וּשָׁאֵ֔ל וּמְתוּשָׁאֵ֖ל יָלַ֥ד אֶת־לָֽמֶךְ׃
ספר בראשית/ד	יט	__	{{מ:פסוק|בראשית|ד|יט|עלייה=חמישי}}	וַיִּֽקַּֽח־ל֥וֹ לֶ֖מֶךְ שְׁתֵּ֣י נָשִׁ֑ים שֵׁ֤ם הָֽאַחַת֙ עָדָ֔ה וְשֵׁ֥ם הַשֵּׁנִ֖ית צִלָּֽה׃
ספר בראשית/ד	כ	__	{{מ:פסוק|בראשית|ד|כ}}	וַתֵּ֥לֶד עָדָ֖ה אֶת־יָבָ֑ל ה֣וּא הָיָ֔ה אֲבִ֕י יֹשֵׁ֥ב אֹ֖הֶל וּמִקְנֶֽה׃
ספר בראשית/ד	כא	__	{{מ:פסוק|בראשית|ד|כא}}	וְשֵׁ֥ם אָחִ֖יו יוּבָ֑ל ה֣וּא הָיָ֔ה אֲבִ֕י כׇּל־תֹּפֵ֥שׂ כִּנּ֖וֹר וְעוּגָֽב׃
ספר בראשית/ד	כב	__	{{מ:פסוק|בראשית|ד|כב}}	וְצִלָּ֣ה גַם־הִ֗וא יָֽלְדָה֙ אֶת־תּ֣וּבַל קַ֔יִן לֹטֵ֕שׁ כׇּל־חֹרֵ֥שׁ נְחֹ֖שֶׁת וּבַרְזֶ֑ל וַֽאֲח֥וֹת תּֽוּבַל־קַ֖יִן נַֽעֲמָֽה׃
ספר בראשית/ד	כג	__	{{מ:פסוק|בראשית|ד|כג}}	וַיֹּ֨אמֶר לֶ֜מֶךְ לְנָשָׁ֗יו עָדָ֤ה וְצִלָּה֙ שְׁמַ֣עַן קוֹלִ֔י נְשֵׁ֣י לֶ֔מֶךְ {{נוסח|הַאְזֵ֖נָּה|=א(ס)ל|דפוסים=הַֽאְזֵ֖נָּה (בגעיה)}} אִמְרָתִ֑י כִּ֣י אִ֤ישׁ הָרַ֙גְתִּי֙ לְפִצְעִ֔י וְיֶ֖לֶד לְחַבֻּרָתִֽי׃
ספר בראשית/ד	כד	__	{{מ:פסוק|בראשית|ד|כד}}	כִּ֥י שִׁבְעָתַ֖יִם יֻקַּם־קָ֑יִן וְלֶ֖מֶךְ שִׁבְעִ֥ים וְשִׁבְעָֽה׃
ספר בראשית/ד	כה	__	{{מ:פסוק|בראשית|ד|כה}}	וַיֵּ֨דַע אָדָ֥ם עוֹד֙ אֶת־אִשְׁתּ֔וֹ וַתֵּ֣לֶד בֵּ֔ן וַתִּקְרָ֥א אֶת־שְׁמ֖וֹ שֵׁ֑ת כִּ֣י שָֽׁת־לִ֤י אֱלֹהִים֙ זֶ֣רַע אַחֵ֔ר תַּ֣חַת הֶ֔בֶל כִּ֥י הֲרָג֖וֹ קָֽיִן׃
ספר בראשית/ד	כו	__	{{מ:פסוק|בראשית|ד|כו}}	וּלְשֵׁ֤ת גַּם־הוּא֙ יֻלַּד־בֵּ֔ן וַיִּקְרָ֥א אֶת־שְׁמ֖וֹ אֱנ֑וֹשׁ אָ֣ז הוּחַ֔ל לִקְרֹ֖א בְּשֵׁ֥ם יְהֹוָֽה׃
ספר בראשית/ד	תתת	<noinclude>//{{תבנית:משתמש:Dovi/טעמי המקרא-סוף}}//{{מ:שוליים-סוף}}//==הפרק בלי מספרים==//{{תבנית:משתמש:Dovi/טעמי המקרא}}//{{#בלי קטע:{{שם הדף המלא}}|סימן}}//{{תבנית:משתמש:Dovi/טעמי המקרא-סוף}}//==הערות==//{{תבנית:משתמש:Dovi/טעמי המקרא}}//<references/>//{{תבנית:משתמש:Dovi/טעמי המקרא-סוף}}</noinclude>		
ספר בראשית/ה	0	<noinclude>{{תבנית:טעמי המקרא באינטרנט (עליון)}}//{{מ:שוליים|5}}//{{תבנית:משתמש:Dovi/טעמי המקרא}}//</noinclude>		
ספר בראשית/ה	א	{{נוסח|{{סס}}|ל=פרשה פתוחה}}	{{מ:פסוק|בראשית|ה|א|סדר=ד|עלייה=ששי}}	"זֶ֣ה סֵ֔פֶר{{גודל גופן|2|{{הערה|בספרי תימן {{מ:אות-ג|סֵ֔}}פֶר בסמ""ך גדולה}}}} תּוֹלְדֹ֖ת אָדָ֑ם בְּי֗וֹם בְּרֹ֤א אֱלֹהִים֙ אָדָ֔ם בִּדְמ֥וּת אֱלֹהִ֖ים עָשָׂ֥ה אֹתֽוֹ׃"
ספר בראשית/ה	ב	__	{{מ:פסוק|בראשית|ה|ב}}	זָכָ֥ר וּנְקֵבָ֖ה בְּרָאָ֑ם וַיְבָ֣רֶךְ אֹתָ֗ם וַיִּקְרָ֤א אֶת־שְׁמָם֙ אָדָ֔ם בְּי֖וֹם הִבָּֽרְאָֽם׃
ספר בראשית/ה	ג	{{נוסח|__|ל=פרשה סתומה}}	{{מ:פסוק|בראשית|ה|ג}}	"{{נוסח|וַֽיְחִ֣י|=ל (בגעיה ימנית)|ברויאר מחק את הגעיה (וַיְחִ֣י) ע""פ כתי""ל1}} אָדָ֗ם שְׁלֹשִׁ֤ים וּמְאַת֙ שָׁנָ֔ה וַיּ֥וֹלֶד בִּדְמוּת֖וֹ כְּצַלְמ֑וֹ וַיִּקְרָ֥א אֶת־שְׁמ֖וֹ שֵֽׁת׃"
ספר בראשית/ה	ד	__	{{מ:פסוק|בראשית|ה|ד}}	וַיִּֽהְי֣וּ יְמֵי־אָדָ֗ם {{נוסח|אַֽחֲרֵי֙|ל=אַֽחֲרֵי֙ בגעיה ימנית}} הוֹלִיד֣וֹ אֶת־שֵׁ֔ת שְׁמֹנֶ֥ה מֵאֹ֖ת שָׁנָ֑ה וַיּ֥וֹלֶד בָּנִ֖ים וּבָנֽוֹת׃
ספר בראשית/ה	ה	__	{{מ:פסוק|בראשית|ה|ה}}	וַיִּֽהְי֞וּ כׇּל־יְמֵ֤י אָדָם֙ אֲשֶׁר־חַ֔י תְּשַׁ֤ע מֵאוֹת֙ שָׁנָ֔ה וּשְׁלֹשִׁ֖ים שָׁנָ֑ה וַיָּמֹֽת׃
ספר בראשית/ה	ו	//{{סס}}	{{מ:פסוק|בראשית|ה|ו}}	{{נוסח|וַֽיְחִי־שֵׁ֕ת|ל=וַֽיְחִי־שֵׁ֕ת בגעיה ימנית}} חָמֵ֥שׁ שָׁנִ֖ים וּמְאַ֣ת שָׁנָ֑ה וַיּ֖וֹלֶד אֶת־אֱנֽוֹשׁ׃
ספר בראשית/ה	ז	__	{{מ:פסוק|בראשית|ה|ז}}	{{נוסח|וַֽיְחִי־שֵׁ֗ת|ל=וַֽיְחִי־שֵׁ֗ת בגעיה ימנית}} {{נוסח|אַֽחֲרֵי֙|ל=אַֽחֲרֵי֙ בגעיה ימנית}} הוֹלִיד֣וֹ אֶת־אֱנ֔וֹשׁ שֶׁ֣בַע שָׁנִ֔ים וּשְׁמֹנֶ֥ה מֵא֖וֹת שָׁנָ֑ה וַיּ֥וֹלֶד בָּנִ֖ים וּבָנֽוֹת׃
ספר בראשית/ה	ח	__	{{מ:פסוק|בראשית|ה|ח}}	וַיִּֽהְיוּ֙ כׇּל־יְמֵי־שֵׁ֔ת שְׁתֵּ֤ים עֶשְׂרֵה֙ שָׁנָ֔ה וּתְשַׁ֥ע מֵא֖וֹת שָׁנָ֑ה וַיָּמֹֽת׃
ספר בראשית/ה	ט	//{{סס}}	{{מ:פסוק|בראשית|ה|ט}}	"{{נוסח|וַֽיְחִ֥י|ל=וַֽיְחִ֥י בגעיה ימנית|ברויאר מחק את הגעיה (וַיְחִ֥י) ע""פ כתי""ל1}} אֱנ֖וֹשׁ תִּשְׁעִ֣ים שָׁנָ֑ה וַיּ֖וֹלֶד אֶת־קֵינָֽן׃"
ספר בראשית/ה	י	__	{{מ:פסוק|בראשית|ה|י}}	"{{נוסח|וַֽיְחִ֣י|ל=וַֽיְחִ֣י (בגעיה שהיא ימנית)|ברויאר מחק את הגעיה (וַיְחִ֣י) ע""פ כתי""ל1}} אֱנ֗וֹשׁ {{נוסח|אַֽחֲרֵי֙|ל=אַֽחֲרֵי֙ בגעיה ימנית}} הוֹלִיד֣וֹ אֶת־קֵינָ֔ן חֲמֵ֤שׁ עֶשְׂרֵה֙ שָׁנָ֔ה וּשְׁמֹנֶ֥ה מֵא֖וֹת שָׁנָ֑ה וַיּ֥וֹלֶד בָּנִ֖ים וּבָנֽוֹת׃"
ספר בראשית/ה	יא	__	{{מ:פסוק|בראשית|ה|יא}}	וַיִּֽהְיוּ֙ כׇּל־יְמֵ֣י אֱנ֔וֹשׁ חָמֵ֣שׁ שָׁנִ֔ים וּתְשַׁ֥ע מֵא֖וֹת שָׁנָ֑ה וַיָּמֹֽת׃
ספר בראשית/ה	יב	//{{סס}}	{{מ:פסוק|בראשית|ה|יב}}	"{{נוסח|וַֽיְחִ֥י|ל=וַֽיְחִ֥י (בגעיה ימנית)|ברויאר מחק את הגעיה (וַיְחִ֥י) ע""פ כתי""ל1}} קֵינָ֖ן שִׁבְעִ֣ים שָׁנָ֑ה וַיּ֖וֹלֶד {{נוסח|אֶת־מַֽהֲלַלְאֵֽל|ל=אֶת־מַֽהֲלַלְאֵֽל בגעיה ימנית}}׃"
ספר בראשית/ה	יג	__	{{מ:פסוק|בראשית|ה|יג}}	וַיְחִ֣י קֵינָ֗ן אַחֲרֵי֙ הוֹלִיד֣וֹ {{נוסח|אֶת־מַֽהֲלַלְאֵ֔ל|ל=אֶת־מַֽהֲלַלְאֵ֔ל בגעיה ימנית}} אַרְבָּעִ֣ים שָׁנָ֔ה וּשְׁמֹנֶ֥ה מֵא֖וֹת שָׁנָ֑ה וַיּ֥וֹלֶד בָּנִ֖ים וּבָנֽוֹת׃
ספר בראשית/ה	יד	__	{{מ:פסוק|בראשית|ה|יד}}	וַיִּֽהְיוּ֙ כׇּל־יְמֵ֣י קֵינָ֔ן עֶ֣שֶׂר שָׁנִ֔ים וּתְשַׁ֥ע מֵא֖וֹת שָׁנָ֑ה וַיָּמֹֽת׃
ספר בראשית/ה	טו	//{{סס}}	{{מ:פסוק|בראשית|ה|טו}}	"{{נוסח|וַֽיְחִ֣י|ל=וַֽיְחִ֣י (בגעיה ימנית)|ברויאר מחק את הגעיה (וַיְחִ֣י) ע""פ כתי""ל1}} {{נוסח|מַֽהֲלַלְאֵ֔ל|ל=מַֽהֲלַלְאֵ֔ל בגעיה ימנית}} חָמֵ֥שׁ שָׁנִ֖ים וְשִׁשִּׁ֣ים שָׁנָ֑ה וַיּ֖וֹלֶד אֶת־יָֽרֶד׃"
ספר בראשית/ה	טז	__	{{מ:פסוק|בראשית|ה|טז}}	"{{נוסח|וַֽיְחִ֣י|ל=וַֽיְחִ֣י (בגעיה ימנית)|ברויאר מחק את הגעיה (וַיְחִ֣י) ע""פ כתי""ל1}} {{נוסח|מַֽהֲלַלְאֵ֗ל|ל=מַֽהֲלַלְאֵ֗ל בגעיה ימנית}} {{נוסח|אַֽחֲרֵי֙|ל=אַֽחֲרֵי֙ בגעיה ימנית}} הוֹלִיד֣וֹ אֶת־יֶ֔רֶד שְׁלֹשִׁ֣ים שָׁנָ֔ה וּשְׁמֹנֶ֥ה מֵא֖וֹת שָׁנָ֑ה וַיּ֥וֹלֶד בָּנִ֖ים וּבָנֽוֹת׃"
ספר בראשית/ה	יז	__	{{מ:פסוק|בראשית|ה|יז}}	וַיִּהְיוּ֙ כׇּל־יְמֵ֣י מַהֲלַלְאֵ֔ל חָמֵ֤שׁ וְתִשְׁעִים֙ שָׁנָ֔ה וּשְׁמֹנֶ֥ה מֵא֖וֹת שָׁנָ֑ה וַיָּמֹֽת׃
ספר בראשית/ה	יח	//{{סס}}	{{מ:פסוק|בראשית|ה|יח}}	{{נוסח|וַֽיְחִי־יֶ֕רֶד|ל=וַֽיְחִי־יֶ֕רֶד בגעיה ימנית}} שְׁתַּ֧יִם וְשִׁשִּׁ֛ים שָׁנָ֖ה וּמְאַ֣ת שָׁנָ֑ה וַיּ֖וֹלֶד אֶת־חֲנֽוֹךְ׃
ספר בראשית/ה	יט	__	{{מ:פסוק|בראשית|ה|יט}}	{{נוסח|וַֽיְחִי־יֶ֗רֶד|ל=וַֽיְחִי־יֶ֗רֶד בגעיה ימנית}} {{נוסח|אַֽחֲרֵי֙|ל=אַֽחֲרֵי֙ בגעיה ימנית}} הוֹלִיד֣וֹ אֶת־חֲנ֔וֹךְ שְׁמֹנֶ֥ה מֵא֖וֹת שָׁנָ֑ה וַיּ֥וֹלֶד בָּנִ֖ים וּבָנֽוֹת׃
ספר בראשית/ה	כ	__	{{מ:פסוק|בראשית|ה|כ}}	וַיִּֽהְיוּ֙ כׇּל־יְמֵי־יֶ֔רֶד שְׁתַּ֤יִם וְשִׁשִּׁים֙ שָׁנָ֔ה וּתְשַׁ֥ע מֵא֖וֹת שָׁנָ֑ה וַיָּמֹֽת׃
ספר בראשית/ה	כא	//{{נוסח|{{סס}}|ל=פרשה פתוחה}}	{{מ:פסוק|בראשית|ה|כא}}	{{נוסח|וַֽיְחִ֣י|ל=וַֽיְחִ֣י בגעיה ימנית}} חֲנ֔וֹךְ חָמֵ֥שׁ וְשִׁשִּׁ֖ים שָׁנָ֑ה וַיּ֖וֹלֶד אֶת־מְתוּשָֽׁלַח׃
ספר בראשית/ה	כב	__	{{מ:פסוק|בראשית|ה|כב}}	וַיִּתְהַלֵּ֨ךְ חֲנ֜וֹךְ {{נוסח|אֶת־הָֽאֱלֹהִ֗ים|ל=אֶת־הָֽאֱלֹהִ֗ים בגעיה ימנית}} {{נוסח|אַֽחֲרֵי֙|ל=אַֽחֲרֵי֙ בגעיה ימנית}} הוֹלִיד֣וֹ אֶת־מְתוּשֶׁ֔לַח שְׁלֹ֥שׁ מֵא֖וֹת שָׁנָ֑ה וַיּ֥וֹלֶד בָּנִ֖ים וּבָנֽוֹת׃
ספר בראשית/ה	כג	__	{{מ:פסוק|בראשית|ה|כג}}	וַיְהִ֖י כׇּל־יְמֵ֣י חֲנ֑וֹךְ חָמֵ֤שׁ וְשִׁשִּׁים֙ שָׁנָ֔ה וּשְׁלֹ֥שׁ מֵא֖וֹת שָׁנָֽה׃
ספר בראשית/ה	כד	__	{{מ:פסוק|בראשית|ה|כד}}	וַיִּתְהַלֵּ֥ךְ חֲנ֖וֹךְ {{נוסח|אֶת־הָֽאֱלֹהִ֑ים|ל=אֶת־הָֽאֱלֹהִ֑ים בגעיה ימנית}} וְאֵינֶ֕נּוּ כִּֽי־לָקַ֥ח אֹת֖וֹ אֱלֹהִֽים׃
ספר בראשית/ה	כה	//{{נוסח|{{סס}}|ל=פרשה פתוחה}}	{{מ:פסוק|בראשית|ה|כה|עלייה=שביעי}}	וַיְחִ֣י מְתוּשֶׁ֔לַח שֶׁ֧בַע וּשְׁמֹנִ֛ים שָׁנָ֖ה וּמְאַ֣ת שָׁנָ֑ה וַיּ֖וֹלֶד אֶת־לָֽמֶךְ׃
ספר בראשית/ה	כו	__	{{מ:פסוק|בראשית|ה|כו}}	"{{נוסח|וַֽיְחִ֣י|ל=וַֽיְחִ֣י בגעיה ימנית|ברויאר מחק את הגעיה (וַיְחִ֣י) ע""פ כתי""ל1}} מְתוּשֶׁ֗לַח {{נוסח|אַֽחֲרֵי֙|ל=אַֽחֲרֵי֙ בגעיה ימנית}} הוֹלִיד֣וֹ אֶת־לֶ֔מֶךְ שְׁתַּ֤יִם וּשְׁמוֹנִים֙ שָׁנָ֔ה וּשְׁבַ֥ע מֵא֖וֹת שָׁנָ֑ה וַיּ֥וֹלֶד בָּנִ֖ים וּבָנֽוֹת׃"
ספר בראשית/ה	כז	__	{{מ:פסוק|בראשית|ה|כז}}	וַיִּהְיוּ֙ כׇּל־יְמֵ֣י מְתוּשֶׁ֔לַח תֵּ֤שַׁע וְשִׁשִּׁים֙ שָׁנָ֔ה וּתְשַׁ֥ע מֵא֖וֹת שָׁנָ֑ה וַיָּמֹֽת׃
ספר בראשית/ה	כח	//{{נוסח|{{סס}}|ל=פרשה פתוחה}}	{{מ:פסוק|בראשית|ה|כח}}	{{נוסח|וַֽיְחִי־לֶ֕מֶךְ|ל=וַֽיְחִי־לֶ֕מֶךְ בגעיה ימנית}} שְׁתַּ֧יִם וּשְׁמֹנִ֛ים שָׁנָ֖ה וּמְאַ֣ת שָׁנָ֑ה וַיּ֖וֹלֶד בֵּֽן׃
ספר בראשית/ה	כט	__	{{מ:פסוק|בראשית|ה|כט}}	"וַיִּקְרָ֧א אֶת־שְׁמ֛וֹ נֹ֖חַ לֵאמֹ֑ר {{נוסח|זֶ{{שני טעמים באות אחת|֞|֠}}ה|=ל ושיטת-א (גרשיים ותלישא גדולה באות הראשונה <זֶ֞֠ה>) כי טעם הגרשיים קודם לקריאה. וכן הוא בדותן ו-BHS ואצל המקליד מאז גירסה 4.20, כולם לפי כתי""ל (וציון כתי""ל ברשימת ברויאר), וכן הוא במג""ה לפי הכתר. אמנם א(ס)=<ז֠ה֞ תרי טעמי? כן>.|דפוסים וקורן=<זֶ{{שני טעמים באות אחת|֠|֞}}ה>, <זֶ֠֞ה> (תלישא גדולה וגרשיים) כי המקום הראוי לתלישא גדולה בתחילת האות הראשונה; וכן במהדורת ברויאר.}} יְנַחֲמֵ֤נוּ מִֽמַּעֲשֵׂ֙נוּ֙ וּמֵעִצְּב֣וֹן יָדֵ֔ינוּ מִן־הָ֣אֲדָמָ֔ה אֲשֶׁ֥ר {{נוסח|אֵֽרְרָ֖הּ|ל=אֵֽרְרָ֖הּ בגעיה ימנית}} יְהֹוָֽה׃"
ספר בראשית/ה	ל	__	{{מ:פסוק|בראשית|ה|ל}}	{{נוסח|וַֽיְחִי־לֶ֗מֶךְ|ל=וַֽיְחִי־לֶ֗מֶךְ בגעיה ימנית}} {{נוסח|אַֽחֲרֵי֙|ל=אַֽחֲרֵי֙ בגעיה ימנית}} הוֹלִיד֣וֹ אֶת־נֹ֔חַ חָמֵ֤שׁ וְתִשְׁעִים֙ שָׁנָ֔ה וַחֲמֵ֥שׁ מֵאֹ֖ת שָׁנָ֑ה וַיּ֥וֹלֶד בָּנִ֖ים וּבָנֽוֹת׃
ספר בראשית/ה	לא	__	{{מ:פסוק|בראשית|ה|לא}}	{{נוסח|וַֽיְהִי֙|ל=וַֽיְהִי֙ בגעיה ימנית}} כׇּל־יְמֵי־לֶ֔מֶךְ שֶׁ֤בַע וְשִׁבְעִים֙ שָׁנָ֔ה וּשְׁבַ֥ע מֵא֖וֹת שָׁנָ֑ה וַיָּמֹֽת׃
ספר בראשית/ה	לב	//{{סס}}	{{מ:פסוק|בראשית|ה|לב}}	{{נוסח|וַֽיְהִי־נֹ֕חַ|ל=וַֽיְהִי־נֹ֕חַ בגעיה ימנית}} בֶּן־חֲמֵ֥שׁ מֵא֖וֹת שָׁנָ֑ה וַיּ֣וֹלֶד נֹ֔חַ אֶת־שֵׁ֖ם אֶת־חָ֥ם וְאֶת־יָֽפֶת׃
ספר בראשית/ה	תתת	<noinclude>//{{תבנית:משתמש:Dovi/טעמי המקרא-סוף}}//{{מ:שוליים-סוף}}//==הפרק בלי מספרים==//{{תבנית:משתמש:Dovi/טעמי המקרא}}//{{#בלי קטע:{{שם הדף המלא}}|סימן}}//{{תבנית:משתמש:Dovi/טעמי המקרא-סוף}}//==הערות==//{{תבנית:משתמש:Dovi/טעמי המקרא}}//<references/>//{{תבנית:משתמש:Dovi/טעמי המקרא-סוף}}</noinclude>		
ספר בראשית/ו	0	<noinclude>{{תבנית:טעמי המקרא באינטרנט (עליון)}}//{{מ:שוליים|5}}//{{תבנית:משתמש:Dovi/טעמי המקרא}}//</noinclude>		
ספר בראשית/ו	א	{{מ:אין פרשה בתחילת פרק}}	{{מ:פסוק|בראשית|ו|א}}	וַֽיְהִי֙ כִּֽי־הֵחֵ֣ל הָֽאָדָ֔ם לָרֹ֖ב עַל־פְּנֵ֣י {{נוסח|הָֽאֲדָמָ֑ה|ל=הָֽאֲדָמָ֑ה בגעיה ימנית}} וּבָנ֖וֹת יֻלְּד֥וּ לָהֶֽם׃
ספר בראשית/ו	ב	__	{{מ:פסוק|בראשית|ו|ב}}	וַיִּרְא֤וּ בְנֵי־הָֽאֱלֹהִים֙ אֶת־בְּנ֣וֹת הָֽאָדָ֔ם כִּ֥י טֹבֹ֖ת הֵ֑נָּה וַיִּקְח֤וּ לָהֶם֙ נָשִׁ֔ים מִכֹּ֖ל אֲשֶׁ֥ר בָּחָֽרוּ׃
ספר בראשית/ו	ג	__	{{מ:פסוק|בראשית|ו|ג}}	וַיֹּ֣אמֶר יְהֹוָ֗ה לֹֽא־יָד֨וֹן רוּחִ֤י בָֽאָדָם֙ לְעֹלָ֔ם בְּשַׁגַּ֖ם ה֣וּא בָשָׂ֑ר וְהָי֣וּ יָמָ֔יו מֵאָ֥ה וְעֶשְׂרִ֖ים שָׁנָֽה׃
ספר בראשית/ו	ד	__	{{מ:פסוק|בראשית|ו|ד}}	הַנְּפִלִ֞ים הָי֣וּ בָאָ֘רֶץ֮ בַּיָּמִ֣ים הָהֵם֒ וְגַ֣ם אַֽחֲרֵי־כֵ֗ן אֲשֶׁ֨ר יָבֹ֜אוּ בְּנֵ֤י הָֽאֱלֹהִים֙ אֶל־בְּנ֣וֹת הָֽאָדָ֔ם וְיָלְד֖וּ לָהֶ֑ם הֵ֧מָּה הַגִּבֹּרִ֛ים אֲשֶׁ֥ר מֵעוֹלָ֖ם אַנְשֵׁ֥י הַשֵּֽׁם׃
ספר בראשית/ו	ה	//{{פפ}}//	{{מ:פסוק|בראשית|ו|ה|עלייה=מפטיר}}	וַיַּ֣רְא יְהֹוָ֔ה כִּ֥י רַבָּ֛ה רָעַ֥ת הָאָדָ֖ם בָּאָ֑רֶץ וְכׇל־יֵ֙צֶר֙ מַחְשְׁבֹ֣ת לִבּ֔וֹ רַ֥ק רַ֖ע כׇּל־הַיּֽוֹם׃
ספר בראשית/ו	ו	__	{{מ:פסוק|בראשית|ו|ו}}	וַיִּנָּ֣חֶם יְהֹוָ֔ה כִּֽי־עָשָׂ֥ה אֶת־הָֽאָדָ֖ם בָּאָ֑רֶץ וַיִּתְעַצֵּ֖ב אֶל־לִבּֽוֹ׃
ספר בראשית/ו	ז	__	{{מ:פסוק|בראשית|ו|ז}}	וַיֹּ֣אמֶר יְהֹוָ֗ה אֶמְחֶ֨ה אֶת־הָאָדָ֤ם אֲשֶׁר־בָּרָ֙אתִי֙ מֵעַל֙ פְּנֵ֣י {{נוסח|הָֽאֲדָמָ֔ה|ל=הָֽאֲדָמָ֔ה בגעיה ימנית}} {{נוסח|מֵֽאָדָם֙|ל=מֵֽאָדָם֙ בגעיה ימנית}} עַד־בְּהֵמָ֔ה עַד־רֶ֖מֶשׂ וְעַד־ע֣וֹף הַשָּׁמָ֑יִם כִּ֥י נִחַ֖מְתִּי כִּ֥י עֲשִׂיתִֽם׃
ספר בראשית/ו	ח	__	{{מ:פסוק|בראשית|ו|ח}}	וְנֹ֕חַ מָ֥צָא חֵ֖ן בְּעֵינֵ֥י יְהֹוָֽה׃
ספר בראשית/ו	ט	//{{פפ}}//	{{מ:פסוק|בראשית|ו|ט|סדר=ה|עלייה='''נֹח'''}}	אֵ֚לֶּה תּוֹלְדֹ֣ת נֹ֔חַ נֹ֗חַ אִ֥ישׁ צַדִּ֛יק תָּמִ֥ים הָיָ֖ה בְּדֹֽרֹתָ֑יו אֶת־הָֽאֱלֹהִ֖ים הִֽתְהַלֶּךְ־נֹֽחַ׃
ספר בראשית/ו	י	__	{{מ:פסוק|בראשית|ו|י}}	וַיּ֥וֹלֶד נֹ֖חַ שְׁלֹשָׁ֣ה בָנִ֑ים אֶת־שֵׁ֖ם אֶת־חָ֥ם וְאֶת־יָֽפֶת׃
ספר בראשית/ו	יא	__	{{מ:פסוק|בראשית|ו|יא}}	וַתִּשָּׁחֵ֥ת הָאָ֖רֶץ לִפְנֵ֣י הָֽאֱלֹהִ֑ים וַתִּמָּלֵ֥א הָאָ֖רֶץ חָמָֽס׃
ספר בראשית/ו	יב	__	{{מ:פסוק|בראשית|ו|יב}}	וַיַּ֧רְא אֱלֹהִ֛ים אֶת־הָאָ֖רֶץ וְהִנֵּ֣ה נִשְׁחָ֑תָה כִּֽי־הִשְׁחִ֧ית כׇּל־בָּשָׂ֛ר אֶת־דַּרְכּ֖וֹ עַל־הָאָֽרֶץ׃
ספר בראשית/ו	יג	//{{סס}}	{{מ:פסוק|בראשית|ו|יג}}	וַיֹּ֨אמֶר אֱלֹהִ֜ים לְנֹ֗חַ קֵ֤ץ כׇּל־בָּשָׂר֙ בָּ֣א לְפָנַ֔י כִּֽי־מָלְאָ֥ה הָאָ֛רֶץ חָמָ֖ס מִפְּנֵיהֶ֑ם וְהִנְנִ֥י מַשְׁחִיתָ֖ם אֶת־הָאָֽרֶץ׃
ספר בראשית/ו	יד	__	{{מ:פסוק|בראשית|ו|יד}}	עֲשֵׂ֤ה לְךָ֙ תֵּבַ֣ת עֲצֵי־גֹ֔פֶר קִנִּ֖ים {{נוסח|תַּֽעֲשֶׂ֣ה|ל=תַּֽעֲשֶׂ֣ה בגעיה ימנית}} אֶת־הַתֵּבָ֑ה וְכָֽפַרְתָּ֥ אֹתָ֛הּ מִבַּ֥יִת וּמִח֖וּץ בַּכֹּֽפֶר׃
ספר בראשית/ו	טו	__	{{מ:פסוק|בראשית|ו|טו}}	וְזֶ֕ה אֲשֶׁ֥ר תַּֽעֲשֶׂ֖ה אֹתָ֑הּ שְׁלֹ֧שׁ מֵא֣וֹת אַמָּ֗ה אֹ֚רֶךְ הַתֵּבָ֔ה חֲמִשִּׁ֤ים אַמָּה֙ רׇחְבָּ֔הּ וּשְׁלֹשִׁ֥ים אַמָּ֖ה קוֹמָתָֽהּ׃
ספר בראשית/ו	טז	__	{{מ:פסוק|בראשית|ו|טז}}	"צֹ֣הַר{{מ:לגרמיה}}{{נוסח|תַּֽעֲשֶׂ֣ה|=ל (וכן דעתו של המקליד מגירסה 4.12). יש טשטוש בגעיה הימנית אבל רואים אותה היטב.|אבל לפי ברויאר ודותן ל=תַּעֲשֶׂ֣ה (אין געיה)}} לַתֵּבָ֗ה וְאֶל־אַמָּה֙ {{נוסח|תְּכַלֶּ֣נָּה|=ל? ובדפוסים|הקלדה=תְּכַלֶ֣נָּה (חסר דגש בלמ""ד; אמנם מעיון בכתי""ל הדגש אולי נראה קצת, אבל יותר נראה שהצדק עם המקליד ואין דגש)|הערת המקליד}} מִלְמַ֔עְלָה וּפֶ֥תַח הַתֵּבָ֖ה בְּצִדָּ֣הּ תָּשִׂ֑ים תַּחְתִּיִּ֛ם שְׁנִיִּ֥ם וּשְׁלִשִׁ֖ים תַּֽעֲשֶֽׂהָ׃"
ספר בראשית/ו	יז	__	{{מ:פסוק|בראשית|ו|יז|עלייה=[לוי]}}	וַאֲנִ֗י הִנְנִי֩ מֵבִ֨יא אֶת־הַמַּבּ֥וּל מַ֙יִם֙ עַל־הָאָ֔רֶץ לְשַׁחֵ֣ת כׇּל־בָּשָׂ֗ר אֲשֶׁר־בּוֹ֙ ר֣וּחַ חַיִּ֔ים מִתַּ֖חַת הַשָּׁמָ֑יִם כֹּ֥ל אֲשֶׁר־בָּאָ֖רֶץ יִגְוָֽע׃
ספר בראשית/ו	יח	__	{{מ:פסוק|בראשית|ו|יח}}	וַהֲקִמֹתִ֥י אֶת־בְּרִיתִ֖י אִתָּ֑ךְ וּבָאתָ֙ אֶל־הַתֵּבָ֔ה אַתָּ֕ה וּבָנֶ֛יךָ וְאִשְׁתְּךָ֥ וּנְשֵֽׁי־בָנֶ֖יךָ אִתָּֽךְ׃
ספר בראשית/ו	יט	__	{{מ:פסוק|בראשית|ו|יט}}	וּמִכׇּל־הָ֠חַ֠י מִֽכׇּל־בָּשָׂ֞ר שְׁנַ֧יִם מִכֹּ֛ל תָּבִ֥יא אֶל־הַתֵּבָ֖ה לְהַחֲיֹ֣ת אִתָּ֑ךְ זָכָ֥ר וּנְקֵבָ֖ה יִֽהְיֽוּ׃
ספר בראשית/ו	כ	__	{{מ:פסוק|בראשית|ו|כ|עלייה=[ישראל]}}	מֵהָע֣וֹף לְמִינֵ֗הוּ וּמִן־הַבְּהֵמָה֙ לְמִינָ֔הּ מִכֹּ֛ל רֶ֥מֶשׂ {{נוסח|הָֽאֲדָמָ֖ה|ל=הָֽאֲדָמָ֖ה בגעיה ימנית}} לְמִינֵ֑הוּ שְׁנַ֧יִם מִכֹּ֛ל יָבֹ֥אוּ אֵלֶ֖יךָ {{נוסח|לְהַֽחֲיֽוֹת|ל=לְהַֽחֲיֽוֹת בגעיה ימנית}}׃
ספר בראשית/ו	כא	__	{{מ:פסוק|בראשית|ו|כא}}	וְאַתָּ֣ה קַח־לְךָ֗ {{נוסח|מִכׇּל־מַֽאֲכָל֙|ל=מִכׇּל־מַֽאֲכָל֙ בגעיה ימנית}} אֲשֶׁ֣ר {{נוסח|יֵֽאָכֵ֔ל|ל=יֵֽאָכֵ֔ל בגעיה ימנית}} וְאָסַפְתָּ֖ אֵלֶ֑יךָ וְהָיָ֥ה לְךָ֛ וְלָהֶ֖ם לְאׇכְלָֽה׃
ספר בראשית/ו	כב	__	{{מ:פסוק|בראשית|ו|כב}}	וַיַּ֖עַשׂ נֹ֑חַ כְּ֠כֹ֠ל אֲשֶׁ֨ר צִוָּ֥ה אֹת֛וֹ אֱלֹהִ֖ים כֵּ֥ן עָשָֽׂה׃
ספר בראשית/ו	תתת	<noinclude>//{{תבנית:משתמש:Dovi/טעמי המקרא-סוף}}//{{מ:שוליים-סוף}}//==הפרק בלי מספרים==//{{תבנית:משתמש:Dovi/טעמי המקרא}}//{{#בלי קטע:{{שם הדף המלא}}|סימן}}//{{תבנית:משתמש:Dovi/טעמי המקרא-סוף}}</noinclude>		
ספר בראשית/ז	0	<noinclude>{{תבנית:טעמי המקרא באינטרנט (עליון)}}//{{מ:שוליים|5}}//{{תבנית:משתמש:Dovi/טעמי המקרא}}//</noinclude>		
ספר בראשית/ז	א	{{נוסח|{{מ:אין פרשה בתחילת פרק}}|ל=פרשה סתומה}}	{{מ:פסוק|בראשית|ז|א|עלייה=שני}}	וַיֹּ֤אמֶר יְהֹוָה֙ לְנֹ֔חַ בֹּֽא־אַתָּ֥ה וְכׇל־בֵּיתְךָ֖ אֶל־הַתֵּבָ֑ה כִּֽי־אֹתְךָ֥ רָאִ֛יתִי צַדִּ֥יק לְפָנַ֖י בַּדּ֥וֹר הַזֶּֽה׃
ספר בראשית/ז	ב	__	{{מ:פסוק|בראשית|ז|ב}}	מִכֹּ֣ל{{מ:לגרמיה}}הַבְּהֵמָ֣ה הַטְּהוֹרָ֗ה תִּֽקַּח־לְךָ֛ שִׁבְעָ֥ה שִׁבְעָ֖ה אִ֣ישׁ וְאִשְׁתּ֑וֹ וּמִן־הַבְּהֵמָ֡ה אֲ֠שֶׁ֠ר לֹ֣א טְהֹרָ֥ה הִ֛וא שְׁנַ֖יִם אִ֥ישׁ וְאִשְׁתּֽוֹ׃
ספר בראשית/ז	ג	__	{{מ:פסוק|בראשית|ז|ג}}	גַּ֣ם מֵע֧וֹף הַשָּׁמַ֛יִם שִׁבְעָ֥ה שִׁבְעָ֖ה זָכָ֣ר וּנְקֵבָ֑ה לְחַיּ֥וֹת זֶ֖רַע עַל־פְּנֵ֥י כׇל־הָאָֽרֶץ׃
ספר בראשית/ז	ד	__	{{מ:פסוק|בראשית|ז|ד}}	כִּי֩ לְיָמִ֨ים ע֜וֹד שִׁבְעָ֗ה אָֽנֹכִי֙ מַמְטִ֣יר עַל־הָאָ֔רֶץ אַרְבָּעִ֣ים י֔וֹם וְאַרְבָּעִ֖ים לָ֑יְלָה וּמָחִ֗יתִי אֶֽת־כׇּל־הַיְקוּם֙ אֲשֶׁ֣ר עָשִׂ֔יתִי מֵעַ֖ל פְּנֵ֥י הָֽאֲדָמָֽה׃
ספר בראשית/ז	ה	__	{{מ:פסוק|בראשית|ז|ה}}	וַיַּ֖עַשׂ נֹ֑חַ כְּכֹ֥ל אֲשֶׁר־צִוָּ֖הוּ יְהֹוָֽה׃
ספר בראשית/ז	ו	__	{{מ:פסוק|בראשית|ז|ו}}	וְנֹ֕חַ בֶּן־שֵׁ֥שׁ מֵא֖וֹת שָׁנָ֑ה וְהַמַּבּ֣וּל הָיָ֔ה מַ֖יִם עַל־הָאָֽרֶץ׃
ספר בראשית/ז	ז	__	{{מ:פסוק|בראשית|ז|ז}}	וַיָּ֣בֹא נֹ֗חַ וּ֠בָנָ֠יו וְאִשְׁתּ֧וֹ וּנְשֵֽׁי־בָנָ֛יו אִתּ֖וֹ אֶל־הַתֵּבָ֑ה מִפְּנֵ֖י מֵ֥י הַמַּבּֽוּל׃
ספר בראשית/ז	ח	__	{{מ:פסוק|בראשית|ז|ח}}	מִן־הַבְּהֵמָה֙ הַטְּהוֹרָ֔ה {{נוסח|וּמִ֨ן־הַבְּהֵמָ֔ה|=שיטת-א ובדפוסים|ל=וּמִן־הַ֨בְּהֵמָ֔ה (מקום המתיגה)|הערת ברויאר}} אֲשֶׁ֥ר אֵינֶ֖נָּה טְהֹרָ֑ה וּמִ֨ן־הָע֔וֹף וְכֹ֥ל אֲשֶׁר־רֹמֵ֖שׂ עַל־הָֽאֲדָמָֽה׃
ספר בראשית/ז	ט	__	{{מ:פסוק|בראשית|ז|ט}}	שְׁנַ֨יִם שְׁנַ֜יִם בָּ֧אוּ אֶל־נֹ֛חַ אֶל־הַתֵּבָ֖ה זָכָ֣ר וּנְקֵבָ֑ה {{נוסח|כַּֽאֲשֶׁ֛ר|ל=כַּֽאֲשֶׁ֛ר בגעיה ימנית}} צִוָּ֥ה אֱלֹהִ֖ים אֶת־נֹֽחַ׃
ספר בראשית/ז	י	__	{{מ:פסוק|בראשית|ז|י}}	"{{נוסח|וַֽיְהִ֖י|=ל|ברויאר מחק את הגעיה (וַיְהִ֖י) ע""פ כתי""ל1}} לְשִׁבְעַ֣ת הַיָּמִ֑ים וּמֵ֣י הַמַּבּ֔וּל הָי֖וּ עַל־הָאָֽרֶץ׃"
ספר בראשית/ז	יא	__	{{מ:פסוק|בראשית|ז|יא}}	"בִּשְׁנַ֨ת שֵׁשׁ־מֵא֤וֹת שָׁנָה֙ לְחַיֵּי־נֹ֔חַ בַּחֹ֙דֶשׁ֙ הַשֵּׁנִ֔י בְּשִׁבְעָֽה־עָשָׂ֥ר י֖וֹם לַחֹ֑דֶשׁ בַּיּ֣וֹם הַזֶּ֗ה נִבְקְעוּ֙ כׇּֽל־{{נוסח|מַעְיְנֹת֙|=א(ק)ל ומסורה טברנית|רמ""ה=מַעְיְנוֹת֙ (כתיב מלא וי""ו) ועל פיו בספרי ספרד ואשכנז}}{{גודל גופן|2|{{הערה|בספרי ספרד ואשכנז מַעְיְנוֹת֙}}}} תְּה֣וֹם רַבָּ֔ה וַאֲרֻבֹּ֥ת הַשָּׁמַ֖יִם נִפְתָּֽחוּ׃"
ספר בראשית/ז	יב	__	{{מ:פסוק|בראשית|ז|יב}}	"{{נוסח|וַֽיְהִ֥י|ל=וַֽיְהִ֥י בגעיה ימנית|ברואיר מחק את הגעיה (וַיְהִ֥י) ע""פ כתי""ל1}} הַגֶּ֖שֶׁם עַל־הָאָ֑רֶץ אַרְבָּעִ֣ים י֔וֹם וְאַרְבָּעִ֖ים לָֽיְלָה׃"
ספר בראשית/ז	יג	__	{{מ:פסוק|בראשית|ז|יג}}	בְּעֶ֨צֶם הַיּ֤וֹם הַזֶּה֙ בָּ֣א נֹ֔חַ וְשֵׁם־וְחָ֥ם וָיֶ֖פֶת בְּנֵי־נֹ֑חַ וְאֵ֣שֶׁת נֹ֗חַ וּשְׁלֹ֧שֶׁת נְשֵֽׁי־בָנָ֛יו אִתָּ֖ם אֶל־הַתֵּבָֽה׃
ספר בראשית/ז	יד	__	{{מ:פסוק|בראשית|ז|יד}}	הֵ֜מָּה {{נוסח|וְכׇל־הַֽחַיָּ֣ה|ל=וְכׇל־הַֽחַיָּ֣ה בגעיה ימנית}} לְמִינָ֗הּ וְכׇל־הַבְּהֵמָה֙ לְמִינָ֔הּ וְכׇל־הָרֶ֛מֶשׂ הָרֹמֵ֥שׂ עַל־הָאָ֖רֶץ לְמִינֵ֑הוּ וְכׇל־הָע֣וֹף לְמִינֵ֔הוּ כֹּ֖ל צִפּ֥וֹר כׇּל־כָּנָֽף׃
ספר בראשית/ז	טו	__	{{מ:פסוק|בראשית|ז|טו}}	וַיָּבֹ֥אוּ אֶל־נֹ֖חַ אֶל־הַתֵּבָ֑ה שְׁנַ֤יִם שְׁנַ֙יִם֙ מִכׇּל־הַבָּשָׂ֔ר אֲשֶׁר־בּ֖וֹ ר֥וּחַ חַיִּֽים׃
ספר בראשית/ז	טז	__	{{מ:פסוק|בראשית|ז|טז}}	וְהַבָּאִ֗ים זָכָ֨ר וּנְקֵבָ֤ה מִכׇּל־בָּשָׂר֙ בָּ֔אוּ {{נוסח|כַּֽאֲשֶׁ֛ר|ל=כַּֽאֲשֶׁ֛ר בגעיה ימנית}} צִוָּ֥ה אֹת֖וֹ אֱלֹהִ֑ים וַיִּסְגֹּ֥ר יְהֹוָ֖ה בַּֽעֲדֽוֹ׃
ספר בראשית/ז	יז	__	{{מ:פסוק|בראשית|ז|יז|עלייה=שלישי}}	{{נוסח|וַֽיְהִ֧י|ל=וַֽיְהִ֧י בגעיה ימנית}} הַמַּבּ֛וּל אַרְבָּעִ֥ים י֖וֹם עַל־הָאָ֑רֶץ וַיִּרְבּ֣וּ הַמַּ֗יִם וַיִּשְׂאוּ֙ אֶת־הַתֵּבָ֔ה וַתָּ֖רׇם מֵעַ֥ל הָאָֽרֶץ׃
ספר בראשית/ז	יח	__	{{מ:פסוק|בראשית|ז|יח}}	וַיִּגְבְּר֥וּ הַמַּ֛יִם וַיִּרְבּ֥וּ מְאֹ֖ד עַל־הָאָ֑רֶץ וַתֵּ֥לֶךְ הַתֵּבָ֖ה עַל־פְּנֵ֥י הַמָּֽיִם׃
ספר בראשית/ז	יט	__	{{מ:פסוק|בראשית|ז|יט}}	וְהַמַּ֗יִם {{נוסח|גָּ֥בְר֛וּ|=ל ושיטת-א (מרכא בטעם תביר) וכן דעתם של ברויאר ודותן|הקלדה=גָּֽבְר֛וּ ובדפוסים}} מְאֹ֥ד מְאֹ֖ד עַל־הָאָ֑רֶץ וַיְכֻסּ֗וּ {{נוסח|כׇּל־הֶֽהָרִים֙|ל=כׇּל־הֶֽהָרִים֙ בגעיה ימנית}} הַגְּבֹהִ֔ים אֲשֶׁר־תַּ֖חַת כׇּל־הַשָּׁמָֽיִם׃
ספר בראשית/ז	כ	__	{{מ:פסוק|בראשית|ז|כ}}	חֲמֵ֨שׁ עֶשְׂרֵ֤ה אַמָּה֙ מִלְמַ֔עְלָה גָּבְר֖וּ הַמָּ֑יִם וַיְכֻסּ֖וּ הֶהָרִֽים׃
ספר בראשית/ז	כא	__	{{מ:פסוק|בראשית|ז|כא}}	וַיִּגְוַ֞ע כׇּל־בָּשָׂ֣ר{{מ:לגרמיה}}הָרֹמֵ֣שׂ עַל־הָאָ֗רֶץ בָּע֤וֹף וּבַבְּהֵמָה֙ וּבַ֣חַיָּ֔ה וּבְכׇל־הַשֶּׁ֖רֶץ הַשֹּׁרֵ֣ץ עַל־הָאָ֑רֶץ וְכֹ֖ל הָאָדָֽם׃
ספר בראשית/ז	כב	__	{{מ:פסוק|בראשית|ז|כב}}	כֹּ֡ל אֲשֶׁר֩ נִשְׁמַת־ר֨וּחַ חַיִּ֜ים בְּאַפָּ֗יו מִכֹּ֛ל אֲשֶׁ֥ר בֶּחָֽרָבָ֖ה מֵֽתוּ׃
ספר בראשית/ז	כג	__	{{מ:פסוק|בראשית|ז|כג}}	וַיִּ֜מַח אֶֽת־כׇּל־הַיְק֣וּם{{מ:לגרמיה}}אֲשֶׁ֣ר{{מ:לגרמיה}}עַל־פְּנֵ֣י הָֽאֲדָמָ֗ה מֵאָדָ֤ם עַד־בְּהֵמָה֙ עַד־רֶ֙מֶשׂ֙ וְעַד־ע֣וֹף הַשָּׁמַ֔יִם וַיִּמָּח֖וּ מִן־הָאָ֑רֶץ {{נוסח|וַיִּשָּׁ֧אֶר|=דפוסים|ל=וַיִשָּׁ֧אֶר (חסר דגש)|הערות דותן וברויאר}} אַךְ־נֹ֛חַ וַֽאֲשֶׁ֥ר אִתּ֖וֹ בַּתֵּבָֽה׃
ספר בראשית/ז	כד	__	{{מ:פסוק|בראשית|ז|כד}}	וַיִּגְבְּר֥וּ הַמַּ֖יִם עַל־הָאָ֑רֶץ חֲמִשִּׁ֥ים וּמְאַ֖ת יֽוֹם׃
ספר בראשית/ז	תתת	<noinclude>//{{תבנית:משתמש:Dovi/טעמי המקרא-סוף}}//{{מ:שוליים-סוף}}//==הפרק בלי מספרים==//{{תבנית:משתמש:Dovi/טעמי המקרא}}//{{#בלי קטע:{{שם הדף המלא}}|סימן}}//{{תבנית:משתמש:Dovi/טעמי המקרא-סוף}}//==הערות==//{{תבנית:משתמש:Dovi/טעמי המקרא}}//<references/>//{{תבנית:משתמש:Dovi/טעמי המקרא-סוף}}</noinclude>		
ספר בראשית/ח	0	<noinclude>{{תבנית:טעמי המקרא באינטרנט (עליון)}}//{{מ:שוליים|5}}//{{תבנית:משתמש:Dovi/טעמי המקרא}}//</noinclude>		
ספר בראשית/ח	א	{{מ:אין פרשה בתחילת פרק}}	{{מ:פסוק|בראשית|ח|א|סדר=ו}}	וַיִּזְכֹּ֤ר אֱלֹהִים֙ אֶת־נֹ֔חַ וְאֵ֤ת {{נוסח|כׇּל־הַֽחַיָּה֙|ל=כׇּל־הַֽחַיָּה֙ בגעיה ימנית}} וְאֶת־כׇּל־הַבְּהֵמָ֔ה אֲשֶׁ֥ר אִתּ֖וֹ בַּתֵּבָ֑ה וַיַּעֲבֵ֨ר אֱלֹהִ֥ים ר֙וּחַ֙ עַל־הָאָ֔רֶץ וַיָּשֹׁ֖כּוּ הַמָּֽיִם׃
ספר בראשית/ח	ב	__	{{מ:פסוק|בראשית|ח|ב}}	וַיִּסָּֽכְרוּ֙ מַעְיְנֹ֣ת תְּה֔וֹם {{נוסח|וַֽאֲרֻבֹּ֖ת|ל=וַֽאֲרֻבֹּ֖ת בגעיה ימנית}} הַשָּׁמָ֑יִם וַיִּכָּלֵ֥א הַגֶּ֖שֶׁם מִן־הַשָּׁמָֽיִם׃
ספר בראשית/ח	ג	__	{{מ:פסוק|בראשית|ח|ג}}	וַיָּשֻׁ֧בוּ הַמַּ֛יִם מֵעַ֥ל הָאָ֖רֶץ הָל֣וֹךְ וָשׁ֑וֹב וַיַּחְסְר֣וּ הַמַּ֔יִם מִקְצֵ֕ה חֲמִשִּׁ֥ים וּמְאַ֖ת יֽוֹם׃
ספר בראשית/ח	ד	__	{{מ:פסוק|בראשית|ח|ד}}	וַתָּ֤נַח הַתֵּבָה֙ בַּחֹ֣דֶשׁ הַשְּׁבִיעִ֔י בְּשִׁבְעָה־עָשָׂ֥ר י֖וֹם לַחֹ֑דֶשׁ עַ֖ל הָרֵ֥י אֲרָרָֽט׃
ספר בראשית/ח	ה	__	{{מ:פסוק|בראשית|ח|ה}}	וְהַמַּ֗יִם הָיוּ֙ הָל֣וֹךְ וְחָס֔וֹר עַ֖ד הַחֹ֣דֶשׁ {{נוסח|הָֽעֲשִׂירִ֑י|ל=הָֽעֲשִׂירִ֑י בגעיה ימנית}} {{נוסח|בָּֽעֲשִׂירִי֙|ל=בָּֽעֲשִׂירִי֙ בגעיה ימנית}} בְּאֶחָ֣ד לַחֹ֔דֶשׁ נִרְא֖וּ רָאשֵׁ֥י הֶֽהָרִֽים׃
ספר בראשית/ח	ו	__	{{מ:פסוק|בראשית|ח|ו}}	"{{נוסח|וַֽיְהִ֕י|ל=וַֽיְהִ֕י בגעיה ימנית|ברויאר מחק את הגיעה (וַיְהִ֕י) ע""פ כתי""ל1}} מִקֵּ֖ץ אַרְבָּעִ֣ים י֑וֹם וַיִּפְתַּ֣ח נֹ֔חַ אֶת־חַלּ֥וֹן הַתֵּבָ֖ה אֲשֶׁ֥ר עָשָֽׂה׃"
ספר בראשית/ח	ז	__	{{מ:פסוק|בראשית|ח|ז}}	וַיְשַׁלַּ֖ח {{נוסח|אֶת־הָֽעֹרֵ֑ב|ל=אֶת־הָֽעֹרֵ֑ב בגעיה ימנית}} וַיֵּצֵ֤א יָצוֹא֙ וָשׁ֔וֹב עַד־יְבֹ֥שֶׁת הַמַּ֖יִם מֵעַ֥ל הָאָֽרֶץ׃
ספר בראשית/ח	ח	__	{{מ:פסוק|בראשית|ח|ח}}	וַיְשַׁלַּ֥ח אֶת־הַיּוֹנָ֖ה מֵאִתּ֑וֹ לִרְאוֹת֙ הֲקַ֣לּוּ הַמַּ֔יִם מֵעַ֖ל פְּנֵ֥י {{נוסח|הָֽאֲדָמָֽה|ל=הָֽאֲדָמָֽה בגעיה ימנית}}׃
ספר בראשית/ח	ט	__	{{מ:פסוק|בראשית|ח|ט}}	וְלֹֽא־מָצְאָה֩ הַיּוֹנָ֨ה מָנ֜וֹחַ לְכַף־רַגְלָ֗הּ וַתָּ֤שׇׁב אֵלָיו֙ אֶל־הַתֵּבָ֔ה כִּי־מַ֖יִם עַל־פְּנֵ֣י כׇל־הָאָ֑רֶץ וַיִּשְׁלַ֤ח יָדוֹ֙ וַיִּקָּחֶ֔הָ וַיָּבֵ֥א אֹתָ֛הּ אֵלָ֖יו אֶל־הַתֵּבָֽה׃
ספר בראשית/ח	י	__	{{מ:פסוק|בראשית|ח|י}}	וַיָּ֣חֶל ע֔וֹד שִׁבְעַ֥ת יָמִ֖ים אֲחֵרִ֑ים וַיֹּ֛סֶף שַׁלַּ֥ח אֶת־הַיּוֹנָ֖ה מִן־הַתֵּבָֽה׃
ספר בראשית/ח	יא	__	{{מ:פסוק|בראשית|ח|יא}}	וַתָּבֹ֨א אֵלָ֤יו הַיּוֹנָה֙ לְעֵ֣ת עֶ֔רֶב וְהִנֵּ֥ה עֲלֵה־זַ֖יִת טָרָ֣ף בְּפִ֑יהָ וַיֵּ֣דַע נֹ֔חַ כִּי־קַ֥לּוּ הַמַּ֖יִם מֵעַ֥ל הָאָֽרֶץ׃
ספר בראשית/ח	יב	__	{{מ:פסוק|בראשית|ח|יב}}	וַיִּיָּ֣חֶל ע֔וֹד שִׁבְעַ֥ת יָמִ֖ים אֲחֵרִ֑ים וַיְשַׁלַּח֙ אֶת־הַיּוֹנָ֔ה וְלֹֽא־יָסְפָ֥ה שׁוּב־אֵלָ֖יו עֽוֹד׃
ספר בראשית/ח	יג	__	{{מ:פסוק|בראשית|ח|יג}}	"{{נוסח|וַֽ֠יְהִ֠י|ל=וַֽ֠יְהִי בגעיה ימנית|ברויאר מחק את הגעיה (וַ֠יְהִי) ע""פ כתי""ל1}} בְּאַחַ֨ת וְשֵׁשׁ־מֵא֜וֹת שָׁנָ֗ה {{נוסח|בָּֽרִאשׁוֹן֙|ל=בָּֽרִאשׁוֹן֙ בגעיה ימנית}} בְּאֶחָ֣ד לַחֹ֔דֶשׁ חָֽרְב֥וּ הַמַּ֖יִם מֵעַ֣ל הָאָ֑רֶץ וַיָּ֤סַר נֹ֙חַ֙ אֶת־מִכְסֵ֣ה הַתֵּבָ֔ה וַיַּ֕רְא וְהִנֵּ֥ה {{נוסח|חָֽרְב֖וּ|ל=חָֽרְב֖וּ בגעיה ימנית}} פְּנֵ֥י {{נוסח|הָֽאֲדָמָֽה|ל=הָֽאֲדָמָֽה בגעיה ימנית}}׃"
ספר בראשית/ח	יד	__	{{מ:פסוק|בראשית|ח|יד}}	וּבַחֹ֙דֶשׁ֙ הַשֵּׁנִ֔י בְּשִׁבְעָ֧ה וְעֶשְׂרִ֛ים י֖וֹם לַחֹ֑דֶשׁ יָבְשָׁ֖ה הָאָֽרֶץ׃
ספר בראשית/ח	טו	//{{סס}}	{{מ:פסוק|בראשית|ח|טו|סדר=ז|עלייה=רביעי}}	וַיְדַבֵּ֥ר אֱלֹהִ֖ים אֶל־נֹ֥חַ לֵאמֹֽר׃
ספר בראשית/ח	טז	__	{{מ:פסוק|בראשית|ח|טז}}	צֵ֖א מִן־הַתֵּבָ֑ה אַתָּ֕ה וְאִשְׁתְּךָ֛ וּבָנֶ֥יךָ וּנְשֵֽׁי־בָנֶ֖יךָ אִתָּֽךְ׃
ספר בראשית/ח	יז	__	{{מ:פסוק|בראשית|ח|יז}}	"כׇּל־הַחַיָּ֨ה אֲשֶֽׁר־אִתְּךָ֜ מִכׇּל־בָּשָׂ֗ר בָּע֧וֹף וּבַבְּהֵמָ֛ה וּבְכׇל־הָרֶ֛מֶשׂ הָרֹמֵ֥שׂ עַל־הָאָ֖רֶץ {{כו""ק|הוצא|הַיְצֵ֣א}} אִתָּ֑ךְ {{נוסח|וְשָֽׁרְצ֣וּ|ל=וְשָֽׁרְצ֣וּ בגעיה ימנית}} בָאָ֔רֶץ וּפָר֥וּ וְרָב֖וּ עַל־הָאָֽרֶץ׃"
ספר בראשית/ח	יח	__	{{מ:פסוק|בראשית|ח|יח}}	וַיֵּ֖צֵא־נֹ֑חַ וּבָנָ֛יו וְאִשְׁתּ֥וֹ וּנְשֵֽׁי־בָנָ֖יו אִתּֽוֹ׃
ספר בראשית/ח	יט	__	{{מ:פסוק|בראשית|ח|יט}}	{{נוסח|כׇּל־הַֽחַיָּ֗ה|ל=כׇּל־הַֽחַיָּ֗ה בגעיה ימנית}} כׇּל־הָרֶ֙מֶשׂ֙ וְכׇל־הָע֔וֹף כֹּ֖ל רוֹמֵ֣שׂ עַל־הָאָ֑רֶץ לְמִשְׁפְּחֹ֣תֵיהֶ֔ם יָצְא֖וּ מִן־הַתֵּבָֽה׃
ספר בראשית/ח	כ	__	{{מ:פסוק|בראשית|ח|כ}}	"וַיִּ֥בֶן נֹ֛חַ מִזְבֵּ֖חַ {{נוסח|לַֽיהֹוָ֑ה|ל=לַֽיהוָ֑ה בגעיה ימנית}} וַיִּקַּ֞ח מִכֹּ֣ל{{מ:לגרמיה}}הַבְּהֵמָ֣ה {{נוסח|הַטְּהֹרָ֗ה|=מסורת-ל ורמ""ה|ל=הַטְּהוֹרָ֗ה (כתיב מלא וי""ו)|הערת ברויאר}} וּמִכֹּל֙ הָע֣וֹף {{נוסח|הַטָּה֔וֹר|=מסורת-ל וטברניות ומ""ש|ל=הַטָּהֹ֔ר (כתיב חסר וי""ו)|הערת ברויאר}} וַיַּ֥עַל עֹלֹ֖ת בַּמִּזְבֵּֽחַ׃"
ספר בראשית/ח	כא	__	{{מ:פסוק|בראשית|ח|כא}}	"וַיָּ֣רַח יְהֹוָה֮ אֶת־רֵ֣יחַ הַנִּיחֹ֒חַ֒ וַיֹּ֨אמֶר יְהֹוָ֜ה אֶל־לִבּ֗וֹ {{נוסח|לֹֽא־אֹ֠סִ֠ף|=ל (""לא"" מוקפת בגעיה)|דפוסים=לֹ֣א אֹ֠סִ֠ף (""לא"" בטעם מונח ובלתי-מוקפת)}} לְקַלֵּ֨ל ע֤וֹד אֶת־הָֽאֲדָמָה֙ בַּעֲב֣וּר {{נוסח|הָֽאָדָ֔ם|ל=הָֽאָדָ֔ם בגעיה ימנית}} כִּ֠י יֵ֣צֶר לֵ֧ב הָאָדָ֛ם רַ֖ע מִנְּעֻרָ֑יו וְלֹֽא־אֹסִ֥ף ע֛וֹד לְהַכּ֥וֹת אֶת־כׇּל־חַ֖י {{נוסח|כַּֽאֲשֶׁ֥ר|ל=כַּֽאֲשֶׁ֥ר בגעיה ימנית}} עָשִֽׂיתִי׃"
ספר בראשית/ח	כב	__	{{מ:פסוק|בראשית|ח|כב}}	עֹ֖ד כׇּל־יְמֵ֣י הָאָ֑רֶץ זֶ֡רַע וְ֠קָצִ֠יר וְקֹ֨ר וָחֹ֜ם וְקַ֧יִץ וָחֹ֛רֶף וְי֥וֹם וָלַ֖יְלָה לֹ֥א יִשְׁבֹּֽתוּ׃
ספר בראשית/ח	תתת	<noinclude>//{{תבנית:משתמש:Dovi/טעמי המקרא-סוף}}//{{מ:שוליים-סוף}}//==הפרק בלי מספרים==//{{תבנית:משתמש:Dovi/טעמי המקרא}}//{{#בלי קטע:{{שם הדף המלא}}|סימן}}//{{תבנית:משתמש:Dovi/טעמי המקרא-סוף}}</noinclude>		
ספר בראשית/ט	0	<noinclude>{{תבנית:טעמי המקרא באינטרנט (עליון)}}//{{מ:שוליים|5}}//{{תבנית:משתמש:Dovi/טעמי המקרא}}//</noinclude>		
ספר בראשית/ט	א	{{מ:אין פרשה בתחילת פרק}}	{{מ:פסוק|בראשית|ט|א}}	וַיְבָ֣רֶךְ אֱלֹהִ֔ים אֶת־נֹ֖חַ וְאֶת־בָּנָ֑יו וַיֹּ֧אמֶר לָהֶ֛ם פְּר֥וּ וּרְב֖וּ וּמִלְא֥וּ אֶת־הָאָֽרֶץ׃
ספר בראשית/ט	ב	__	{{מ:פסוק|בראשית|ט|ב}}	וּמוֹרַאֲכֶ֤ם וְחִתְּכֶם֙ יִֽהְיֶ֔ה עַ֚ל כׇּל־חַיַּ֣ת הָאָ֔רֶץ וְעַ֖ל כׇּל־ע֣וֹף הַשָּׁמָ֑יִם בְּכֹל֩ אֲשֶׁ֨ר תִּרְמֹ֧שׂ {{נוסח|הָֽאֲדָמָ֛ה|ל=הָֽאֲדָמָ֛ה בגעיה ימנית}} וּֽבְכׇל־דְּגֵ֥י הַיָּ֖ם בְּיֶדְכֶ֥ם נִתָּֽנוּ׃
ספר בראשית/ט	ג	__	{{מ:פסוק|בראשית|ט|ג}}	כׇּל־רֶ֙מֶשׂ֙ אֲשֶׁ֣ר הוּא־חַ֔י לָכֶ֥ם יִהְיֶ֖ה לְאׇכְלָ֑ה כְּיֶ֣רֶק עֵ֔שֶׂב נָתַ֥תִּי לָכֶ֖ם אֶת־כֹּֽל׃
ספר בראשית/ט	ד	__	{{מ:פסוק|בראשית|ט|ד}}	אַךְ־בָּשָׂ֕ר בְּנַפְשׁ֥וֹ דָמ֖וֹ לֹ֥א תֹאכֵֽלוּ׃
ספר בראשית/ט	ה	__	{{מ:פסוק|בראשית|ט|ה}}	וְאַ֨ךְ אֶת־דִּמְכֶ֤ם לְנַפְשֹֽׁתֵיכֶם֙ אֶדְרֹ֔שׁ מִיַּ֥ד כׇּל־חַיָּ֖ה אֶדְרְשֶׁ֑נּוּ וּמִיַּ֣ד {{נוסח|הָֽאָדָ֗ם|ל=הָֽאָדָ֗ם בגעיה ימנית}} מִיַּד֙ אִ֣ישׁ אָחִ֔יו אֶדְרֹ֖שׁ אֶת־נֶ֥פֶשׁ {{נוסח|הָֽאָדָֽם|ל=הָֽאָדָֽם בגעיה ימנית}}׃
ספר בראשית/ט	ו	__	{{מ:פסוק|בראשית|ט|ו}}	שֹׁפֵךְ֙ דַּ֣ם {{נוסח|הָֽאָדָ֔ם|ל=הָֽאָדָ֔ם בגעיה ימנית}} {{נוסח|בָּֽאָדָ֖ם|ל=בָּֽאָדָ֖ם בגעיה ימנית}} דָּמ֣וֹ יִשָּׁפֵ֑ךְ כִּ֚י בְּצֶ֣לֶם אֱלֹהִ֔ים עָשָׂ֖ה אֶת־הָאָדָֽם׃
ספר בראשית/ט	ז	__	{{מ:פסוק|בראשית|ט|ז}}	וְאַתֶּ֖ם פְּר֣וּ וּרְב֑וּ שִׁרְצ֥וּ בָאָ֖רֶץ וּרְבוּ־בָֽהּ׃
ספר בראשית/ט	ח	//{{סס}}	{{מ:פסוק|בראשית|ט|ח|עלייה=חמישי}}	וַיֹּ֤אמֶר אֱלֹהִים֙ אֶל־נֹ֔חַ וְאֶל־בָּנָ֥יו אִתּ֖וֹ לֵאמֹֽר׃
ספר בראשית/ט	ט	__	{{מ:פסוק|בראשית|ט|ט}}	וַאֲנִ֕י הִנְנִ֥י מֵקִ֛ים אֶת־בְּרִיתִ֖י אִתְּכֶ֑ם וְאֶֽת־זַרְעֲכֶ֖ם {{נוסח|אַֽחֲרֵיכֶֽם|ל=אַֽחֲרֵיכֶֽם בגעיה ימנית}}׃
ספר בראשית/ט	י	__	{{מ:פסוק|בראשית|ט|י}}	וְאֵ֨ת כׇּל־נֶ֤פֶשׁ {{נוסח|הַֽחַיָּה֙|ל=הַֽחַיָּה֙ בגעיה ימנית}} אֲשֶׁ֣ר אִתְּכֶ֔ם בָּע֧וֹף בַּבְּהֵמָ֛ה וּֽבְכׇל־חַיַּ֥ת הָאָ֖רֶץ אִתְּכֶ֑ם מִכֹּל֙ יֹצְאֵ֣י הַתֵּבָ֔ה לְכֹ֖ל חַיַּ֥ת הָאָֽרֶץ׃
ספר בראשית/ט	יא	__	{{מ:פסוק|בראשית|ט|יא}}	וַהֲקִמֹתִ֤י אֶת־בְּרִיתִי֙ אִתְּכֶ֔ם וְלֹֽא־יִכָּרֵ֧ת כׇּל־בָּשָׂ֛ר ע֖וֹד מִמֵּ֣י הַמַּבּ֑וּל וְלֹֽא־יִהְיֶ֥ה ע֛וֹד מַבּ֖וּל לְשַׁחֵ֥ת הָאָֽרֶץ׃
ספר בראשית/ט	יב	__	{{מ:פסוק|בראשית|ט|יב}}	וַיֹּ֣אמֶר אֱלֹהִ֗ים זֹ֤את אֽוֹת־הַבְּרִית֙ אֲשֶׁר־אֲנִ֣י נֹתֵ֗ן בֵּינִי֙ וּבֵ֣ינֵיכֶ֔ם וּבֵ֛ין כׇּל־נֶ֥פֶשׁ חַיָּ֖ה אֲשֶׁ֣ר אִתְּכֶ֑ם לְדֹרֹ֖ת עוֹלָֽם׃
ספר בראשית/ט	יג	__	{{מ:פסוק|בראשית|ט|יג}}	אֶת־קַשְׁתִּ֕י נָתַ֖תִּי בֶּֽעָנָ֑ן וְהָֽיְתָה֙ לְא֣וֹת בְּרִ֔ית בֵּינִ֖י וּבֵ֥ין הָאָֽרֶץ׃
ספר בראשית/ט	יד	__	{{מ:פסוק|בראשית|ט|יד}}	וְהָיָ֕ה {{נוסח|בְּעַֽנְנִ֥י|ל=בְּעַֽנְנִ֥י בגעיה ימנית}} עָנָ֖ן עַל־הָאָ֑רֶץ וְנִרְאֲתָ֥ה הַקֶּ֖שֶׁת בֶּעָנָֽן׃
ספר בראשית/ט	טו	__	{{מ:פסוק|בראשית|ט|טו}}	וְזָכַרְתִּ֣י אֶת־בְּרִיתִ֗י אֲשֶׁ֤ר בֵּינִי֙ וּבֵ֣ינֵיכֶ֔ם וּבֵ֛ין כׇּל־נֶ֥פֶשׁ חַיָּ֖ה בְּכׇל־בָּשָׂ֑ר וְלֹֽא־יִֽהְיֶ֨ה ע֤וֹד הַמַּ֙יִם֙ לְמַבּ֔וּל לְשַׁחֵ֖ת כׇּל־בָּשָֽׂר׃
ספר בראשית/ט	טז	__	{{מ:פסוק|בראשית|ט|טז}}	וְהָיְתָ֥ה הַקֶּ֖שֶׁת בֶּֽעָנָ֑ן וּרְאִיתִ֗יהָ לִזְכֹּר֙ בְּרִ֣ית עוֹלָ֔ם בֵּ֣ין אֱלֹהִ֔ים וּבֵין֙ כׇּל־נֶ֣פֶשׁ חַיָּ֔ה בְּכׇל־בָּשָׂ֖ר אֲשֶׁ֥ר עַל־הָאָֽרֶץ׃
ספר בראשית/ט	יז	__	{{מ:פסוק|בראשית|ט|יז}}	וַיֹּ֥אמֶר אֱלֹהִ֖ים אֶל־נֹ֑חַ זֹ֤את אֽוֹת־הַבְּרִית֙ אֲשֶׁ֣ר הֲקִמֹ֔תִי בֵּינִ֕י וּבֵ֥ין כׇּל־בָּשָׂ֖ר אֲשֶׁ֥ר עַל־הָאָֽרֶץ׃
ספר בראשית/ט	יח	//{{פפ}}//	{{מ:פסוק|בראשית|ט|יח|סדר=ח|עלייה=ששי}}	וַיִּֽהְי֣וּ בְנֵי־נֹ֗חַ הַיֹּֽצְאִים֙ מִן־הַתֵּבָ֔ה שֵׁ֖ם וְחָ֣ם וָיָ֑פֶת וְחָ֕ם ה֖וּא אֲבִ֥י כְנָֽעַן׃
ספר בראשית/ט	יט	__	{{מ:פסוק|בראשית|ט|יט}}	שְׁלֹשָׁ֥ה אֵ֖לֶּה בְּנֵי־נֹ֑חַ וּמֵאֵ֖לֶּה נָֽפְצָ֥ה כׇל־הָאָֽרֶץ׃
ספר בראשית/ט	כ	__	{{מ:פסוק|בראשית|ט|כ}}	וַיָּ֥חֶל נֹ֖חַ אִ֣ישׁ {{נוסח|הָֽאֲדָמָ֑ה|ל=הָֽאֲדָמָ֑ה בגעיה ימנית}} וַיִּטַּ֖ע כָּֽרֶם׃
ספר בראשית/ט	כא	__	{{מ:פסוק|בראשית|ט|כא}}	וַיֵּ֥שְׁתְּ מִן־הַיַּ֖יִן וַיִּשְׁכָּ֑ר וַיִּתְגַּ֖ל בְּת֥וֹךְ {{מ:קמץ|ד=אׇהֳלֹֽה|ס=אָהֳלֹֽה}}׃
ספר בראשית/ט	כב	__	{{מ:פסוק|בראשית|ט|כב}}	וַיַּ֗רְא חָ֚ם אֲבִ֣י כְנַ֔עַן אֵ֖ת עֶרְוַ֣ת אָבִ֑יו וַיַּגֵּ֥ד לִשְׁנֵֽי־אֶחָ֖יו בַּחֽוּץ׃
ספר בראשית/ט	כג	__	{{מ:פסוק|בראשית|ט|כג}}	וַיִּקַּח֩ שֵׁ֨ם וָיֶ֜פֶת אֶת־הַשִּׂמְלָ֗ה וַיָּשִׂ֙ימוּ֙ עַל־שְׁכֶ֣ם שְׁנֵיהֶ֔ם וַיֵּֽלְכוּ֙ אֲחֹ֣רַנִּ֔ית וַיְכַסּ֕וּ אֵ֖ת עֶרְוַ֣ת אֲבִיהֶ֑ם וּפְנֵיהֶם֙ אֲחֹ֣רַנִּ֔ית וְעֶרְוַ֥ת אֲבִיהֶ֖ם לֹ֥א רָאֽוּ׃
ספר בראשית/ט	כד	__	{{מ:פסוק|בראשית|ט|כד}}	"וַיִּ֥יקֶץ נֹ֖חַ מִיֵּינ֑וֹ וַיֵּ֕דַע אֵ֛ת {{נוסח|אֲשֶׁר־עָֽשָׂה־ל֖וֹ|=ל לפי ברויאר ודותן (""עשה"" בגעיה ומוקפת) ומעיון בכתי""ל נראה שהאמת אתם.|דפוסים=אֲשֶׁר־עָ֥שָׂה ל֖וֹ|הקלדה=אֲשֶׁר־עָ֥שָׂה־ל֖וֹ (מקף בתיבת משרת)}} בְּנ֥וֹ הַקָּטָֽן׃"
ספר בראשית/ט	כה	__	{{מ:פסוק|בראשית|ט|כה}}	וַיֹּ֖אמֶר אָר֣וּר כְּנָ֑עַן עֶ֥בֶד עֲבָדִ֖ים יִֽהְיֶ֥ה לְאֶחָֽיו׃
ספר בראשית/ט	כו	__	{{מ:פסוק|בראשית|ט|כו}}	"וַיֹּ֕אמֶר {{נוסח|בָּר֥וּךְ יְהֹוָ֖ה|כאן מתחיל כתי""ש}} אֱלֹ֣הֵי שֵׁ֑ם וִיהִ֥י כְנַ֖עַן עֶ֥בֶד לָֽמוֹ׃"
ספר בראשית/ט	כז	__	{{מ:פסוק|בראשית|ט|כז}}	יַ֤פְתְּ אֱלֹהִים֙ לְיֶ֔פֶת וְיִשְׁכֹּ֖ן {{מ:קמץ|ד=בְּאׇֽהֳלֵי־שֵׁ֑ם|ס=בְּאָֽהֳלֵי־שֵׁ֑ם}} וִיהִ֥י כְנַ֖עַן עֶ֥בֶד לָֽמוֹ׃
ספר בראשית/ט	כח	__	{{מ:פסוק|בראשית|ט|כח}}	{{נוסח|וַֽיְחִי־נֹ֖חַ|ל=וַֽיְחִי־נֹ֖חַ בגעיה ימנית}} אַחַ֣ר הַמַּבּ֑וּל שְׁלֹ֤שׁ מֵאוֹת֙ שָׁנָ֔ה וַֽחֲמִשִּׁ֖ים שָׁנָֽה׃
ספר בראשית/ט	כט	__	{{מ:פסוק|בראשית|ט|כט}}	"{{נוסח|וַיִּֽהְיוּ֙|=ל וספרי תימן|ספרי ספרד ואכשנז וַֽיְהִי֙ (הגעיה ע""פ קורן וסימנים)}}{{גודל גופן|2|{{הערה|בספרי ספרד ואשכנז וַֽיְהִי֙}}}} כׇּל־יְמֵי־נֹ֔חַ תְּשַׁ֤ע מֵאוֹת֙ שָׁנָ֔ה וַחֲמִשִּׁ֖ים שָׁנָ֑ה וַיָּמֹֽת׃"
ספר בראשית/ט	תתת	<noinclude>//{{תבנית:משתמש:Dovi/טעמי המקרא-סוף}}//{{מ:שוליים-סוף}}//==הפרק בלי מספרים==//{{תבנית:משתמש:Dovi/טעמי המקרא}}//{{#בלי קטע:{{שם הדף המלא}}|סימן}}//{{תבנית:משתמש:Dovi/טעמי המקרא-סוף}}//==הערות==//{{תבנית:משתמש:Dovi/טעמי המקרא}}//<references/>//{{תבנית:משתמש:Dovi/טעמי המקרא-סוף}}</noinclude>		
ספר בראשית/י	0	<noinclude>{{תבנית:טעמי המקרא באינטרנט (עליון)}}//{{מ:שוליים|5}}//{{תבנית:משתמש:Dovi/טעמי המקרא}}//</noinclude>		
ספר בראשית/י	א	{{פפ}}//	{{מ:פסוק|בראשית|י|א}}	וְאֵ֙לֶּה֙ תּוֹלְדֹ֣ת בְּנֵי־נֹ֔חַ שֵׁ֖ם חָ֣ם וָיָ֑פֶת וַיִּוָּלְד֥וּ לָהֶ֛ם בָּנִ֖ים אַחַ֥ר הַמַּבּֽוּל׃
ספר בראשית/י	ב	__	{{מ:פסוק|בראשית|י|ב}}	בְּנֵ֣י יֶ֔פֶת גֹּ֣מֶר וּמָג֔וֹג וּמָדַ֖י וְיָוָ֣ן וְתֻבָ֑ל וּמֶ֖שֶׁךְ וְתִירָֽס׃
ספר בראשית/י	ג	__	{{מ:פסוק|בראשית|י|ג}}	וּבְנֵ֖י גֹּ֑מֶר {{נוסח|אַשְׁכְּנַ֥ז|=ש ובדפוסים|ל=אַשְׁכֲּנַ֥ז (חטף)|הערת ברויאר}} וְרִיפַ֖ת וְתֹגַרְמָֽה׃
ספר בראשית/י	ד	__	{{מ:פסוק|בראשית|י|ד}}	וּבְנֵ֥י יָוָ֖ן אֱלִישָׁ֣ה וְתַרְשִׁ֑ישׁ כִּתִּ֖ים וְדֹדָנִֽים׃
ספר בראשית/י	ה	__	{{מ:פסוק|בראשית|י|ה}}	מֵ֠אֵ֠לֶּה נִפְרְד֞וּ אִיֵּ֤י הַגּוֹיִם֙ בְּאַרְצֹתָ֔ם אִ֖ישׁ לִלְשֹׁנ֑וֹ לְמִשְׁפְּחֹתָ֖ם בְּגוֹיֵהֶֽם׃
ספר בראשית/י	ו	__	{{מ:פסוק|בראשית|י|ו}}	וּבְנֵ֖י חָ֑ם כּ֥וּשׁ וּמִצְרַ֖יִם וּפ֥וּט וּכְנָֽעַן׃
ספר בראשית/י	ז	__	{{מ:פסוק|בראשית|י|ז}}	וּבְנֵ֣י {{נוסח|כ֔וּשׁ|=ל (בשתי נקודות לזקף קטן)|דפוסים=כ֗וּשׁ (בנקודה אחת של טעם רביעי)}} סְבָא֙ {{נוסח|וַֽחֲוִילָ֔ה|ל=וַֽחֲוִילָ֔ה בגעיה ימנית}} וְסַבְתָּ֥ה וְרַעְמָ֖ה וְסַבְתְּכָ֑א וּבְנֵ֥י רַעְמָ֖ה שְׁבָ֥א וּדְדָֽן׃
ספר בראשית/י	ח	__	{{מ:פסוק|בראשית|י|ח}}	וְכ֖וּשׁ יָלַ֣ד אֶת־נִמְרֹ֑ד ה֣וּא הֵחֵ֔ל {{נוסח|לִֽהְי֥וֹת|ל=לִֽהְי֥וֹת בגעיה ימנית}} גִּבֹּ֖ר בָּאָֽרֶץ׃
ספר בראשית/י	ט	__	{{מ:פסוק|בראשית|י|ט}}	הֽוּא־הָיָ֥ה גִבֹּֽר־צַ֖יִד לִפְנֵ֣י יְהֹוָ֑ה עַל־כֵּן֙ יֵֽאָמַ֔ר כְּנִמְרֹ֛ד גִּבּ֥וֹר צַ֖יִד לִפְנֵ֥י יְהֹוָֽה׃
ספר בראשית/י	י	__	{{מ:פסוק|בראשית|י|י}}	וַתְּהִ֨י רֵאשִׁ֤ית מַמְלַכְתּוֹ֙ בָּבֶ֔ל וְאֶ֖רֶךְ וְאַכַּ֣ד {{נוסח|וְכַלְנֵ֑ה|=א(ס)ל <סגול? אינו כן אלא צֵרי>}} בְּאֶ֖רֶץ שִׁנְעָֽר׃
ספר בראשית/י	יא	__	{{מ:פסוק|בראשית|י|יא}}	מִן־הָאָ֥רֶץ הַהִ֖וא יָצָ֣א אַשּׁ֑וּר וַיִּ֙בֶן֙ אֶת־נִ֣ינְוֵ֔ה וְאֶת־רְחֹבֹ֥ת עִ֖יר וְאֶת־כָּֽלַח׃
ספר בראשית/י	יב	__	{{מ:פסוק|בראשית|י|יב}}	וְֽאֶת־רֶ֔סֶן בֵּ֥ין נִֽינְוֵ֖ה וּבֵ֣ין כָּ֑לַח הִ֖וא הָעִ֥יר הַגְּדֹלָֽה׃
ספר בראשית/י	יג	__	{{מ:פסוק|בראשית|י|יג}}	וּמִצְרַ֡יִם יָלַ֞ד אֶת־לוּדִ֧ים וְאֶת־עֲנָמִ֛ים וְאֶת־לְהָבִ֖ים וְאֶת־נַפְתֻּחִֽים׃
ספר בראשית/י	יד	__	{{מ:פסוק|בראשית|י|יד}}	וְֽאֶת־פַּתְרֻסִ֞ים וְאֶת־כַּסְלֻחִ֗ים אֲשֶׁ֨ר יָצְא֥וּ מִשָּׁ֛ם פְּלִשְׁתִּ֖ים וְאֶת־כַּפְתֹּרִֽים׃
ספר בראשית/י	טו	//{{סס}}	{{מ:פסוק|בראשית|י|טו}}	וּכְנַ֗עַן יָלַ֛ד אֶת־צִידֹ֥ן בְּכֹר֖וֹ וְאֶת־חֵֽת׃
ספר בראשית/י	טז	__	{{מ:פסוק|בראשית|י|טז}}	וְאֶת־הַיְבוּסִי֙ וְאֶת־הָ֣אֱמֹרִ֔י וְאֵ֖ת הַגִּרְגָּשִֽׁי׃
ספר בראשית/י	יז	__	{{מ:פסוק|בראשית|י|יז}}	"{{נוסח|וְאֶת־הַֽחִוִּ֥י|ל=וְאֶת־הַֽחִוִּ֥י בגעיה ימנית}} {{נוסח|וְאֶת־הַֽעַרְקִ֖י|ל=וְאֶת־הַֽעַרְקִ֖י בגעיה ימנית|דפוסים=וְאֶת־הָֽעַרְקִ֖י (ה""א בקמץ)}} וְאֶת־הַסִּינִֽי׃"
ספר בראשית/י	יח	__	{{מ:פסוק|בראשית|י|יח}}	{{נוסח|וְאֶת־הָֽאַרְוָדִ֥י|ל=וְאֶת־הָֽאַרְוָדִ֥י בגעיה ימנית}} וְאֶת־הַצְּמָרִ֖י {{נוסח|וְאֶת־הַֽחֲמָתִ֑י|ל=וְאֶת־הַֽחֲמָתִ֑י בגעיה ימנית}} וְאַחַ֣ר נָפֹ֔צוּ מִשְׁפְּח֖וֹת {{נוסח|הַֽכְּנַעֲנִֽי|ל=הַֽכְּנַעֲנִֽי בגעיה ימנית}}׃
ספר בראשית/י	יט	__	{{מ:פסוק|בראשית|י|יט}}	"{{נוסח|וַֽיְהִ֞י|=ל (וַֽיְהִ֞י בגעיה ימנית)|ברויאר מחק את הגעיה (וַיְהִ֞י) ע""פ כתי""ל1}} גְּב֤וּל {{נוסח|הַֽכְּנַעֲנִי֙|ל=הַֽכְּנַעֲנִי֙ בגעיה ימנית}} מִצִּידֹ֔ן בֹּאֲכָ֥ה גְרָ֖רָה עַד־עַזָּ֑ה בֹּאֲכָ֞ה סְדֹ֧מָה וַעֲמֹרָ֛ה וְאַדְמָ֥ה וּצְבֹיִ֖ם עַד־לָֽשַׁע׃"
ספר בראשית/י	כ	__	{{מ:פסוק|בראשית|י|כ}}	אֵ֣לֶּה בְנֵי־חָ֔ם לְמִשְׁפְּחֹתָ֖ם לִלְשֹֽׁנֹתָ֑ם בְּאַרְצֹתָ֖ם בְּגוֹיֵהֶֽם׃
ספר בראשית/י	כא	//{{סס}}	{{מ:פסוק|בראשית|י|כא}}	וּלְשֵׁ֥ם יֻלַּ֖ד גַּם־ה֑וּא אֲבִי֙ כׇּל־בְּנֵי־עֵ֔בֶר אֲחִ֖י יֶ֥פֶת הַגָּדֽוֹל׃
ספר בראשית/י	כב	__	{{מ:פסוק|בראשית|י|כב}}	בְּנֵ֥י שֵׁ֖ם עֵילָ֣ם וְאַשּׁ֑וּר וְאַרְפַּכְשַׁ֖ד וְל֥וּד {{נוסח|וַֽאֲרָֽם|ל=וַֽאֲרָֽם בגעיה ימנית}}׃
ספר בראשית/י	כג	__	{{מ:פסוק|בראשית|י|כג}}	וּבְנֵ֖י אֲרָ֑ם ע֥וּץ וְח֖וּל וְגֶ֥תֶר וָמַֽשׁ׃
ספר בראשית/י	כד	__	{{מ:פסוק|בראשית|י|כד}}	וְאַרְפַּכְשַׁ֖ד יָלַ֣ד אֶת־שָׁ֑לַח וְשֶׁ֖לַח יָלַ֥ד אֶת־עֵֽבֶר׃
ספר בראשית/י	כה	__	{{מ:פסוק|בראשית|י|כה}}	וּלְעֵ֥בֶר יֻלַּ֖ד שְׁנֵ֣י בָנִ֑ים שֵׁ֣ם {{נוסח|הָֽאֶחָ֞ד|ל=הָֽאֶחָ֞ד בגעיה ימנית}} פֶּ֗לֶג כִּ֤י בְיָמָיו֙ נִפְלְגָ֣ה הָאָ֔רֶץ וְשֵׁ֥ם אָחִ֖יו יׇקְטָֽן׃
ספר בראשית/י	כו	__	{{מ:פסוק|בראשית|י|כו}}	וְיׇקְטָ֣ן יָלַ֔ד אֶת־אַלְמוֹדָ֖ד וְאֶת־שָׁ֑לֶף וְאֶת־חֲצַרְמָ֖וֶת וְאֶת־יָֽרַח׃
ספר בראשית/י	כז	__	{{מ:פסוק|בראשית|י|כז}}	וְאֶת־הֲדוֹרָ֥ם וְאֶת־אוּזָ֖ל וְאֶת־דִּקְלָֽה׃
ספר בראשית/י	כח	__	{{מ:פסוק|בראשית|י|כח}}	וְאֶת־עוֹבָ֥ל וְאֶת־אֲבִֽימָאֵ֖ל וְאֶת־שְׁבָֽא׃
ספר בראשית/י	כט	__	{{מ:פסוק|בראשית|י|כט}}	וְאֶת־אוֹפִ֥ר וְאֶת־חֲוִילָ֖ה וְאֶת־יוֹבָ֑ב כׇּל־אֵ֖לֶּה בְּנֵ֥י יׇקְטָֽן׃
ספר בראשית/י	ל	__	{{מ:פסוק|בראשית|י|ל}}	"{{נוסח|וַֽיְהִ֥י|=ל (וַֽיְהִ֥י בגעיה ימנית)|ברויאר מחק את הגעיה (וַיְהִ֥י) ע""פ כתי""ל1}} מוֹשָׁבָ֖ם מִמֵּשָׁ֑א בֹּאֲכָ֥ה סְפָ֖רָה הַ֥ר הַקֶּֽדֶם׃"
ספר בראשית/י	לא	__	{{מ:פסוק|בראשית|י|לא}}	אֵ֣לֶּה בְנֵי־שֵׁ֔ם לְמִשְׁפְּחֹתָ֖ם לִלְשֹׁנֹתָ֑ם בְּאַרְצֹתָ֖ם לְגוֹיֵהֶֽם׃
ספר בראשית/י	לב	__	{{מ:פסוק|בראשית|י|לב}}	אֵ֣לֶּה מִשְׁפְּחֹ֧ת בְּנֵי־נֹ֛חַ לְתוֹלְדֹתָ֖ם בְּגוֹיֵהֶ֑ם {{נוסח|וּמֵאֵ֜לֶּה|=ל (בטעם גרש)|דפוסים=וּמֵאֵ֗לֶּה (בטעם רביעי)}} נִפְרְד֧וּ הַגּוֹיִ֛ם בָּאָ֖רֶץ אַחַ֥ר הַמַּבּֽוּל׃
ספר בראשית/י	תתת	<noinclude>//{{תבנית:משתמש:Dovi/טעמי המקרא-סוף}}//{{מ:שוליים-סוף}}//==הפרק בלי מספרים==//{{תבנית:משתמש:Dovi/טעמי המקרא}}//{{#בלי קטע:{{שם הדף המלא}}|סימן}}//{{תבנית:משתמש:Dovi/טעמי המקרא-סוף}}</noinclude>		
ספר בראשית/יא	0	<noinclude>{{תבנית:טעמי המקרא באינטרנט (עליון)}}//{{מ:שוליים|5}}//{{תבנית:משתמש:Dovi/טעמי המקרא}}//</noinclude>		
ספר בראשית/יא	א	{{פפ}}//	{{מ:פסוק|בראשית|יא|א|סדר=ט|עלייה=שביעי}}	"{{נוסח|וַֽיְהִ֥י|=ל (וַֽיְהִ֥י בגעיה ימנית)|ברויאר מחק את הגעיה (וַיְהִ֥י) ע""פ כתי""ל1}} כׇל־הָאָ֖רֶץ שָׂפָ֣ה אֶחָ֑ת וּדְבָרִ֖ים אֲחָדִֽים׃"
ספר בראשית/יא	ב	__	{{מ:פסוק|בראשית|יא|ב}}	"{{נוסח|וַֽיְהִ֖י|=ל (וַֽיְהִ֖י בגעיה ימנית)|ברויאר מחק את הגעיה (וַיְהִ֖י) ע""פ כתי""ל1}} בְּנׇסְעָ֣ם מִקֶּ֑דֶם {{נוסח|וַֽיִּמְצְא֥וּ|ל=וַֽיִּמְצְא֥וּ בגעיה ימנית}} בִקְעָ֛ה בְּאֶ֥רֶץ שִׁנְעָ֖ר וַיֵּ֥שְׁבוּ שָֽׁם׃"
ספר בראשית/יא	ג	__	{{מ:פסוק|בראשית|יא|ג}}	וַיֹּאמְר֞וּ אִ֣ישׁ אֶל־רֵעֵ֗הוּ הָ֚בָה נִלְבְּנָ֣ה לְבֵנִ֔ים וְנִשְׂרְפָ֖ה לִשְׂרֵפָ֑ה וַתְּהִ֨י לָהֶ֤ם הַלְּבֵנָה֙ לְאָ֔בֶן וְהַ֣חֵמָ֔ר הָיָ֥ה לָהֶ֖ם לַחֹֽמֶר׃
ספר בראשית/יא	ד	__	{{מ:פסוק|בראשית|יא|ד}}	וַיֹּאמְר֞וּ הָ֣בָה{{מ:לגרמיה}}נִבְנֶה־לָּ֣נוּ עִ֗יר וּמִגְדָּל֙ וְרֹאשׁ֣וֹ בַשָּׁמַ֔יִם וְנַֽעֲשֶׂה־לָּ֖נוּ שֵׁ֑ם פֶּן־נָפ֖וּץ עַל־פְּנֵ֥י כׇל־הָאָֽרֶץ׃
ספר בראשית/יא	ה	__	{{מ:פסוק|בראשית|יא|ה}}	וַיֵּ֣רֶד יְהֹוָ֔ה לִרְאֹ֥ת אֶת־הָעִ֖יר וְאֶת־הַמִּגְדָּ֑ל אֲשֶׁ֥ר בָּנ֖וּ בְּנֵ֥י הָאָדָֽם׃
ספר בראשית/יא	ו	__	{{מ:פסוק|בראשית|יא|ו}}	וַיֹּ֣אמֶר יְהֹוָ֗ה הֵ֣ן עַ֤ם אֶחָד֙ וְשָׂפָ֤ה אַחַת֙ לְכֻלָּ֔ם וְזֶ֖ה הַחִלָּ֣ם לַעֲשׂ֑וֹת וְעַתָּה֙ לֹֽא־יִבָּצֵ֣ר מֵהֶ֔ם כֹּ֛ל אֲשֶׁ֥ר יָזְמ֖וּ {{נוסח|לַֽעֲשֽׂוֹת|ל=לַֽעֲשֽׂוֹת בגעיה ימנית}}׃
ספר בראשית/יא	ז	__	{{מ:פסוק|בראשית|יא|ז}}	הָ֚בָה {{נוסח|נֵֽרְדָ֔ה|ל=נֵֽרְדָ֔ה בגעיה ימנית}} וְנָבְלָ֥ה שָׁ֖ם שְׂפָתָ֑ם אֲשֶׁר֙ לֹ֣א יִשְׁמְע֔וּ אִ֖ישׁ שְׂפַ֥ת רֵעֵֽהוּ׃
ספר בראשית/יא	ח	__	{{מ:פסוק|בראשית|יא|ח}}	וַיָּ֨פֶץ יְהֹוָ֥ה אֹתָ֛ם מִשָּׁ֖ם עַל־פְּנֵ֣י כׇל־הָאָ֑רֶץ {{נוסח|וַֽיַּחְדְּל֖וּ|ל=וַֽיַּחְדְּל֖וּ בגעיה ימנית}} לִבְנֹ֥ת הָעִֽיר׃
ספר בראשית/יא	ט	__	{{מ:פסוק|בראשית|יא|ט}}	עַל־כֵּ֞ן קָרָ֤א שְׁמָהּ֙ בָּבֶ֔ל כִּי־שָׁ֛ם בָּלַ֥ל יְהֹוָ֖ה שְׂפַ֣ת כׇּל־הָאָ֑רֶץ וּמִשָּׁם֙ הֱפִיצָ֣ם יְהֹוָ֔ה עַל־פְּנֵ֖י כׇּל־הָאָֽרֶץ׃
ספר בראשית/יא	י	//{{פפ}}//	{{מ:פסוק|בראשית|יא|י}}	אֵ֚לֶּה תּוֹלְדֹ֣ת שֵׁ֔ם שֵׁ֚ם בֶּן־מְאַ֣ת שָׁנָ֔ה וַיּ֖וֹלֶד אֶת־אַרְפַּכְשָׁ֑ד שְׁנָתַ֖יִם אַחַ֥ר הַמַּבּֽוּל׃
ספר בראשית/יא	יא	__	{{מ:פסוק|בראשית|יא|יא}}	{{נוסח|וַֽיְחִי־שֵׁ֗ם|ל=וַֽיְחִי־שֵׁ֗ם בגעיה ימנית}} {{נוסח|אַֽחֲרֵי֙|ל=אַֽחֲרֵי֙ בגעיה ימנית}} הוֹלִיד֣וֹ אֶת־אַרְפַּכְשָׁ֔ד חֲמֵ֥שׁ מֵא֖וֹת שָׁנָ֑ה וַיּ֥וֹלֶד בָּנִ֖ים וּבָנֽוֹת׃
ספר בראשית/יא	יב	//{{סס}}	{{מ:פסוק|בראשית|יא|יב}}	וְאַרְפַּכְשַׁ֣ד חַ֔י חָמֵ֥שׁ וּשְׁלֹשִׁ֖ים שָׁנָ֑ה וַיּ֖וֹלֶד אֶת־שָֽׁלַח׃
ספר בראשית/יא	יג	__	{{מ:פסוק|בראשית|יא|יג}}	"{{נוסח|וַֽיְחִ֣י|=ל (וַֽיְחִ֣י בגעיה ימנית)|ברויאר מחק את הגעיה (וַיְחִ֣י) ע""פ כתי""ל1}} אַרְפַּכְשַׁ֗ד {{נוסח|אַֽחֲרֵי֙|ל=אַֽחֲרֵי֙ בגעיה ימנית}} הוֹלִיד֣וֹ אֶת־שֶׁ֔לַח שָׁלֹ֣שׁ שָׁנִ֔ים וְאַרְבַּ֥ע מֵא֖וֹת שָׁנָ֑ה וַיּ֥וֹלֶד בָּנִ֖ים וּבָנֽוֹת׃"
ספר בראשית/יא	יד	//{{סס}}	{{מ:פסוק|בראשית|יא|יד}}	וְשֶׁ֥לַח חַ֖י שְׁלֹשִׁ֣ים שָׁנָ֑ה וַיּ֖וֹלֶד אֶת־עֵֽבֶר׃
ספר בראשית/יא	טו	__	{{מ:פסוק|בראשית|יא|טו}}	{{נוסח|וַֽיְחִי־שֶׁ֗לַח|וַֽיְחִי־שֶׁ֗לַח בגעיה ימנית}} אַחֲרֵי֙ הוֹלִיד֣וֹ אֶת־עֵ֔בֶר שָׁלֹ֣שׁ שָׁנִ֔ים וְאַרְבַּ֥ע מֵא֖וֹת שָׁנָ֑ה וַיּ֥וֹלֶד בָּנִ֖ים וּבָנֽוֹת׃
ספר בראשית/יא	טז	//{{סס}}	{{מ:פסוק|בראשית|יא|טז}}	וַֽיְחִי־עֵ֕בֶר אַרְבַּ֥ע וּשְׁלֹשִׁ֖ים שָׁנָ֑ה וַיּ֖וֹלֶד אֶת־פָּֽלֶג׃
ספר בראשית/יא	יז	__	{{מ:פסוק|בראשית|יא|יז}}	וַֽיְחִי־עֵ֗בֶר אַחֲרֵי֙ הוֹלִיד֣וֹ אֶת־פֶּ֔לֶג שְׁלֹשִׁ֣ים שָׁנָ֔ה וְאַרְבַּ֥ע מֵא֖וֹת שָׁנָ֑ה וַיּ֥וֹלֶד בָּנִ֖ים וּבָנֽוֹת׃
ספר בראשית/יא	יח	//{{סס}}	{{מ:פסוק|בראשית|יא|יח}}	{{נוסח|וַֽיְחִי־פֶ֖לֶג|ל=וַֽיְחִי־פֶ֖לֶג בגעיה ימנית}} שְׁלֹשִׁ֣ים שָׁנָ֑ה וַיּ֖וֹלֶד אֶת־רְעֽוּ׃
ספר בראשית/יא	יט	__	{{מ:פסוק|בראשית|יא|יט}}	{{נוסח|וַֽיְחִי־פֶ֗לֶג|ל=וַֽיְחִי־פֶ֗לֶג בגעיה ימנית}} אַחֲרֵי֙ הוֹלִיד֣וֹ אֶת־רְע֔וּ תֵּ֥שַׁע שָׁנִ֖ים וּמָאתַ֣יִם שָׁנָ֑ה וַיּ֥וֹלֶד בָּנִ֖ים וּבָנֽוֹת׃
ספר בראשית/יא	כ	//{{סס}}	{{מ:פסוק|בראשית|יא|כ}}	וַיְחִ֣י רְע֔וּ שְׁתַּ֥יִם וּשְׁלֹשִׁ֖ים שָׁנָ֑ה וַיּ֖וֹלֶד אֶת־שְׂרֽוּג׃
ספר בראשית/יא	כא	__	{{מ:פסוק|בראשית|יא|כא}}	וַיְחִ֣י רְע֗וּ אַחֲרֵי֙ הוֹלִיד֣וֹ אֶת־שְׂר֔וּג שֶׁ֥בַע שָׁנִ֖ים וּמָאתַ֣יִם שָׁנָ֑ה וַיּ֥וֹלֶד בָּנִ֖ים וּבָנֽוֹת׃
ספר בראשית/יא	כב	//{{סס}}	{{מ:פסוק|בראשית|יא|כב}}	וַיְחִ֥י שְׂר֖וּג שְׁלֹשִׁ֣ים שָׁנָ֑ה וַיּ֖וֹלֶד אֶת־נָחֽוֹר׃
ספר בראשית/יא	כג	__	{{מ:פסוק|בראשית|יא|כג}}	וַיְחִ֣י שְׂר֗וּג אַחֲרֵ֛י הוֹלִיד֥וֹ אֶת־נָח֖וֹר מָאתַ֣יִם שָׁנָ֑ה וַיּ֥וֹלֶד בָּנִ֖ים וּבָנֽוֹת׃
ספר בראשית/יא	כד	//{{סס}}	{{מ:פסוק|בראשית|יא|כד}}	וַיְחִ֣י נָח֔וֹר תֵּ֥שַׁע וְעֶשְׂרִ֖ים שָׁנָ֑ה וַיּ֖וֹלֶד אֶת־תָּֽרַח׃
ספר בראשית/יא	כה	__	{{מ:פסוק|בראשית|יא|כה}}	וַיְחִ֣י נָח֗וֹר אַחֲרֵי֙ הוֹלִיד֣וֹ אֶת־תֶּ֔רַח תְּשַֽׁע־עֶשְׂרֵ֥ה שָׁנָ֖ה וּמְאַ֣ת שָׁנָ֑ה וַיּ֥וֹלֶד בָּנִ֖ים וּבָנֽוֹת׃
ספר בראשית/יא	כו	//{{סס}}	{{מ:פסוק|בראשית|יא|כו}}	{{נוסח|וַֽיְחִי־תֶ֖רַח|ל=וַֽיְחִי־תֶ֖רַח בגעיה ימנית}} שִׁבְעִ֣ים שָׁנָ֑ה וַיּ֙וֹלֶד֙ אֶת־אַבְרָ֔ם אֶת־נָח֖וֹר וְאֶת־הָרָֽן׃
ספר בראשית/יא	כז	__	{{מ:פסוק|בראשית|יא|כז}}	וְאֵ֙לֶּה֙ תּוֹלְדֹ֣ת תֶּ֔רַח תֶּ֚רַח הוֹלִ֣יד אֶת־אַבְרָ֔ם אֶת־נָח֖וֹר וְאֶת־הָרָ֑ן וְהָרָ֖ן הוֹלִ֥יד אֶת־לֽוֹט׃
ספר בראשית/יא	כח	__	{{מ:פסוק|בראשית|יא|כח}}	וַיָּ֣מׇת הָרָ֔ן עַל־פְּנֵ֖י תֶּ֣רַח אָבִ֑יו בְּאֶ֥רֶץ מוֹלַדְתּ֖וֹ בְּא֥וּר כַּשְׂדִּֽים׃
ספר בראשית/יא	כט	__	{{מ:פסוק|בראשית|יא|כט|עלייה=מפטיר}}	וַיִּקַּ֨ח אַבְרָ֧ם וְנָח֛וֹר לָהֶ֖ם נָשִׁ֑ים שֵׁ֤ם אֵֽשֶׁת־אַבְרָם֙ {{נוסח|שָׂרָ֔י|=א(ס)ל <קמץ? כן ונמסר עליו לית>}} וְשֵׁ֤ם אֵֽשֶׁת־נָחוֹר֙ מִלְכָּ֔ה בַּת־הָרָ֥ן אֲבִֽי־מִלְכָּ֖ה {{נוסח|וַֽאֲבִ֥י|ל=וַֽאֲבִ֥י בגעיה ימנית}} יִסְכָּֽה׃
ספר בראשית/יא	ל	__	{{מ:פסוק|בראשית|יא|ל}}	וַתְּהִ֥י שָׂרַ֖י עֲקָרָ֑ה אֵ֥ין לָ֖הּ וָלָֽד׃
ספר בראשית/יא	לא	__	{{מ:פסוק|בראשית|יא|לא}}	וַיִּקַּ֨ח תֶּ֜רַח אֶת־אַבְרָ֣ם בְּנ֗וֹ וְאֶת־ל֤וֹט בֶּן־הָרָן֙ בֶּן־בְּנ֔וֹ וְאֵת֙ שָׂרַ֣י כַּלָּת֔וֹ אֵ֖שֶׁת אַבְרָ֣ם בְּנ֑וֹ וַיֵּצְא֨וּ אִתָּ֜ם מֵא֣וּר כַּשְׂדִּ֗ים לָלֶ֙כֶת֙ אַ֣רְצָה כְּנַ֔עַן וַיָּבֹ֥אוּ עַד־חָרָ֖ן וַיֵּ֥שְׁבוּ שָֽׁם׃
ספר בראשית/יא	לב	__	{{מ:פסוק|בראשית|יא|לב}}	וַיִּהְי֣וּ יְמֵי־תֶ֔רַח חָמֵ֥שׁ שָׁנִ֖ים וּמָאתַ֣יִם שָׁנָ֑ה וַיָּ֥מׇת תֶּ֖רַח בְּחָרָֽן׃
ספר בראשית/יא	תתת	<noinclude>//{{תבנית:משתמש:Dovi/טעמי המקרא-סוף}}//{{מ:שוליים-סוף}}//==הפרק בלי מספרים==//{{תבנית:משתמש:Dovi/טעמי המקרא}}//{{#בלי קטע:{{שם הדף המלא}}|סימן}}//{{תבנית:משתמש:Dovi/טעמי המקרא-סוף}}</noinclude>		
