ספר תרי עשר/מיכה א	0	<noinclude>{{תבנית:טעמי המקרא באינטרנט}}//{{מ:שוליים|5}}//{{תבנית:משתמש:Dovi/טעמי המקרא}}//</noinclude>		
ספר תרי עשר/מיכה א	א	{{מ:רווח בתרי עשר|מיכה}}	{{מ:פסוק|מיכה|א|א|סדר=י}}	דְּבַר־יְהֹוָ֣ה{{מ:לגרמיה}}אֲשֶׁ֣ר הָיָ֗ה אֶל־מִיכָה֙ הַמֹּ֣רַשְׁתִּ֔י בִּימֵ֥י יוֹתָ֛ם אָחָ֥ז יְחִזְקִיָּ֖ה מַלְכֵ֣י יְהוּדָ֑ה אֲשֶׁר־חָזָ֥ה עַל־שֹׁמְר֖וֹן וִירֽוּשָׁל{{מ:ירושלם|ָ|ֽ}}ם׃
ספר תרי עשר/מיכה א	ב	__	{{מ:פסוק|מיכה|א|ב}}	שִׁמְעוּ֙ עַמִּ֣ים כֻּלָּ֔ם הַקְשִׁ֖יבִי אֶ֣רֶץ וּמְלֹאָ֑הּ וִיהִי֩ אֲדֹנָ֨י יֱהֹוִ֤ה בָּכֶם֙ לְעֵ֔ד אֲדֹנָ֖י מֵהֵיכַ֥ל קׇדְשֽׁוֹ׃
ספר תרי עשר/מיכה א	ג	__	{{מ:פסוק|מיכה|א|ג}}	"כִּֽי־הִנֵּ֥ה יְהֹוָ֖ה יֹצֵ֣א מִמְּקוֹמ֑וֹ וְיָרַ֥ד וְדָרַ֖ךְ {{נוסח|עַל־{{קו""כ|במותי|בָּ֥מֳתֵי}}|לגבי הקמץ הרחב בבי""ת ראו בהערה על דברים לב,יג.}} אָֽרֶץ׃"
ספר תרי עשר/מיכה א	ד	__	{{מ:פסוק|מיכה|א|ד}}	וְנָמַ֤סּוּ הֶֽהָרִים֙ תַּחְתָּ֔יו וְהָעֲמָקִ֖ים יִתְבַּקָּ֑עוּ כַּדּוֹנַג֙ מִפְּנֵ֣י הָאֵ֔שׁ כְּמַ֖יִם מֻגָּרִ֥ים בְּמוֹרָֽד׃
ספר תרי עשר/מיכה א	ה	__	{{מ:פסוק|מיכה|א|ה}}	בְּפֶ֤שַׁע יַֽעֲקֹב֙ כׇּל־זֹ֔את וּבְחַטֹּ֖אות בֵּ֣ית יִשְׂרָאֵ֑ל מִֽי־פֶ֣שַׁע יַעֲקֹ֗ב הֲלוֹא֙ שֹֽׁמְר֔וֹן וּמִי֙ בָּמ֣וֹת יְהוּדָ֔ה הֲל֖וֹא יְרוּשָׁל{{מ:ירושלם|ָ|ֽ}}ם׃
ספר תרי עשר/מיכה א	ו	__	{{מ:פסוק|מיכה|א|ו}}	וְשַׂמְתִּ֥י שֹׁמְר֛וֹן לְעִ֥י הַשָּׂדֶ֖ה לְמַטָּ֣עֵי כָ֑רֶם וְהִגַּרְתִּ֤י לַגַּי֙ אֲבָנֶ֔יהָ וִיסֹדֶ֖יהָ אֲגַלֶּֽה׃
ספר תרי עשר/מיכה א	ז	__	{{מ:פסוק|מיכה|א|ז}}	וְכׇל־פְּסִילֶ֣יהָ יֻכַּ֗תּוּ וְכׇל־אֶתְנַנֶּ֙יהָ֙ יִשָּׂרְפ֣וּ בָאֵ֔שׁ וְכׇל־עֲצַבֶּ֖יהָ אָשִׂ֣ים שְׁמָמָ֑ה כִּ֠י מֵאֶתְנַ֤ן זוֹנָה֙ קִבָּ֔צָה וְעַד־אֶתְנַ֥ן זוֹנָ֖ה יָשֽׁוּבוּ׃
ספר תרי עשר/מיכה א	ח	__	{{מ:פסוק|מיכה|א|ח}}	"עַל־זֹאת֙ אֶסְפְּדָ֣ה וְאֵילִ֔ילָה אֵילְכָ֥ה {{כו""ק|שילל|שׁוֹלָ֖ל}} וְעָר֑וֹם אֶעֱשֶׂ֤ה מִסְפֵּד֙ כַּתַּנִּ֔ים וְאֵ֖בֶל כִּבְנ֥וֹת יַעֲנָֽה׃"
ספר תרי עשר/מיכה א	ט	__	{{מ:פסוק|מיכה|א|ט}}	כִּ֥י אֲנוּשָׁ֖ה מַכּוֹתֶ֑יהָ כִּי־בָ֙אָה֙ עַד־יְהוּדָ֔ה נָגַ֛ע עַד־שַׁ֥עַר עַמִּ֖י עַד־יְרוּשָׁל{{מ:ירושלם|ָ|ֽ}}ם׃
ספר תרי עשר/מיכה א	י	__	{{מ:פסוק|מיכה|א|י}}	"בְּגַת֙ אַל־תַּגִּ֔ידוּ בָּכ֖וֹ אַל־תִּבְכּ֑וּ בְּבֵ֣ית לְעַפְרָ֔ה עָפָ֖ר {{כו""ק|התפלשתי|הִתְפַּלָּֽשִׁי}}׃"
ספר תרי עשר/מיכה א	יא	__	{{מ:פסוק|מיכה|א|יא}}	עִבְרִ֥י לָכֶ֛ם יוֹשֶׁ֥בֶת שָׁפִ֖יר עֶרְיָה־בֹ֑שֶׁת לֹ֤א יָֽצְאָה֙ יוֹשֶׁ֣בֶת צַֽאֲנָ֔ן מִסְפַּד֙ בֵּ֣ית הָאֵ֔צֶל יִקַּ֥ח מִכֶּ֖ם עֶמְדָּתֽוֹ׃
ספר תרי עשר/מיכה א	יב	__	{{מ:פסוק|מיכה|א|יב}}	כִּֽי־חָ֥לָֽה לְט֖וֹב יוֹשֶׁ֣בֶת מָר֑וֹת כִּֽי־יָ֤רַד רָע֙ מֵאֵ֣ת יְהֹוָ֔ה לְשַׁ֖עַר יְרוּשָׁל{{מ:ירושלם|ָ|ֽ}}ם׃
ספר תרי עשר/מיכה א	יג	__	{{מ:פסוק|מיכה|א|יג}}	רְתֹ֧ם הַמֶּרְכָּבָ֛ה לָרֶ֖כֶשׁ יוֹשֶׁ֣בֶת לָכִ֑ישׁ רֵאשִׁ֨ית חַטָּ֥את הִיא֙ לְבַת־צִיּ֔וֹן כִּי־בָ֥ךְ נִמְצְא֖וּ פִּשְׁעֵ֥י יִשְׂרָאֵֽל׃
ספר תרי עשר/מיכה א	יד	__	{{מ:פסוק|מיכה|א|יד}}	לָכֵן֙ תִּתְּנִ֣י שִׁלּוּחִ֔ים עַ֖ל מוֹרֶ֣שֶׁת גַּ֑ת בָּתֵּ֤י אַכְזִיב֙ לְאַכְזָ֔ב {{נוסח|לְמַלְכֵ֖י|=ק ובדפוסים (בטעם טפחא)|ל=לְמַלְכֵ֥י (בטעם מרכא), אמנם בהקלדה יש טעם טפחא (טעות בעקבות BHS).|הערות ברויאר ודותן}} יִשְׂרָאֵֽל׃
ספר תרי עשר/מיכה א	טו	__	{{מ:פסוק|מיכה|א|טו}}	"עֹ֗ד הַיֹּרֵשׁ֙ אָ֣בִי לָ֔ךְ יוֹשֶׁ֖בֶת מָֽרֵשָׁ֑ה {{נוסח|עַד־עֲדֻלָּ֥ם|=ק ובדפוסים|ל=עַד־עֲדֻּֿלָּ֥ם (דל""ת דגושה בסימן רפה!)|הערת דותן והמקליד בגירסה 4.16}} יָב֖וֹא כְּב֥וֹד יִשְׂרָאֵֽל׃"
ספר תרי עשר/מיכה א	טז	__	{{מ:פסוק|מיכה|א|טז}}	קׇרְחִ֣י וָגֹ֔זִּי עַל־בְּנֵ֖י תַּעֲנוּגָ֑יִךְ הַרְחִ֤בִי קׇרְחָתֵךְ֙ כַּנֶּ֔שֶׁר כִּ֥י גָל֖וּ מִמֵּֽךְ׃
ספר תרי עשר/מיכה א	תתת	<noinclude>//{{תבנית:משתמש:Dovi/טעמי המקרא-סוף}}//{{מ:שוליים-סוף}}//==הפרק בלי מספרים==//{{תבנית:משתמש:Dovi/טעמי המקרא}}//{{#בלי קטע:{{שם הדף המלא}}|סימן}}//{{תבנית:משתמש:Dovi/טעמי המקרא-סוף}}//{{בסיס-משתמש|שם=משתמש:Dovi/תורה על פי המסורה/ספר תרי עשר}}</noinclude>		
ספר תרי עשר/מיכה ב	0	<noinclude>{{תבנית:טעמי המקרא באינטרנט}}//{{מ:שוליים|5}}//{{תבנית:משתמש:Dovi/טעמי המקרא}}//</noinclude>		
ספר תרי עשר/מיכה ב	א	{{סס}}	{{מ:פסוק|מיכה|ב|א}}	ה֧וֹי חֹֽשְׁבֵי־אָ֛וֶן וּפֹ֥עֲלֵי רָ֖ע עַל־מִשְׁכְּבוֹתָ֑ם בְּא֤וֹר הַבֹּ֙קֶר֙ יַעֲשׂ֔וּהָ כִּ֥י יֶשׁ־לְאֵ֖ל יָדָֽם׃
ספר תרי עשר/מיכה ב	ב	__	{{מ:פסוק|מיכה|ב|ב}}	וְחָמְד֤וּ שָׂדוֹת֙ וְגָזָ֔לוּ וּבָתִּ֖ים וְנָשָׂ֑אוּ וְעָֽשְׁקוּ֙ גֶּ֣בֶר וּבֵית֔וֹ וְאִ֖ישׁ וְנַחֲלָתֽוֹ׃
ספר תרי עשר/מיכה ב	ג	//{{נוסח|{{סס}}|ל=פרשה פתוחה}}	{{מ:פסוק|מיכה|ב|ג}}	לָכֵ֗ן כֹּ֚ה אָמַ֣ר יְהֹוָ֔ה הִנְנִ֥י חֹשֵׁ֛ב עַל־הַמִּשְׁפָּחָ֥ה הַזֹּ֖את רָעָ֑ה אֲ֠שֶׁ֠ר לֹֽא־תָמִ֨ישׁוּ מִשָּׁ֜ם צַוְּארֹֽתֵיכֶ֗ם וְלֹ֤א תֵֽלְכוּ֙ רוֹמָ֔ה כִּ֛י עֵ֥ת רָעָ֖ה הִֽיא׃
ספר תרי עשר/מיכה ב	ד	__	{{מ:פסוק|מיכה|ב|ד}}	בַּיּ֨וֹם הַה֜וּא יִשָּׂ֧א עֲלֵיכֶ֣ם מָשָׁ֗ל וְנָהָ֨ה נְהִ֤י נִֽהְיָה֙ אָמַר֙ שָׁד֣וֹד נְשַׁדֻּ֔נוּ חֵ֥לֶק עַמִּ֖י יָמִ֑יר אֵ֚יךְ יָמִ֣ישׁ לִ֔י לְשׁוֹבֵ֥ב שָׂדֵ֖ינוּ יְחַלֵּֽק׃
ספר תרי עשר/מיכה ב	ה	__	{{מ:פסוק|מיכה|ב|ה}}	לָכֵן֙ לֹֽא־יִֽהְיֶ֣ה לְךָ֔ מַשְׁלִ֥יךְ חֶ֖בֶל בְּגוֹרָ֑ל בִּקְהַ֖ל יְהֹוָֽה׃
ספר תרי עשר/מיכה ב	ו	__	{{מ:פסוק|מיכה|ב|ו}}	אַל־תַּטִּ֖פוּ יַטִּיפ֑וּן לֹֽא־יַטִּ֣פוּ לָאֵ֔לֶּה לֹ֥א יִסַּ֖ג כְּלִמּֽוֹת׃
ספר תרי עשר/מיכה ב	ז	__	{{מ:פסוק|מיכה|ב|ז}}	"הֶאָמ֣וּר בֵּֽית־יַעֲקֹ֗ב הֲקָצַר֙ ר֣וּחַ יְהֹוָ֔ה אִם־אֵ֖לֶּה מַעֲלָלָ֑יו הֲל֤וֹא {{נוסח|דְבָרַי֙|=ל ובדפוסים (טעם פשטא באות האחרונה)|הקלדה=דְבָרַ֨י (קדמא או שהטעם ברי""ש!), טעות בעקבות BHS.}} יֵיטִ֔יבוּ עִ֖ם הַיָּשָׁ֥ר {{נוסח|הֹלֵֽךְ|=א(ק)ש1 ומסורות-אל וטברניות ומ""ש|ל=הוֹלֵֽךְ (כתיב מלא וי""ו)}}׃"
ספר תרי עשר/מיכה ב	ח	__	{{מ:פסוק|מיכה|ב|ח}}	וְאֶתְמ֗וּל עַמִּי֙ לְאוֹיֵ֣ב יְקוֹמֵ֔ם מִמּ֣וּל שַׂלְמָ֔ה אֶ֖דֶר תַּפְשִׁט֑וּן מֵעֹבְרִ֣ים בֶּ֔טַח שׁוּבֵ֖י מִלְחָמָֽה׃
ספר תרי עשר/מיכה ב	ט	__	{{מ:פסוק|מיכה|ב|ט}}	נְשֵׁ֤י עַמִּי֙ תְּגָ֣רְשׁ֔וּן מִבֵּ֖ית תַּֽעֲנֻגֶ֑יהָ מֵעַל֙ עֹֽלָלֶ֔יהָ תִּקְח֥וּ הֲדָרִ֖י לְעוֹלָֽם׃
ספר תרי עשר/מיכה ב	י	__	{{מ:פסוק|מיכה|ב|י}}	ק֣וּמוּ וּלְכ֔וּ כִּ֥י לֹא־זֹ֖את הַמְּנוּחָ֑ה בַּעֲב֥וּר טָמְאָ֛ה תְּחַבֵּ֖ל וְחֶ֥בֶל נִמְרָֽץ׃
ספר תרי עשר/מיכה ב	יא	__	{{מ:פסוק|מיכה|ב|יא}}	לוּ־אִ֞ישׁ הֹלֵ֥ךְ ר֙וּחַ֙ וָשֶׁ֣קֶר כִּזֵּ֔ב אַטִּ֣ף לְךָ֔ לַיַּ֖יִן וְלַשֵּׁכָ֑ר וְהָיָ֥ה מַטִּ֖יף הָעָ֥ם הַזֶּֽה׃
ספר תרי עשר/מיכה ב	יב	__	{{מ:פסוק|מיכה|ב|יב}}	אָסֹ֨ף אֶאֱסֹ֜ף יַעֲקֹ֣ב כֻּלָּ֗ךְ קַבֵּ֤ץ אֲקַבֵּץ֙ שְׁאֵרִ֣ית יִשְׂרָאֵ֔ל יַ֥חַד אֲשִׂימֶ֖נּוּ כְּצֹ֣אן בׇּצְרָ֑ה כְּעֵ֙דֶר֙ בְּת֣וֹךְ הַדָּֽבְר֔וֹ תְּהִימֶ֖נָה מֵאָדָֽם׃
ספר תרי עשר/מיכה ב	יג	__	{{מ:פסוק|מיכה|ב|יג}}	עָלָ֤ה הַפֹּרֵץ֙ לִפְנֵיהֶ֔ם פָּֽרְצוּ֙ וַֽיַּעֲבֹ֔רוּ שַׁ֖עַר וַיֵּ֣צְאוּ ב֑וֹ וַיַּעֲבֹ֤ר מַלְכָּם֙ לִפְנֵיהֶ֔ם וַיהֹוָ֖ה בְּרֹאשָֽׁם׃
ספר תרי עשר/מיכה ב	תתת	<noinclude>//{{תבנית:משתמש:Dovi/טעמי המקרא-סוף}}//{{מ:שוליים-סוף}}//==הפרק בלי מספרים==//{{תבנית:משתמש:Dovi/טעמי המקרא}}//{{#בלי קטע:{{שם הדף המלא}}|סימן}}//{{תבנית:משתמש:Dovi/טעמי המקרא-סוף}}//{{בסיס-משתמש|שם=משתמש:Dovi/תורה על פי המסורה/ספר תרי עשר}}</noinclude>		
ספר תרי עשר/מיכה ג	0	<noinclude>{{תבנית:טעמי המקרא באינטרנט}}//{{מ:שוליים|5}}//{{תבנית:משתמש:Dovi/טעמי המקרא}}//</noinclude>		
ספר תרי עשר/מיכה ג	א	{{פפ}}//	{{מ:פסוק|מיכה|ג|א}}	וָאֹמַ֗ר שִׁמְעוּ־נָא֙ רָאשֵׁ֣י יַעֲקֹ֔ב וּקְצִינֵ֖י בֵּ֣ית יִשְׂרָאֵ֑ל הֲל֣וֹא לָכֶ֔ם לָדַ֖עַת אֶת־הַמִּשְׁפָּֽט׃
ספר תרי עשר/מיכה ג	ב	__	{{מ:פסוק|מיכה|ג|ב}}	"שֹׂ֥נְאֵי ט֖וֹב וְאֹ֣הֲבֵי {{כו""ק|רעה|רָ֑ע}} גֹּזְלֵ֤י עוֹרָם֙ מֵֽעֲלֵיהֶ֔ם וּשְׁאֵרָ֖ם מֵעַ֥ל עַצְמוֹתָֽם׃"
ספר תרי עשר/מיכה ג	ג	__	{{מ:פסוק|מיכה|ג|ג}}	וַאֲשֶׁ֣ר אָכְלוּ֮ שְׁאֵ֣ר עַמִּי֒ וְעוֹרָם֙ מֵעֲלֵיהֶ֣ם הִפְשִׁ֔יטוּ וְאֶת־עַצְמֹֽתֵיהֶ֖ם פִּצֵּ֑חוּ וּפָרְשׂוּ֙ כַּאֲשֶׁ֣ר בַּסִּ֔יר וּכְבָשָׂ֖ר בְּת֥וֹךְ קַלָּֽחַת׃
ספר תרי עשר/מיכה ג	ד	__	{{מ:פסוק|מיכה|ג|ד}}	אָ֚ז יִזְעֲק֣וּ אֶל־יְהֹוָ֔ה וְלֹ֥א יַעֲנֶ֖ה אוֹתָ֑ם וְיַסְתֵּ֨ר פָּנָ֤יו מֵהֶם֙ בָּעֵ֣ת הַהִ֔יא כַּאֲשֶׁ֥ר הֵרֵ֖עוּ מַעַלְלֵיהֶֽם׃
ספר תרי עשר/מיכה ג	ה	//{{פפ}}//	{{מ:פסוק|מיכה|ג|ה}}	כֹּ֚ה אָמַ֣ר יְהֹוָ֔ה עַל־הַנְּבִיאִ֖ים הַמַּתְעִ֣ים אֶת־עַמִּ֑י הַנֹּשְׁכִ֤ים בְּשִׁנֵּיהֶם֙ וְקָרְא֣וּ שָׁל֔וֹם וַאֲשֶׁר֙ לֹא־יִתֵּ֣ן עַל־פִּיהֶ֔ם וְקִדְּשׁ֥וּ עָלָ֖יו מִלְחָמָֽה׃
ספר תרי עשר/מיכה ג	ו	__	{{מ:פסוק|מיכה|ג|ו}}	לָכֵ֞ן לַ֤יְלָה לָכֶם֙ מֵֽחָז֔וֹן וְחָשְׁכָ֥ה לָכֶ֖ם מִקְּסֹ֑ם וּבָ֤אָה הַשֶּׁ֙מֶשׁ֙ עַל־הַנְּבִיאִ֔ים וְקָדַ֥ר עֲלֵיהֶ֖ם הַיּֽוֹם׃
ספר תרי עשר/מיכה ג	ז	__	{{מ:פסוק|מיכה|ג|ז}}	וּבֹ֣שׁוּ הַחֹזִ֗ים וְחָֽפְרוּ֙ הַקֹּ֣סְמִ֔ים וְעָט֥וּ עַל־שָׂפָ֖ם כֻּלָּ֑ם כִּ֛י אֵ֥ין מַעֲנֵ֖ה אֱלֹהִֽים׃
ספר תרי עשר/מיכה ג	ח	__	{{מ:פסוק|מיכה|ג|ח}}	וְאוּלָ֗ם אָנֹכִ֞י מָלֵ֤אתִי כֹ֙חַ֙ אֶת־ר֣וּחַ יְהֹוָ֔ה וּמִשְׁפָּ֖ט וּגְבוּרָ֑ה לְהַגִּ֤יד לְיַֽעֲקֹב֙ פִּשְׁע֔וֹ וּלְיִשְׂרָאֵ֖ל חַטָּאתֽוֹ׃
ספר תרי עשר/מיכה ג	ט	//{{נוסח|{{פפ}}|ל=פרשה סתומה}}//	{{מ:פסוק|מיכה|ג|ט}}	שִׁמְעוּ־נָ֣א זֹ֗את רָאשֵׁי֙ בֵּ֣ית יַעֲקֹ֔ב וּקְצִינֵ֖י בֵּ֣ית יִשְׂרָאֵ֑ל {{נוסח|הַֽמְתַעֲבִ֣ים|=דפוסים|ל=הַֽמֲתַעֲבִ֣ים (חטף)}} מִשְׁפָּ֔ט וְאֵ֥ת כׇּל־הַיְשָׁרָ֖ה יְעַקֵּֽשׁוּ׃
ספר תרי עשר/מיכה ג	י	__	{{מ:פסוק|מיכה|ג|י}}	בֹּנֶ֥ה צִיּ֖וֹן בְּדָמִ֑ים וִירוּשָׁל{{מ:ירושלם|ַ|֖}}ם בְּעַוְלָֽה׃
ספר תרי עשר/מיכה ג	יא	__	{{מ:פסוק|מיכה|ג|יא}}	רָאשֶׁ֣יהָ{{מ:לגרמיה}}בְּשֹׁ֣חַד יִשְׁפֹּ֗טוּ וְכֹהֲנֶ֙יהָ֙ בִּמְחִ֣יר יוֹר֔וּ וּנְבִיאֶ֖יהָ בְּכֶ֣סֶף יִקְסֹ֑מוּ וְעַל־יְהֹוָה֙ יִשָּׁעֵ֣נוּ לֵאמֹ֔ר הֲל֤וֹא יְהֹוָה֙ בְּקִרְבֵּ֔נוּ לֹֽא־תָב֥וֹא עָלֵ֖ינוּ רָעָֽה׃
ספר תרי עשר/מיכה ג	יב	__	{{מ:פסוק|מיכה|ג|יב}}	לָכֵן֙ בִּגְלַלְכֶ֔ם צִיּ֖וֹן שָׂדֶ֣ה תֵֽחָרֵ֑שׁ וִירוּשָׁל{{מ:ירושלם|ַ|֙}}ם֙ עִיִּ֣ין תִּֽהְיֶ֔ה וְהַ֥ר הַבַּ֖יִת לְבָמ֥וֹת יָֽעַר׃
ספר תרי עשר/מיכה ג	תתת	<noinclude>//{{תבנית:משתמש:Dovi/טעמי המקרא-סוף}}//{{מ:שוליים-סוף}}//==הפרק בלי מספרים==//{{תבנית:משתמש:Dovi/טעמי המקרא}}//{{#בלי קטע:{{שם הדף המלא}}|סימן}}//{{תבנית:משתמש:Dovi/טעמי המקרא-סוף}}//{{בסיס-משתמש|שם=משתמש:Dovi/תורה על פי המסורה/ספר תרי עשר}}</noinclude>		
ספר תרי עשר/מיכה ד	0	<noinclude>{{תבנית:טעמי המקרא באינטרנט}}//{{מ:שוליים|5}}//{{תבנית:משתמש:Dovi/טעמי המקרא}}//</noinclude>		
ספר תרי עשר/מיכה ד	א	{{פפ}}//	{{מ:פסוק|מיכה|ד|א}}	וְהָיָ֣ה{{מ:לגרמיה}}בְּאַחֲרִ֣ית הַיָּמִ֗ים יִ֠הְיֶ֠ה הַ֣ר בֵּית־יְהֹוָ֤ה נָכוֹן֙ בְּרֹ֣אשׁ הֶהָרִ֔ים וְנִשָּׂ֥א ה֖וּא מִגְּבָע֑וֹת וְנָהֲר֥וּ עָלָ֖יו עַמִּֽים׃
ספר תרי עשר/מיכה ד	ב	__	{{מ:פסוק|מיכה|ד|ב}}	וְֽהָלְכ֞וּ גּוֹיִ֣ם רַבִּ֗ים וְאָֽמְרוּ֙ לְכ֣וּ{{מ:לגרמיה}}וְנַעֲלֶ֣ה אֶל־הַר־יְהֹוָ֗ה וְאֶל־בֵּית֙ אֱלֹהֵ֣י יַעֲקֹ֔ב וְיוֹרֵ֙נוּ֙ מִדְּרָכָ֔יו וְנֵלְכָ֖ה בְּאֹֽרְחֹתָ֑יו כִּ֤י מִצִּיּוֹן֙ תֵּצֵ֣א תוֹרָ֔ה וּדְבַר־יְהֹוָ֖ה מִירוּשָׁל{{מ:ירושלם|ָ|ֽ}}ם׃
ספר תרי עשר/מיכה ד	ג	__	{{מ:פסוק|מיכה|ד|ג}}	וְשָׁפַ֗ט בֵּ֚ין עַמִּ֣ים רַבִּ֔ים וְהוֹכִ֛יחַ לְגוֹיִ֥ם עֲצֻמִ֖ים עַד־רָח֑וֹק וְכִתְּת֨וּ חַרְבֹתֵיהֶ֜ם לְאִתִּ֗ים וַחֲנִיתֹֽתֵיהֶם֙ לְמַזְמֵר֔וֹת לֹֽא־יִשְׂא֞וּ גּ֤וֹי אֶל־גּוֹי֙ חֶ֔רֶב וְלֹא־יִלְמְד֥וּן ע֖וֹד מִלְחָמָֽה׃
ספר תרי עשר/מיכה ד	ד	__	{{מ:פסוק|מיכה|ד|ד}}	וְיָשְׁב֗וּ אִ֣ישׁ תַּ֧חַת גַּפְנ֛וֹ וְתַ֥חַת תְּאֵנָת֖וֹ וְאֵ֣ין מַחֲרִ֑יד כִּי־פִ֛י יְהֹוָ֥ה צְבָא֖וֹת דִּבֵּֽר׃
ספר תרי עשר/מיכה ד	ה	__	{{מ:פסוק|מיכה|ד|ה|סדר=יא}}	כִּ֚י כׇּל־הָ֣עַמִּ֔ים יֵלְכ֕וּ אִ֖ישׁ בְּשֵׁ֣ם אֱלֹהָ֑יו וַאֲנַ֗חְנוּ נֵלֵ֛ךְ בְּשֵׁם־יְהֹוָ֥ה אֱלֹהֵ֖ינוּ לְעוֹלָ֥ם וָעֶֽד׃
ספר תרי עשר/מיכה ד	ו	//{{פפ}}//	{{מ:פסוק|מיכה|ד|ו}}	בַּיּ֨וֹם הַה֜וּא נְאֻם־יְהֹוָ֗ה אֹֽסְפָה֙ הַצֹּ֣לֵעָ֔ה וְהַנִּדָּחָ֖ה אֲקַבֵּ֑צָה וַאֲשֶׁ֖ר הֲרֵעֹֽתִי׃
ספר תרי עשר/מיכה ד	ז	__	{{מ:פסוק|מיכה|ד|ז}}	וְשַׂמְתִּ֤י אֶת־הַצֹּֽלֵעָה֙ לִשְׁאֵרִ֔ית וְהַנַּהֲלָאָ֖ה לְג֣וֹי עָצ֑וּם וּמָלַ֨ךְ יְהֹוָ֤ה עֲלֵיהֶם֙ בְּהַ֣ר צִיּ֔וֹן מֵעַתָּ֖ה וְעַד־עוֹלָֽם׃
ספר תרי עשר/מיכה ד	ח	//{{פפ}}//	{{מ:פסוק|מיכה|ד|ח}}	וְאַתָּ֣ה מִגְדַּל־עֵ֗דֶר עֹ֛פֶל בַּת־צִיּ֖וֹן עָדֶ֣יךָ תֵּאתֶ֑ה וּבָאָ֗ה הַמֶּמְשָׁלָה֙ הָרִ֣אשֹׁנָ֔ה מַמְלֶ֖כֶת לְבַ֥ת־יְרוּשָׁל{{מ:ירושלם|ָ|ֽ}}ם׃
ספר תרי עשר/מיכה ד	ט	__	{{מ:פסוק|מיכה|ד|ט}}	עַתָּ֕ה לָ֥מָּה תָרִ֖יעִי רֵ֑עַ הֲמֶ֣לֶךְ אֵֽין־בָּ֗ךְ אִֽם־יוֹעֲצֵךְ֙ אָבָ֔ד כִּֽי־הֶחֱזִיקֵ֥ךְ חִ֖יל כַּיּוֹלֵדָֽה׃
ספר תרי עשר/מיכה ד	י	__	{{מ:פסוק|מיכה|ד|י}}	ח֧וּלִי וָגֹ֛חִי בַּת־צִיּ֖וֹן כַּיּֽוֹלֵדָ֑ה כִּֽי־עַתָּה֩ תֵצְאִ֨י מִקִּרְיָ֜ה וְשָׁכַ֣נְתְּ בַּשָּׂדֶ֗ה וּבָ֤את עַד־בָּבֶל֙ שָׁ֣ם תִּנָּצֵ֔לִי שָׁ֚ם יִגְאָלֵ֣ךְ יְהֹוָ֔ה מִכַּ֖ף אֹיְבָֽיִךְ׃
ספר תרי עשר/מיכה ד	יא	__	{{מ:פסוק|מיכה|ד|יא}}	וְעַתָּ֛ה נֶאֶסְפ֥וּ עָלַ֖יִךְ גּוֹיִ֣ם רַבִּ֑ים הָאֹמְרִ֣ים תֶּחֱנָ֔ף וְתַ֥חַז בְּצִיּ֖וֹן עֵינֵֽינוּ׃
ספר תרי עשר/מיכה ד	יב	__	{{מ:פסוק|מיכה|ד|יב}}	וְהֵ֗מָּה לֹ֤א יָֽדְעוּ֙ מַחְשְׁב֣וֹת יְהֹוָ֔ה וְלֹ֥א הֵבִ֖ינוּ עֲצָת֑וֹ כִּ֥י קִבְּצָ֖ם כֶּעָמִ֥יר גֹּֽרְנָה׃
ספר תרי עשר/מיכה ד	יג	__	{{מ:פסוק|מיכה|ד|יג}}	ק֧וּמִי וָד֣וֹשִׁי בַת־צִיּ֗וֹן כִּֽי־קַרְנֵ֞ךְ אָשִׂ֤ים בַּרְזֶל֙ וּפַרְסֹתַ֙יִךְ֙ אָשִׂ֣ים נְחוּשָׁ֔ה וַהֲדִקּ֖וֹת עַמִּ֣ים רַבִּ֑ים וְהַחֲרַמְתִּ֤י לַֽיהֹוָה֙ בִּצְעָ֔ם וְחֵילָ֖ם לַאֲד֥וֹן כׇּל־הָאָֽרֶץ׃
ספר תרי עשר/מיכה ד	יד	__	{{מ:פסוק|מיכה|ד|יד}}	עַתָּה֙ תִּתְגֹּדְדִ֣י בַת־גְּד֔וּד מָצ֖וֹר שָׂ֣ם עָלֵ֑ינוּ בַּשֵּׁ֙בֶט֙ יַכּ֣וּ עַֽל־הַלְּחִ֔י אֵ֖ת שֹׁפֵ֥ט יִשְׂרָאֵֽל׃
ספר תרי עשר/מיכה ד	תתת	<noinclude>//{{תבנית:משתמש:Dovi/טעמי המקרא-סוף}}//{{מ:שוליים-סוף}}//==הפרק בלי מספרים==//{{תבנית:משתמש:Dovi/טעמי המקרא}}//{{#בלי קטע:{{שם הדף המלא}}|סימן}}//{{תבנית:משתמש:Dovi/טעמי המקרא-סוף}}//{{בסיס-משתמש|שם=משתמש:Dovi/תורה על פי המסורה/ספר תרי עשר}}</noinclude>		
ספר תרי עשר/מיכה ה	0	<noinclude>{{תבנית:טעמי המקרא באינטרנט}}//{{מ:שוליים|5}}//{{תבנית:משתמש:Dovi/טעמי המקרא}}//</noinclude>		
ספר תרי עשר/מיכה ה	א	{{סס}}	{{מ:פסוק|מיכה|ה|א}}	וְאַתָּ֞ה בֵּֽית־לֶ֣חֶם אֶפְרָ֗תָה צָעִיר֙ לִֽהְיוֹת֙ בְּאַלְפֵ֣י יְהוּדָ֔ה מִמְּךָ֙ לִ֣י יֵצֵ֔א לִֽהְי֥וֹת מוֹשֵׁ֖ל בְּיִשְׂרָאֵ֑ל וּמוֹצָאֹתָ֥יו מִקֶּ֖דֶם {{נוסח|מִימֵ֥י עוֹלָֽם|כתר ארם צובה קיים מכאן ואילך.}}׃
ספר תרי עשר/מיכה ה	ב	__	{{מ:פסוק|מיכה|ה|ב}}	"לָכֵ֣ן יִתְּנֵ֔ם עַד־עֵ֥ת יוֹלֵדָ֖ה יָלָ֑דָה וְיֶ֣תֶר אֶחָ֔יו יְשׁוּב֖וּן {{נוסח|עַל־בְּנֵ֥י יִשְׂרָאֵֽל|=לק ובדפוסים|א=עַל־בְּנֵ֥י־יִשְׂרָאֵֽל (מקף בתיבת משרת) וכן במג""ה|הערת ברויאר}}׃"
ספר תרי עשר/מיכה ה	ג	__	{{מ:פסוק|מיכה|ה|ג}}	וְעָמַ֗ד וְרָעָה֙ בְּעֹ֣ז יְהֹוָ֔ה בִּגְא֕וֹן שֵׁ֖ם יְהֹוָ֣ה אֱלֹהָ֑יו וְיָשָׁ֕בוּ כִּֽי־עַתָּ֥ה יִגְדַּ֖ל עַד־אַפְסֵי־אָֽרֶץ׃
ספר תרי עשר/מיכה ה	ד	__	{{מ:פסוק|מיכה|ה|ד}}	"וְהָיָ֥ה זֶ֖ה שָׁל֑וֹם אַשּׁ֣וּר{{מ:לגרמיה}}כִּֽי־יָב֣וֹא בְאַרְצֵ֗נוּ וְכִ֤י יִדְרֹךְ֙ {{נוסח|בְּאַרְמְנוֹתֵ֔ינוּ|=אקש1 ומסורות-אל וטברניות ובדפוסים|ל=בְּאַרְמְנֹתֵ֔ינוּ (כתיב חסר וי""ו)}} וַהֲקֵמֹ֤נוּ עָלָיו֙ שִׁבְעָ֣ה רֹעִ֔ים וּשְׁמֹנָ֖ה נְסִיכֵ֥י אָדָֽם׃"
ספר תרי עשר/מיכה ה	ה	__	{{מ:פסוק|מיכה|ה|ה}}	וְרָע֞וּ אֶת־אֶ֤רֶץ אַשּׁוּר֙ בַּחֶ֔רֶב וְאֶת־אֶ֥רֶץ נִמְרֹ֖ד בִּפְתָחֶ֑יהָ וְהִצִּיל֙ מֵֽאַשּׁ֔וּר כִּֽי־יָב֣וֹא בְאַרְצֵ֔נוּ וְכִ֥י יִדְרֹ֖ךְ בִּגְבוּלֵֽנוּ׃
ספר תרי עשר/מיכה ה	ו	//{{נוסח|{{פפ}}|ל=פרשה סתומה}}//	{{מ:פסוק|מיכה|ה|ו}}	וְהָיָ֣ה{{מ:לגרמיה}}שְׁאֵרִ֣ית יַעֲקֹ֗ב בְּקֶ֙רֶב֙ עַמִּ֣ים רַבִּ֔ים כְּטַל֙ מֵאֵ֣ת יְהֹוָ֔ה כִּרְבִיבִ֖ים עֲלֵי־עֵ֑שֶׂב אֲשֶׁ֤ר לֹֽא־יְקַוֶּה֙ לְאִ֔ישׁ וְלֹ֥א יְיַחֵ֖ל לִבְנֵ֥י אָדָֽם׃
ספר תרי עשר/מיכה ה	ז	//{{נוסח|{{פפ}}|ל=אין פרשה}}//	{{מ:פסוק|מיכה|ה|ז}}	וְהָיָה֩ שְׁאֵרִ֨ית יַעֲקֹ֜ב בַּגּוֹיִ֗ם בְּקֶ֙רֶב֙ עַמִּ֣ים רַבִּ֔ים כְּאַרְיֵה֙ בְּבַהֲמ֣וֹת יַ֔עַר כִּכְפִ֖יר {{נוסח|בְּעֶדְרֵי־צֹ֑אן|=א (תיבה מוקפת)|ל=<בְּעֶדְרֵי צֹ֑אן> (חסר מקף)|הערת המקליד בגירסה 4.16.}} אֲשֶׁ֧ר {{נוסח|אִם־עָבַ֛ר|=א|ל=אִם עָבַ֛ר (חסר מקף) וכן בהקלדה}} וְרָמַ֥ס וְטָרַ֖ף וְאֵ֥ין מַצִּֽיל׃
ספר תרי עשר/מיכה ה	ח	__	{{מ:פסוק|מיכה|ה|ח}}	תָּרֹ֥ם יָדְךָ֖ עַל־צָרֶ֑יךָ וְכׇל־אֹיְבֶ֖יךָ יִכָּרֵֽתוּ׃
ספר תרי עשר/מיכה ה	ט	{{נוסח|__|ל=פרשה פתוחה}}	{{מ:פסוק|מיכה|ה|ט}}	וְהָיָ֤ה בַיּוֹם־הַהוּא֙ נְאֻם־יְהֹוָ֔ה וְהִכְרַתִּ֥י סוּסֶ֖יךָ מִקִּרְבֶּ֑ךָ וְהַאֲבַדְתִּ֖י מַרְכְּבֹתֶֽיךָ׃
ספר תרי עשר/מיכה ה	י	__	{{מ:פסוק|מיכה|ה|י}}	וְהִכְרַתִּ֖י עָרֵ֣י אַרְצֶ֑ךָ וְהָרַסְתִּ֖י כׇּל־מִבְצָרֶֽיךָ׃
ספר תרי עשר/מיכה ה	יא	__	{{מ:פסוק|מיכה|ה|יא}}	וְהִכְרַתִּ֥י כְשָׁפִ֖ים מִיָּדֶ֑ךָ {{נוסח|וּֽמְעוֹנְנִ֖ים|=ל ובדפוסים|א=וּֽמְעוֹנֲנִ֖ים (חטף)|הערת ברויאר}} לֹ֥א יִֽהְיוּ־לָֽךְ׃
ספר תרי עשר/מיכה ה	יב	__	{{מ:פסוק|מיכה|ה|יב}}	וְהִכְרַתִּ֧י פְסִילֶ֛יךָ וּמַצֵּבוֹתֶ֖יךָ מִקִּרְבֶּ֑ךָ {{נוסח|וְלֹא־תִשְׁתַּחֲוֶ֥ה|=א (אין געיה)|ל=וְלֹֽא־תִשְׁתַּחֲוֶ֥ה (געיה)}} ע֖וֹד לְמַעֲשֵׂ֥ה יָדֶֽיךָ׃
ספר תרי עשר/מיכה ה	יג	__	{{מ:פסוק|מיכה|ה|יג}}	וְנָתַשְׁתִּ֥י אֲשֵׁירֶ֖יךָ מִקִּרְבֶּ֑ךָ וְהִשְׁמַדְתִּ֖י עָרֶֽיךָ׃
ספר תרי עשר/מיכה ה	יד	__	{{מ:פסוק|מיכה|ה|יד}}	וְעָשִׂ֜יתִי בְּאַ֧ף וּבְחֵמָ֛ה נָקָ֖ם אֶת־הַגּוֹיִ֑ם אֲשֶׁ֖ר לֹ֥א שָׁמֵֽעוּ׃
ספר תרי עשר/מיכה ה	תתת	<noinclude>//{{תבנית:משתמש:Dovi/טעמי המקרא-סוף}}//{{מ:שוליים-סוף}}//==הפרק בלי מספרים==//{{תבנית:משתמש:Dovi/טעמי המקרא}}//{{#בלי קטע:{{שם הדף המלא}}|סימן}}//{{תבנית:משתמש:Dovi/טעמי המקרא-סוף}}//{{בסיס-משתמש|שם=משתמש:Dovi/תורה על פי המסורה/ספר תרי עשר}}</noinclude>		
ספר תרי עשר/מיכה ו	0	<noinclude>{{תבנית:טעמי המקרא באינטרנט}}//{{מ:שוליים|5}}//{{תבנית:משתמש:Dovi/טעמי המקרא}}//</noinclude>		
ספר תרי עשר/מיכה ו	א	{{נוסח|{{פפ}}|ל=פרשה סתומה}}//	{{מ:פסוק|מיכה|ו|א}}	שִׁמְעוּ־נָ֕א אֵ֥ת אֲשֶׁר־יְהֹוָ֖ה אֹמֵ֑ר ק֚וּם רִ֣יב אֶת־הֶהָרִ֔ים וְתִשְׁמַ֥עְנָה הַגְּבָע֖וֹת קוֹלֶֽךָ׃
ספר תרי עשר/מיכה ו	ב	__	{{מ:פסוק|מיכה|ו|ב}}	שִׁמְע֤וּ הָרִים֙ אֶת־רִ֣יב יְהֹוָ֔ה וְהָאֵתָנִ֖ים מ֣וֹסְדֵי אָ֑רֶץ כִּ֣י רִ֤יב לַֽיהֹוָה֙ עִם־עַמּ֔וֹ וְעִם־יִשְׂרָאֵ֖ל יִתְוַכָּֽח׃
ספר תרי עשר/מיכה ו	ג	__	{{מ:פסוק|מיכה|ו|ג}}	"עַמִּ֛י מֶה־עָשִׂ֥יתִי לְךָ֖ וּמָ֣ה הֶלְאֵתִ֑יךָ {{נוסח|עֲנֵ֥ה בִֽי|=אל (מרכא ובי""ת רפה)|חלק מהדפוסים וקורן=עֲנֵ֖ה בִּֽי (טפחא ובי""ת דגושה)}}׃"
ספר תרי עשר/מיכה ו	ד	__	{{מ:פסוק|מיכה|ו|ד}}	כִּ֤י הֶעֱלִתִ֙יךָ֙ מֵאֶ֣רֶץ מִצְרַ֔יִם וּמִבֵּ֥ית עֲבָדִ֖ים פְּדִיתִ֑יךָ וָאֶשְׁלַ֣ח לְפָנֶ֔יךָ אֶת־מֹשֶׁ֖ה אַהֲרֹ֥ן וּמִרְיָֽם׃
ספר תרי עשר/מיכה ו	ה	__	{{מ:פסוק|מיכה|ו|ה}}	עַמִּ֗י זְכׇר־נָא֙ מַה־יָּעַ֗ץ בָּלָק֙ מֶ֣לֶךְ מוֹאָ֔ב וּמֶה־עָנָ֥ה אֹת֖וֹ בִּלְעָ֣ם בֶּן־בְּע֑וֹר מִן־הַשִּׁטִּים֙ עַד־הַגִּלְגָּ֔ל {{נוסח|לְמַ֕עַן|=אל|דפוסים=לְמַ֥עַן}} דַּ֖עַת צִדְק֥וֹת יְהֹוָֽה׃
ספר תרי עשר/מיכה ו	ו	__	{{מ:פסוק|מיכה|ו|ו}}	בַּמָּה֙ אֲקַדֵּ֣ם יְהֹוָ֔ה אִכַּ֖ף לֵאלֹהֵ֣י מָר֑וֹם הַאֲקַדְּמֶ֣נּוּ בְעוֹל֔וֹת בַּעֲגָלִ֖ים בְּנֵ֥י שָׁנָֽה׃
ספר תרי עשר/מיכה ו	ז	__	{{מ:פסוק|מיכה|ו|ז}}	הֲיִרְצֶ֤ה יְהֹוָה֙ בְּאַלְפֵ֣י אֵילִ֔ים {{נוסח|בְּרִֽבְב֖וֹת|א=בְּרִֽבֲב֖וֹת (חטף)}} נַחֲלֵי־שָׁ֑מֶן הַאֶתֵּ֤ן בְּכוֹרִי֙ פִּשְׁעִ֔י פְּרִ֥י בִטְנִ֖י חַטַּ֥את נַפְשִֽׁי׃
ספר תרי עשר/מיכה ו	ח	__	{{מ:פסוק|מיכה|ו|ח}}	הִגִּ֥יד לְךָ֛ אָדָ֖ם מַה־טּ֑וֹב וּמָֽה־יְהֹוָ֞ה דּוֹרֵ֣שׁ מִמְּךָ֗ כִּ֣י אִם־עֲשׂ֤וֹת מִשְׁפָּט֙ וְאַ֣הֲבַת חֶ֔סֶד וְהַצְנֵ֥עַ לֶ֖כֶת עִם־אֱלֹהֶֽיךָ׃
ספר תרי עשר/מיכה ו	ט	//{{סס}}	{{מ:פסוק|מיכה|ו|ט}}	ק֤וֹל יְהֹוָה֙ לָעִ֣יר יִקְרָ֔א וְתוּשִׁיָּ֖ה יִרְאֶ֣ה שְׁמֶ֑ךָ שִׁמְע֥וּ מַטֶּ֖ה וּמִ֥י יְעָדָֽהּ׃
ספר תרי עשר/מיכה ו	י	__	{{מ:פסוק|מיכה|ו|י}}	ע֗וֹד הַאִשׁ֙ בֵּ֣ית רָשָׁ֔ע אֹצְר֖וֹת רֶ֑שַׁע וְאֵיפַ֥ת רָז֖וֹן זְעוּמָֽה׃
ספר תרי עשר/מיכה ו	יא	__	{{מ:פסוק|מיכה|ו|יא}}	הַאֶזְכֶּ֖ה בְּמֹ֣אזְנֵי רֶ֑שַׁע וּבְכִ֖יס אַבְנֵ֥י מִרְמָֽה׃
ספר תרי עשר/מיכה ו	יב	__	{{מ:פסוק|מיכה|ו|יב}}	אֲשֶׁ֤ר עֲשִׁירֶ֙יהָ֙ מָלְא֣וּ חָמָ֔ס וְיֹשְׁבֶ֖יהָ דִּבְּרוּ־שָׁ֑קֶר וּלְשׁוֹנָ֖ם רְמִיָּ֥ה בְּפִיהֶֽם׃
ספר תרי עשר/מיכה ו	יג	__	{{מ:פסוק|מיכה|ו|יג}}	וְגַם־אֲנִ֖י הֶֽחֱלֵ֣יתִי הַכּוֹתֶ֑ךָ הַשְׁמֵ֖ם עַל־חַטֹּאתֶֽךָ׃
ספר תרי עשר/מיכה ו	יד	__	{{מ:פסוק|מיכה|ו|יד}}	אַתָּ֤ה תֹאכַל֙ וְלֹ֣א תִשְׂבָּ֔ע וְיֶשְׁחֲךָ֖ בְּקִרְבֶּ֑ךָ וְתַסֵּג֙ וְלֹ֣א תַפְלִ֔יט וַאֲשֶׁ֥ר תְּפַלֵּ֖ט לַחֶ֥רֶב אֶתֵּֽן׃
ספר תרי עשר/מיכה ו	טו	__	{{מ:פסוק|מיכה|ו|טו}}	אַתָּ֥ה תִזְרַ֖ע וְלֹ֣א תִקְצ֑וֹר אַתָּ֤ה תִדְרֹֽךְ־זַ֙יִת֙ וְלֹא־תָס֣וּךְ שֶׁ֔מֶן וְתִיר֖וֹשׁ וְלֹ֥א תִשְׁתֶּה־יָּֽיִן׃
ספר תרי עשר/מיכה ו	טז	__	{{מ:פסוק|מיכה|ו|טז}}	וְיִשְׁתַּמֵּ֞ר חֻקּ֣וֹת עׇמְרִ֗י וְכֹל֙ מַעֲשֵׂ֣ה בֵית־אַחְאָ֔ב וַתֵּלְכ֖וּ בְּמֹעֲצוֹתָ֑ם לְמַ֩עַן֩ תִּתִּ֨י אֹתְךָ֜ לְשַׁמָּ֗ה וְיֹשְׁבֶ֙יהָ֙ לִשְׁרֵקָ֔ה וְחֶרְפַּ֥ת עַמִּ֖י תִּשָּֽׂאוּ׃
ספר תרי עשר/מיכה ו	תתת	<noinclude>//{{תבנית:משתמש:Dovi/טעמי המקרא-סוף}}//{{מ:שוליים-סוף}}//==הפרק בלי מספרים==//{{תבנית:משתמש:Dovi/טעמי המקרא}}//{{#בלי קטע:{{שם הדף המלא}}|סימן}}//{{תבנית:משתמש:Dovi/טעמי המקרא-סוף}}</noinclude>		
ספר תרי עשר/מיכה ז	0	<noinclude>{{תבנית:טעמי המקרא באינטרנט}}//{{מ:שוליים|5}}//{{תבנית:משתמש:Dovi/טעמי המקרא}}//</noinclude>		
ספר תרי עשר/מיכה ז	א	{{פפ}}//	{{מ:פסוק|מיכה|ז|א}}	{{נוסח|אַ֣לְלַי|א=אַ֣לֲלַי (חטף)}} לִ֗י כִּ֤י הָיִ֙יתִי֙ כְּאׇסְפֵּי־קַ֔יִץ {{נוסח|כְּעֹלְלֹ֖ת|א=כְּעֹלֲלֹ֖ת (חטף)}} בָּצִ֑יר אֵין־אֶשְׁכּ֣וֹל לֶאֱכ֔וֹל בִּכּוּרָ֖ה אִוְּתָ֥ה נַפְשִֽׁי׃
ספר תרי עשר/מיכה ז	ב	__	{{מ:פסוק|מיכה|ז|ב}}	אָבַ֤ד חָסִיד֙ מִן־הָאָ֔רֶץ וְיָשָׁ֥ר בָּאָדָ֖ם אָ֑יִן כֻּלָּם֙ לְדָמִ֣ים יֶאֱרֹ֔בוּ אִ֥ישׁ אֶת־אָחִ֖יהוּ יָצ֥וּדוּ חֵֽרֶם׃
ספר תרי עשר/מיכה ז	ג	__	{{מ:פסוק|מיכה|ז|ג}}	עַל־הָרַ֤ע כַּפַּ֙יִם֙ לְהֵיטִ֔יב הַשַּׂ֣ר שֹׁאֵ֔ל וְהַשֹּׁפֵ֖ט בַּשִּׁלּ֑וּם וְהַגָּד֗וֹל דֹּבֵ֨ר הַוַּ֥ת נַפְשׁ֛וֹ ה֖וּא וַֽיְעַבְּתֽוּהָ׃
ספר תרי עשר/מיכה ז	ד	__	{{מ:פסוק|מיכה|ז|ד}}	טוֹבָ֣ם כְּחֵ֔דֶק יָשָׁ֖ר מִמְּסוּכָ֑ה י֤וֹם מְצַפֶּ֙יךָ֙ פְּקֻדָּתְךָ֣ בָ֔אָה עַתָּ֥ה תִהְיֶ֖ה מְבוּכָתָֽם׃
ספר תרי עשר/מיכה ז	ה	__	{{מ:פסוק|מיכה|ז|ה}}	אַל־תַּאֲמִ֣ינֽוּ בְרֵ֔עַ אַֽל־תִּבְטְח֖וּ בְּאַלּ֑וּף מִשֹּׁכֶ֣בֶת חֵיקֶ֔ךָ שְׁמֹ֖ר פִּתְחֵי־פִֽיךָ׃
ספר תרי עשר/מיכה ז	ו	__	{{מ:פסוק|מיכה|ז|ו}}	כִּי־בֵן֙ מְנַבֵּ֣ל אָ֔ב בַּ֚ת קָמָ֣ה בְאִמָּ֔הּ כַּלָּ֖ה בַּחֲמֹתָ֑הּ אֹיְבֵ֥י אִ֖ישׁ אַנְשֵׁ֥י בֵיתֽוֹ׃
ספר תרי עשר/מיכה ז	ז	__	{{מ:פסוק|מיכה|ז|ז}}	וַֽאֲנִי֙ בַּיהֹוָ֣ה אֲצַפֶּ֔ה אוֹחִ֖ילָה לֵאלֹהֵ֣י יִשְׁעִ֑י יִשְׁמָעֵ֖נִי אֱלֹהָֽי׃
ספר תרי עשר/מיכה ז	ח	__	{{מ:פסוק|מיכה|ז|ח}}	אַֽל־תִּשְׂמְחִ֤י אֹיַ֙בְתִּי֙ לִ֔י כִּ֥י נָפַ֖לְתִּי קָ֑מְתִּי כִּֽי־אֵשֵׁ֣ב בַּחֹ֔שֶׁךְ יְהֹוָ֖ה א֥וֹר לִֽי׃
ספר תרי עשר/מיכה ז	ט	//{{פפ}}//	{{מ:פסוק|מיכה|ז|ט}}	זַ֤עַף יְהֹוָה֙ אֶשָּׂ֔א כִּ֥י חָטָ֖אתִי ל֑וֹ עַד֩ אֲשֶׁ֨ר יָרִ֤יב רִיבִי֙ וְעָשָׂ֣ה מִשְׁפָּטִ֔י יוֹצִיאֵ֣נִי לָא֔וֹר אֶרְאֶ֖ה בְּצִדְקָתֽוֹ׃
ספר תרי עשר/מיכה ז	י	__	{{מ:פסוק|מיכה|ז|י}}	וְתֵרֶ֤א אֹיַ֙בְתִּי֙ וּתְכַסֶּ֣הָ בוּשָׁ֔ה הָאֹמְרָ֣ה אֵלַ֔י אַיּ֖וֹ יְהֹוָ֣ה אֱלֹהָ֑יִךְ עֵינַי֙ תִּרְאֶ֣ינָּה בָּ֔הּ עַתָּ֛ה תִּהְיֶ֥ה לְמִרְמָ֖ס כְּטִ֥יט חוּצֽוֹת׃
ספר תרי עשר/מיכה ז	יא	__	{{מ:פסוק|מיכה|ז|יא}}	י֖וֹם לִבְנ֣וֹת גְּדֵרָ֑יִךְ י֥וֹם הַה֖וּא יִרְחַק־חֹֽק׃
ספר תרי עשר/מיכה ז	יב	__	{{מ:פסוק|מיכה|ז|יב}}	י֥וֹם הוּא֙ וְעָדֶ֣יךָ יָב֔וֹא לְמִנִּ֥י אַשּׁ֖וּר וְעָרֵ֣י מָצ֑וֹר וּלְמִנִּ֤י מָצוֹר֙ וְעַד־נָהָ֔ר וְיָ֥ם מִיָּ֖ם וְהַ֥ר הָהָֽר׃
ספר תרי עשר/מיכה ז	יג	__	{{מ:פסוק|מיכה|ז|יג}}	וְהָיְתָ֥ה הָאָ֛רֶץ לִשְׁמָמָ֖ה עַל־יֹשְׁבֶ֑יהָ מִפְּרִ֖י מַעַלְלֵיהֶֽם׃
ספר תרי עשר/מיכה ז	יד	//{{פפ}}//	{{מ:פסוק|מיכה|ז|יד}}	רְעֵ֧ה עַמְּךָ֣ בְשִׁבְטֶ֗ךָ צֹ֚אן נַחֲלָתֶ֔ךָ שֹׁכְנִ֣י לְבָדָ֔ד יַ֖עַר בְּת֣וֹךְ כַּרְמֶ֑ל יִרְע֥וּ בָשָׁ֛ן וְגִלְעָ֖ד כִּימֵ֥י עוֹלָֽם׃
ספר תרי עשר/מיכה ז	טו	__	{{מ:פסוק|מיכה|ז|טו}}	כִּימֵ֥י צֵאתְךָ֖ מֵאֶ֣רֶץ מִצְרָ֑יִם אַרְאֶ֖נּוּ נִפְלָאֽוֹת׃
ספר תרי עשר/מיכה ז	טז	__	{{מ:פסוק|מיכה|ז|טז}}	יִרְא֤וּ גוֹיִם֙ וְיֵבֹ֔שׁוּ מִכֹּ֖ל גְּבוּרָתָ֑ם יָשִׂ֤ימוּ יָד֙ עַל־פֶּ֔ה אׇזְנֵיהֶ֖ם תֶּחֱרַֽשְׁנָה׃
ספר תרי עשר/מיכה ז	יז	__	{{מ:פסוק|מיכה|ז|יז}}	יְלַחֲכ֤וּ עָפָר֙ כַּנָּחָ֔שׁ כְּזֹחֲלֵ֣י אֶ֔רֶץ יִרְגְּז֖וּ מִמִּסְגְּרֹֽתֵיהֶ֑ם אֶל־יְהֹוָ֤ה אֱלֹהֵ֙ינוּ֙ יִפְחָ֔דוּ וְיִֽרְא֖וּ מִמֶּֽךָּ׃
ספר תרי עשר/מיכה ז	יח	__	{{מ:פסוק|מיכה|ז|יח}}	מִי־אֵ֣ל כָּמ֗וֹךָ נֹשֵׂ֤א עָוֺן֙ וְעֹבֵ֣ר עַל־פֶּ֔שַׁע לִשְׁאֵרִ֖ית נַחֲלָת֑וֹ לֹֽא־הֶחֱזִ֤יק לָעַד֙ אַפּ֔וֹ כִּֽי־חָפֵ֥ץ חֶ֖סֶד הֽוּא׃
ספר תרי עשר/מיכה ז	יט	__	{{מ:פסוק|מיכה|ז|יט}}	יָשׁ֣וּב יְרַחֲמֵ֔נוּ יִכְבֹּ֖שׁ עֲוֺנֹתֵ֑ינוּ וְתַשְׁלִ֛יךְ בִּמְצֻל֥וֹת יָ֖ם כׇּל־חַטֹּאותָֽם׃
ספר תרי עשר/מיכה ז	כ	__	{{מ:פסוק|מיכה|ז|כ|סדר=יב}}	תִּתֵּ֤ן אֱמֶת֙ לְיַֽעֲקֹ֔ב חֶ֖סֶד לְאַבְרָהָ֑ם אֲשֶׁר־נִשְׁבַּ֥עְתָּ לַאֲבֹתֵ֖ינוּ מִ֥ימֵי קֶֽדֶם׃
ספר תרי עשר/מיכה ז	תתת	<noinclude>//{{תבנית:משתמש:Dovi/טעמי המקרא-סוף}}//{{מ:שוליים-סוף}}//==הפרק בלי מספרים==//{{תבנית:משתמש:Dovi/טעמי המקרא}}//{{#בלי קטע:{{שם הדף המלא}}|סימן}}//{{תבנית:משתמש:Dovi/טעמי המקרא-סוף}}</noinclude>		
