ספר תרי עשר/יואל א	0	<noinclude>{{תבנית:טעמי המקרא באינטרנט}}//{{מ:שוליים|5}}//{{תבנית:משתמש:Dovi/טעמי המקרא}}//</noinclude>		
ספר תרי עשר/יואל א	א	{{מ:רווח בתרי עשר|יואל}}	{{מ:פסוק|יואל|א|א}}	דְּבַר־יְהֹוָה֙ אֲשֶׁ֣ר הָיָ֔ה אֶל־יוֹאֵ֖ל בֶּן־פְּתוּאֵֽל׃
ספר תרי עשר/יואל א	ב	__	{{מ:פסוק|יואל|א|ב}}	שִׁמְעוּ־זֹאת֙ הַזְּקֵנִ֔ים וְהַֽאֲזִ֔ינוּ כֹּ֖ל יוֹשְׁבֵ֣י הָאָ֑רֶץ הֶהָ֤יְתָה זֹּאת֙ בִּֽימֵיכֶ֔ם וְאִ֖ם בִּימֵ֥י אֲבֹתֵיכֶֽם׃
ספר תרי עשר/יואל א	ג	__	{{מ:פסוק|יואל|א|ג}}	עָלֶ֖יהָ לִבְנֵיכֶ֣ם סַפֵּ֑רוּ וּבְנֵיכֶם֙ לִבְנֵיהֶ֔ם וּבְנֵיהֶ֖ם לְד֥וֹר אַחֵֽר׃
ספר תרי עשר/יואל א	ד	__	{{מ:פסוק|יואל|א|ד}}	יֶ֤תֶר הַגָּזָם֙ אָכַ֣ל הָאַרְבֶּ֔ה וְיֶ֥תֶר הָאַרְבֶּ֖ה אָכַ֣ל הַיָּ֑לֶק וְיֶ֣תֶר הַיֶּ֔לֶק אָכַ֖ל הֶחָסִֽיל׃
ספר תרי עשר/יואל א	ה	__	{{מ:פסוק|יואל|א|ה}}	הָקִ֤יצוּ שִׁכּוֹרִים֙ וּבְכ֔וּ וְהֵילִ֖לוּ כׇּל־שֹׁ֣תֵי יָ֑יִן עַל־עָסִ֕יס כִּ֥י נִכְרַ֖ת מִפִּיכֶֽם׃
ספר תרי עשר/יואל א	ו	__	{{מ:פסוק|יואל|א|ו}}	כִּי־גוֹי֙ עָלָ֣ה עַל־אַרְצִ֔י עָצ֖וּם וְאֵ֣ין מִסְפָּ֑ר שִׁנָּיו֙ שִׁנֵּ֣י אַרְיֵ֔ה וּֽמְתַלְּע֥וֹת לָבִ֖יא לֽוֹ׃
ספר תרי עשר/יואל א	ז	__	{{מ:פסוק|יואל|א|ז}}	שָׂ֤ם גַּפְנִי֙ לְשַׁמָּ֔ה וּתְאֵנָתִ֖י לִקְצָפָ֑ה חָשֹׂ֤ף חֲשָׂפָהּ֙ וְהִשְׁלִ֔יךְ הִלְבִּ֖ינוּ שָׂרִיגֶֽיהָ׃
ספר תרי עשר/יואל א	ח	__	{{מ:פסוק|יואל|א|ח}}	אֱלִ֕י כִּבְתוּלָ֥ה חֲגֻרַת־שַׂ֖ק עַל־בַּ֥עַל נְעוּרֶֽיהָ׃
ספר תרי עשר/יואל א	ט	__	{{מ:פסוק|יואל|א|ט}}	הׇכְרַ֥ת מִנְחָ֛ה וָנֶ֖סֶךְ מִבֵּ֣ית יְהֹוָ֑ה אָֽבְלוּ֙ הַכֹּ֣הֲנִ֔ים מְשָׁרְתֵ֖י יְהֹוָֽה׃
ספר תרי עשר/יואל א	י	__	{{מ:פסוק|יואל|א|י}}	שֻׁדַּ֣ד שָׂדֶ֔ה אָבְלָ֖ה אֲדָמָ֑ה כִּ֚י שֻׁדַּ֣ד דָּגָ֔ן הוֹבִ֥ישׁ תִּיר֖וֹשׁ אֻמְלַ֥ל יִצְהָֽר׃
ספר תרי עשר/יואל א	יא	__	{{מ:פסוק|יואל|א|יא}}	הֹבִ֣ישׁוּ אִכָּרִ֗ים הֵילִ֙ילוּ֙ כֹּֽרְמִ֔ים עַל־חִטָּ֖ה וְעַל־שְׂעֹרָ֑ה כִּ֥י אָבַ֖ד קְצִ֥יר שָׂדֶֽה׃
ספר תרי עשר/יואל א	יב	__	{{מ:פסוק|יואל|א|יב}}	הַגֶּ֣פֶן הוֹבִ֔ישָׁה וְהַתְּאֵנָ֖ה אֻמְלָ֑לָה רִמּ֞וֹן גַּם־תָּמָ֣ר וְתַפּ֗וּחַ כׇּל־עֲצֵ֤י הַשָּׂדֶה֙ יָבֵ֔שׁוּ כִּי־הֹבִ֥ישׁ שָׂשׂ֖וֹן מִן־בְּנֵ֥י אָדָֽם׃
ספר תרי עשר/יואל א	יג	//{{סס}}	{{מ:פסוק|יואל|א|יג}}	חִגְר֨וּ וְסִפְד֜וּ הַכֹּהֲנִ֗ים הֵילִ֙ילוּ֙ מְשָׁרְתֵ֣י מִזְבֵּ֔חַ בֹּ֚אוּ לִ֣ינוּ בַשַּׂקִּ֔ים מְשָׁרְתֵ֖י אֱלֹהָ֑י כִּ֥י נִמְנַ֛ע מִבֵּ֥ית אֱלֹהֵיכֶ֖ם מִנְחָ֥ה וָנָֽסֶךְ׃
ספר תרי עשר/יואל א	יד	__	{{מ:פסוק|יואל|א|יד}}	קַדְּשׁוּ־צוֹם֙ קִרְא֣וּ עֲצָרָ֔ה אִסְפ֣וּ זְקֵנִ֗ים כֹּ֚ל יֹשְׁבֵ֣י הָאָ֔רֶץ בֵּ֖ית יְהֹוָ֣ה אֱלֹהֵיכֶ֑ם וְזַעֲק֖וּ אֶל־יְהֹוָֽה׃
ספר תרי עשר/יואל א	טו	__	{{מ:פסוק|יואל|א|טו}}	אֲהָ֖הּ לַיּ֑וֹם כִּ֤י קָרוֹב֙ י֣וֹם יְהֹוָ֔ה וּכְשֹׁ֖ד מִשַּׁדַּ֥י יָבֽוֹא׃
ספר תרי עשר/יואל א	טז	__	{{מ:פסוק|יואל|א|טז}}	הֲל֛וֹא נֶ֥גֶד עֵינֵ֖ינוּ אֹ֣כֶל נִכְרָ֑ת מִבֵּ֥ית אֱלֹהֵ֖ינוּ שִׂמְחָ֥ה וָגִֽיל׃
ספר תרי עשר/יואל א	יז	__	{{מ:פסוק|יואל|א|יז}}	עָבְשׁ֣וּ פְרֻד֗וֹת תַּ֚חַת מֶגְרְפֹ֣תֵיהֶ֔ם נָשַׁ֙מּוּ֙ אֹֽצָר֔וֹת נֶהֶרְס֖וּ מַמְּגֻר֑וֹת כִּ֥י הֹבִ֖ישׁ דָּגָֽן׃
ספר תרי עשר/יואל א	יח	__	{{מ:פסוק|יואל|א|יח}}	מַה־נֶּאֶנְחָ֣ה בְהֵמָ֗ה נָבֹ֙כוּ֙ עֶדְרֵ֣י בָקָ֔ר כִּ֛י אֵ֥ין מִרְעֶ֖ה לָהֶ֑ם גַּם־עֶדְרֵ֥י הַצֹּ֖אן נֶאְשָֽׁמוּ׃
ספר תרי עשר/יואל א	יט	__	{{מ:פסוק|יואל|א|יט}}	אֵלֶ֥יךָ יְהֹוָ֖ה אֶקְרָ֑א כִּ֣י אֵ֗שׁ אָֽכְלָה֙ נְא֣וֹת מִדְבָּ֔ר וְלֶ֣הָבָ֔ה לִהֲטָ֖ה כׇּל־עֲצֵ֥י הַשָּׂדֶֽה׃
ספר תרי עשר/יואל א	כ	__	{{מ:פסוק|יואל|א|כ}}	גַּם־בַּהֲמ֥וֹת שָׂדֶ֖ה תַּעֲר֣וֹג אֵלֶ֑יךָ כִּ֤י יָֽבְשׁוּ֙ אֲפִ֣יקֵי מָ֔יִם וְאֵ֕שׁ אָכְלָ֖ה נְא֥וֹת הַמִּדְבָּֽר׃
ספר תרי עשר/יואל א	תתת	<noinclude>//{{תבנית:משתמש:Dovi/טעמי המקרא-סוף}}//{{מ:שוליים-סוף}}//==הפרק בלי מספרים==//{{תבנית:משתמש:Dovi/טעמי המקרא}}//{{#בלי קטע:{{שם הדף המלא}}|סימן}}//{{תבנית:משתמש:Dovi/טעמי המקרא-סוף}}</noinclude>		
ספר תרי עשר/יואל ב	0	<noinclude>{{תבנית:טעמי המקרא באינטרנט}}//{{מ:שוליים|5}}//{{תבנית:משתמש:Dovi/טעמי המקרא}}//</noinclude>		
ספר תרי עשר/יואל ב	א	{{סס}}	{{מ:פסוק|יואל|ב|א}}	תִּקְע֨וּ שׁוֹפָ֜ר בְּצִיּ֗וֹן וְהָרִ֙יעוּ֙ בְּהַ֣ר קׇדְשִׁ֔י יִרְגְּז֕וּ כֹּ֖ל יֹשְׁבֵ֣י הָאָ֑רֶץ כִּי־בָ֥א יוֹם־יְהֹוָ֖ה כִּ֥י קָרֽוֹב׃
ספר תרי עשר/יואל ב	ב	__	{{מ:פסוק|יואל|ב|ב}}	י֧וֹם חֹ֣שֶׁךְ וַאֲפֵלָ֗ה י֤וֹם עָנָן֙ וַעֲרָפֶ֔ל כְּשַׁ֖חַר פָּרֻ֣שׂ עַל־הֶֽהָרִ֑ים עַ֚ם רַ֣ב וְעָצ֔וּם כָּמֹ֗הוּ לֹ֤א נִֽהְיָה֙ מִן־הָ֣עוֹלָ֔ם וְאַֽחֲרָיו֙ לֹ֣א יוֹסֵ֔ף עַד־שְׁנֵ֖י דּ֥וֹר וָדֽוֹר׃
ספר תרי עשר/יואל ב	ג	__	{{מ:פסוק|יואל|ב|ג}}	לְפָנָיו֙ אָ֣כְלָה אֵ֔שׁ וְאַחֲרָ֖יו תְּלַהֵ֣ט לֶהָבָ֑ה כְּגַן־עֵ֨דֶן הָאָ֜רֶץ לְפָנָ֗יו וְאַֽחֲרָיו֙ מִדְבַּ֣ר שְׁמָמָ֔ה וְגַם־פְּלֵיטָ֖ה לֹא־הָ֥יְתָה לּֽוֹ׃
ספר תרי עשר/יואל ב	ד	__	{{מ:פסוק|יואל|ב|ד}}	כְּמַרְאֵ֥ה סוּסִ֖ים מַרְאֵ֑הוּ וּכְפָרָשִׁ֖ים כֵּ֥ן יְרוּצֽוּן׃
ספר תרי עשר/יואל ב	ה	__	{{מ:פסוק|יואל|ב|ה}}	כְּק֣וֹל מַרְכָּב֗וֹת עַל־רָאשֵׁ֤י הֶהָרִים֙ יְרַקֵּד֔וּן כְּקוֹל֙ לַ֣הַב אֵ֔שׁ אֹכְלָ֖ה קָ֑שׁ כְּעַ֣ם עָצ֔וּם עֱר֖וּךְ מִלְחָמָֽה׃
ספר תרי עשר/יואל ב	ו	__	{{מ:פסוק|יואל|ב|ו}}	מִפָּנָ֖יו יָחִ֣ילוּ עַמִּ֑ים כׇּל־פָּנִ֖ים קִבְּצ֥וּ פָארֽוּר׃
ספר תרי עשר/יואל ב	ז	__	{{מ:פסוק|יואל|ב|ז}}	כְּגִבּוֹרִ֣ים יְרֻצ֔וּן כְּאַנְשֵׁ֥י מִלְחָמָ֖ה יַעֲל֣וּ חוֹמָ֑ה וְאִ֤ישׁ בִּדְרָכָיו֙ יֵֽלֵכ֔וּן וְלֹ֥א יְעַבְּט֖וּן אֹרְחוֹתָֽם׃
ספר תרי עשר/יואל ב	ח	__	{{מ:פסוק|יואל|ב|ח}}	וְאִ֤ישׁ אָחִיו֙ לֹ֣א יִדְחָק֔וּן גֶּ֥בֶר בִּמְסִלָּת֖וֹ יֵלֵכ֑וּן וּבְעַ֥ד הַשֶּׁ֛לַח יִפֹּ֖לוּ לֹ֥א יִבְצָֽעוּ׃
ספר תרי עשר/יואל ב	ט	__	{{מ:פסוק|יואל|ב|ט}}	בָּעִ֣יר יָשֹׁ֗קּוּ בַּֽחוֹמָה֙ יְרֻצ֔וּן בַּבָּתִּ֖ים יַעֲל֑וּ בְּעַ֧ד הַחַלּוֹנִ֛ים יָבֹ֖אוּ כַּגַּנָּֽב׃
ספר תרי עשר/יואל ב	י	__	{{מ:פסוק|יואל|ב|י}}	לְפָנָיו֙ רָ֣גְזָה אֶ֔רֶץ רָעֲשׁ֖וּ שָׁמָ֑יִם שֶׁ֤מֶשׁ וְיָרֵ֙חַ֙ קָדָ֔רוּ וְכוֹכָבִ֖ים אָסְפ֥וּ נׇגְהָֽם׃
ספר תרי עשר/יואל ב	יא	__	{{מ:פסוק|יואל|ב|יא}}	וַיהֹוָ֗ה נָתַ֤ן קוֹלוֹ֙ לִפְנֵ֣י חֵיל֔וֹ כִּ֣י רַ֤ב מְאֹד֙ מַחֲנֵ֔הוּ כִּ֥י עָצ֖וּם עֹשֵׂ֣ה דְבָר֑וֹ כִּֽי־גָד֧וֹל יוֹם־יְהֹוָ֛ה וְנוֹרָ֥א מְאֹ֖ד וּמִ֥י יְכִילֶֽנּוּ׃
ספר תרי עשר/יואל ב	יב	__	{{מ:פסוק|יואל|ב|יב}}	וְגַם־עַתָּה֙ נְאֻם־יְהֹוָ֔ה שֻׁ֥בוּ עָדַ֖י בְּכׇל־לְבַבְכֶ֑ם וּבְצ֥וֹם וּבִבְכִ֖י וּבְמִסְפֵּֽד׃
ספר תרי עשר/יואל ב	יג	__	{{מ:פסוק|יואל|ב|יג}}	וְקִרְע֤וּ לְבַבְכֶם֙ וְאַל־בִּגְדֵיכֶ֔ם וְשׁ֖וּבוּ אֶל־יְהֹוָ֣ה אֱלֹהֵיכֶ֑ם כִּֽי־חַנּ֤וּן וְרַחוּם֙ ה֔וּא אֶ֤רֶךְ אַפַּ֙יִם֙ וְרַב־חֶ֔סֶד וְנִחָ֖ם עַל־הָרָעָֽה׃
ספר תרי עשר/יואל ב	יד	__	{{מ:פסוק|יואל|ב|יד}}	מִ֥י יוֹדֵ֖עַ יָשׁ֣וּב וְנִחָ֑ם וְהִשְׁאִ֤יר אַחֲרָיו֙ בְּרָכָ֔ה מִנְחָ֣ה וָנֶ֔סֶךְ לַיהֹוָ֖ה אֱלֹהֵיכֶֽם׃
ספר תרי עשר/יואל ב	טו	//{{פפ}}	{{מ:פסוק|יואל|ב|טו}}	תִּקְע֥וּ שׁוֹפָ֖ר בְּצִיּ֑וֹן קַדְּשׁוּ־צ֖וֹם קִרְא֥וּ עֲצָרָֽה׃
ספר תרי עשר/יואל ב	טז	__	{{מ:פסוק|יואל|ב|טז}}	אִסְפוּ־עָ֞ם קַדְּשׁ֤וּ קָהָל֙ קִבְצ֣וּ זְקֵנִ֔ים אִסְפוּ֙ עֽוֹלָלִ֔ים וְיֹנְקֵ֖י שָׁדָ֑יִם יֵצֵ֤א חָתָן֙ מֵֽחֶדְר֔וֹ וְכַלָּ֖ה מֵחֻפָּתָֽהּ׃
ספר תרי עשר/יואל ב	יז	__	{{מ:פסוק|יואל|ב|יז}}	בֵּ֤ין הָאוּלָם֙ וְלַמִּזְבֵּ֔חַ יִבְכּוּ֙ הַכֹּ֣הֲנִ֔ים מְשָׁרְתֵ֖י יְהֹוָ֑ה וְֽיֹאמְר֞וּ ח֧וּסָה יְהֹוָ֣ה עַל־עַמֶּ֗ךָ וְאַל־תִּתֵּ֨ן נַחֲלָתְךָ֤ לְחֶרְפָּה֙ לִמְשׇׁל־בָּ֣ם גּוֹיִ֔ם לָ֚מָּה יֹאמְר֣וּ בָעַמִּ֔ים אַיֵּ֖ה אֱלֹהֵיהֶֽם׃
ספר תרי עשר/יואל ב	יח	__	{{מ:פסוק|יואל|ב|יח}}	וַיְקַנֵּ֥א יְהֹוָ֖ה לְאַרְצ֑וֹ וַיַּחְמֹ֖ל עַל־עַמּֽוֹ׃
ספר תרי עשר/יואל ב	יט	__	{{מ:פסוק|יואל|ב|יט}}	וַיַּ֨עַן יְהֹוָ֜ה וַיֹּ֣אמֶר לְעַמּ֗וֹ הִנְנִ֨י שֹׁלֵ֤חַ לָכֶם֙ אֶת־הַדָּגָן֙ וְהַתִּיר֣וֹשׁ וְהַיִּצְהָ֔ר וּשְׂבַעְתֶּ֖ם אֹת֑וֹ וְלֹא־אֶתֵּ֨ן אֶתְכֶ֥ם ע֛וֹד חֶרְפָּ֖ה בַּגּוֹיִֽם׃
ספר תרי עשר/יואל ב	כ	__	{{מ:פסוק|יואל|ב|כ}}	וְֽאֶת־הַצְּפוֹנִ֞י אַרְחִ֣יק מֵעֲלֵיכֶ֗ם וְהִדַּחְתִּיו֮ אֶל־אֶ֣רֶץ צִיָּ֣ה וּשְׁמָמָה֒ אֶת־פָּנָ֗יו אֶל־הַיָּם֙ הַקַּדְמֹנִ֔י וְסֹפ֖וֹ אֶל־הַיָּ֣ם הָאַחֲר֑וֹן וְעָלָ֣ה בָאְשׁ֗וֹ וְתַ֙עַל֙ צַחֲנָת֔וֹ כִּ֥י הִגְדִּ֖יל לַעֲשֽׂוֹת׃
ספר תרי עשר/יואל ב	כא	__	{{מ:פסוק|יואל|ב|כא}}	אַל־תִּֽירְאִ֖י אֲדָמָ֑ה גִּ֣ילִי וּשְׂמָ֔חִי כִּֽי־הִגְדִּ֥יל יְהֹוָ֖ה לַעֲשֽׂוֹת׃
ספר תרי עשר/יואל ב	כב	__	{{מ:פסוק|יואל|ב|כב}}	אַל־תִּֽירְאוּ֙ בַּהֲמ֣וֹת שָׂדַ֔י כִּ֥י דָשְׁא֖וּ נְא֣וֹת מִדְבָּ֑ר כִּי־עֵץ֙ נָשָׂ֣א פִרְי֔וֹ תְּאֵנָ֥ה וָגֶ֖פֶן נָתְנ֥וּ חֵילָֽם׃
ספר תרי עשר/יואל ב	כג	__	{{מ:פסוק|יואל|ב|כג}}	וּבְנֵ֣י צִיּ֗וֹן גִּ֤ילוּ וְשִׂמְחוּ֙ בַּיהֹוָ֣ה אֱלֹהֵיכֶ֔ם כִּֽי־נָתַ֥ן לָכֶ֛ם אֶת־הַמּוֹרֶ֖ה לִצְדָקָ֑ה וַיּ֣וֹרֶד לָכֶ֗ם גֶּ֛שֶׁם מוֹרֶ֥ה וּמַלְק֖וֹשׁ בָּרִאשֽׁוֹן׃
ספר תרי עשר/יואל ב	כד	__	{{מ:פסוק|יואל|ב|כד}}	וּמָלְא֥וּ הַגֳּרָנ֖וֹת בָּ֑ר וְהֵשִׁ֥יקוּ הַיְקָבִ֖ים תִּיר֥וֹשׁ וְיִצְהָֽר׃
ספר תרי עשר/יואל ב	כה	__	{{מ:פסוק|יואל|ב|כה}}	וְשִׁלַּמְתִּ֤י לָכֶם֙ אֶת־הַשָּׁנִ֔ים אֲשֶׁר֙ אָכַ֣ל הָאַרְבֶּ֔ה הַיֶּ֖לֶק וְהֶחָסִ֣יל וְהַגָּזָ֑ם חֵילִי֙ הַגָּד֔וֹל אֲשֶׁ֥ר שִׁלַּ֖חְתִּי בָּכֶֽם׃
ספר תרי עשר/יואל ב	כו	__	{{מ:פסוק|יואל|ב|כו}}	וַאֲכַלְתֶּ֤ם אָכוֹל֙ וְשָׂב֔וֹעַ וְהִלַּלְתֶּ֗ם אֶת־שֵׁ֤ם יְהֹוָה֙ אֱלֹ֣הֵיכֶ֔ם אֲשֶׁר־עָשָׂ֥ה עִמָּכֶ֖ם לְהַפְלִ֑יא וְלֹא־יֵבֹ֥שׁוּ עַמִּ֖י לְעוֹלָֽם׃
ספר תרי עשר/יואל ב	כז	__	{{מ:פסוק|יואל|ב|כז|סדר=ה}}	וִידַעְתֶּ֗ם כִּ֣י בְקֶ֤רֶב יִשְׂרָאֵל֙ אָ֔נִי וַאֲנִ֛י יְהֹוָ֥ה אֱלֹהֵיכֶ֖ם וְאֵ֣ין ע֑וֹד וְלֹֽא־יֵבֹ֥שׁוּ עַמִּ֖י לְעוֹלָֽם׃
ספר תרי עשר/יואל ב	תתת	<noinclude>//{{תבנית:משתמש:Dovi/טעמי המקרא-סוף}}//{{מ:שוליים-סוף}}//==הפרק בלי מספרים==//{{תבנית:משתמש:Dovi/טעמי המקרא}}//{{#בלי קטע:{{שם הדף המלא}}|סימן}}//{{תבנית:משתמש:Dovi/טעמי המקרא-סוף}}</noinclude>		
ספר תרי עשר/יואל ג	0	<noinclude>{{תבנית:טעמי המקרא באינטרנט}}//{{מ:שוליים|5}}//{{תבנית:משתמש:Dovi/טעמי המקרא}}//</noinclude>		
ספר תרי עשר/יואל ג	א	{{פפ}}//	{{מ:פסוק|יואל|ג|א}}	וְהָיָ֣ה אַחֲרֵי־כֵ֗ן אֶשְׁפּ֤וֹךְ אֶת־רוּחִי֙ עַל־כׇּל־בָּשָׂ֔ר וְנִבְּא֖וּ בְּנֵיכֶ֣ם וּבְנוֹתֵיכֶ֑ם זִקְנֵיכֶם֙ חֲלֹמ֣וֹת יַחֲלֹמ֔וּן בַּח֣וּרֵיכֶ֔ם חֶזְיֹנ֖וֹת יִרְאֽוּ׃
ספר תרי עשר/יואל ג	ב	__	{{מ:פסוק|יואל|ג|ב}}	וְגַ֥ם עַל־הָעֲבָדִ֖ים וְעַל־הַשְּׁפָח֑וֹת בַּיָּמִ֣ים הָהֵ֔מָּה אֶשְׁפּ֖וֹךְ אֶת־רוּחִֽי׃
ספר תרי עשר/יואל ג	ג	__	{{מ:פסוק|יואל|ג|ג}}	וְנָֽתַתִּי֙ מֽוֹפְתִ֔ים בַּשָּׁמַ֖יִם וּבָאָ֑רֶץ דָּ֣ם וָאֵ֔שׁ {{נוסח|וְתִֽימְר֖וֹת|א=וְתִֽימֲר֖וֹת (חטף)}} עָשָֽׁן׃
ספר תרי עשר/יואל ג	ד	__	{{מ:פסוק|יואל|ג|ד}}	הַשֶּׁ֙מֶשׁ֙ יֵהָפֵ֣ךְ לְחֹ֔שֶׁךְ וְהַיָּרֵ֖חַ לְדָ֑ם לִפְנֵ֗י בּ֚וֹא י֣וֹם יְהֹוָ֔ה הַגָּד֖וֹל וְהַנּוֹרָֽא׃
ספר תרי עשר/יואל ג	ה	__	{{מ:פסוק|יואל|ג|ה}}	וְהָיָ֗ה כֹּ֧ל אֲשֶׁר־יִקְרָ֛א בְּשֵׁ֥ם יְהֹוָ֖ה יִמָּלֵ֑ט כִּ֠י בְּהַר־צִיּ֨וֹן וּבִירוּשָׁל{{מ:ירושלם|ַ|֜}}ם תִּֽהְיֶ֣ה פְלֵיטָ֗ה כַּֽאֲשֶׁר֙ אָמַ֣ר יְהֹוָ֔ה וּבַ֨שְּׂרִידִ֔ים אֲשֶׁ֥ר יְהֹוָ֖ה קֹרֵֽא׃
ספר תרי עשר/יואל ג	תתת	<noinclude>//{{תבנית:משתמש:Dovi/טעמי המקרא-סוף}}//{{מ:שוליים-סוף}}//==הפרק בלי מספרים==//{{תבנית:משתמש:Dovi/טעמי המקרא}}//{{#בלי קטע:{{שם הדף המלא}}|סימן}}//{{תבנית:משתמש:Dovi/טעמי המקרא-סוף}}</noinclude>		
ספר תרי עשר/יואל ד	0	<noinclude>{{תבנית:טעמי המקרא באינטרנט}}//{{מ:שוליים|5}}//{{תבנית:משתמש:Dovi/טעמי המקרא}}//</noinclude>		
ספר תרי עשר/יואל ד	א	{{מ:אין פרשה בתחילת פרק}}	{{מ:פסוק|יואל|ד|א}}	"כִּ֗י הִנֵּ֛ה בַּיָּמִ֥ים הָהֵ֖מָּה וּבָעֵ֣ת הַהִ֑יא אֲשֶׁ֥ר {{כו""ק|אשוב|אָשִׁ֛יב}} אֶת־שְׁב֥וּת יְהוּדָ֖ה וִירוּשָׁל{{מ:ירושלם|ָ|ֽ}}ם׃"
ספר תרי עשר/יואל ד	ב	__	{{מ:פסוק|יואל|ד|ב}}	וְקִבַּצְתִּי֙ אֶת־כׇּל־הַגּוֹיִ֔ם וְה֣וֹרַדְתִּ֔ים אֶל־עֵ֖מֶק יְהוֹשָׁפָ֑ט וְנִשְׁפַּטְתִּ֨י עִמָּ֜ם שָׁ֗ם עַל־עַמִּ֨י וְנַחֲלָתִ֤י יִשְׂרָאֵל֙ אֲשֶׁ֣ר פִּזְּר֣וּ בַגּוֹיִ֔ם וְאֶת־אַרְצִ֖י חִלֵּֽקוּ׃
ספר תרי עשר/יואל ד	ג	__	{{מ:פסוק|יואל|ד|ג}}	וְאֶל־עַמִּ֖י יַדּ֣וּ גוֹרָ֑ל וַֽיִּתְּנ֤וּ הַיֶּ֙לֶד֙ בַּזּוֹנָ֔ה וְהַיַּלְדָּ֛ה מָכְר֥וּ בַיַּ֖יִן וַיִּשְׁתּֽוּ׃
ספר תרי עשר/יואל ד	ד	__	{{מ:פסוק|יואל|ד|ד}}	וְ֠גַ֠ם מָה־אַתֶּ֥ם לִי֙ צֹ֣ר וְצִיד֔וֹן וְכֹ֖ל גְּלִיל֣וֹת פְּלָ֑שֶׁת הַגְּמ֗וּל אַתֶּם֙ מְשַׁלְּמִ֣ים עָלָ֔י וְאִם־גֹּמְלִ֤ים אַתֶּם֙ עָלַ֔י קַ֣ל מְהֵרָ֔ה אָשִׁ֥יב גְּמֻֽלְכֶ֖ם בְּרֹאשְׁכֶֽם׃
ספר תרי עשר/יואל ד	ה	__	{{מ:פסוק|יואל|ד|ה}}	אֲשֶׁר־כַּסְפִּ֥י וּזְהָבִ֖י לְקַחְתֶּ֑ם וּמַֽחֲמַדַּי֙ הַטֹּבִ֔ים הֲבֵאתֶ֖ם לְהֵיכְלֵיכֶֽם׃
ספר תרי עשר/יואל ד	ו	__	{{מ:פסוק|יואל|ד|ו}}	וּבְנֵ֤י יְהוּדָה֙ וּבְנֵ֣י יְרוּשָׁל{{מ:ירושלם|ַ|֔}}ם מְכַרְתֶּ֖ם לִבְנֵ֣י הַיְּוָנִ֑ים לְמַ֥עַן הַרְחִיקָ֖ם מֵעַ֥ל גְּבוּלָֽם׃
ספר תרי עשר/יואל ד	ז	__	{{מ:פסוק|יואל|ד|ז}}	הִנְנִ֣י מְעִירָ֔ם מִ֨ן־הַמָּק֔וֹם אֲשֶׁר־מְכַרְתֶּ֥ם אֹתָ֖ם שָׁ֑מָּה וַהֲשִׁבֹתִ֥י גְמֻֽלְכֶ֖ם בְּרֹאשְׁכֶֽם׃
ספר תרי עשר/יואל ד	ח	__	{{מ:פסוק|יואל|ד|ח}}	וּמָכַרְתִּ֞י אֶת־בְּנֵיכֶ֣ם וְאֶת־בְּנֽוֹתֵיכֶ֗ם בְּיַד֙ בְּנֵ֣י יְהוּדָ֔ה וּמְכָר֥וּם לִשְׁבָאיִ֖ם אֶל־גּ֣וֹי רָח֑וֹק כִּ֥י יְהֹוָ֖ה דִּבֵּֽר׃
ספר תרי עשר/יואל ד	ט	//{{פפ}}//	{{מ:פסוק|יואל|ד|ט}}	קִרְאוּ־זֹאת֙ בַּגּוֹיִ֔ם קַדְּשׁ֖וּ מִלְחָמָ֑ה הָעִ֙ירוּ֙ הַגִּבּוֹרִ֔ים יִגְּשׁ֣וּ יַֽעֲל֔וּ כֹּ֖ל אַנְשֵׁ֥י הַמִּלְחָמָֽה׃
ספר תרי עשר/יואל ד	י	__	{{מ:פסוק|יואל|ד|י}}	כֹּ֤תּוּ אִתֵּיכֶם֙ לַחֲרָב֔וֹת וּמַזְמְרֹֽתֵיכֶ֖ם לִרְמָחִ֑ים הַֽחַלָּ֔שׁ יֹאמַ֖ר גִּבּ֥וֹר אָֽנִי׃
ספר תרי עשר/יואל ד	יא	__	{{מ:פסוק|יואל|ד|יא}}	ע֣וּשׁוּ וָבֹ֧אוּ כׇֽל־הַגּוֹיִ֛ם מִסָּבִ֖יב וְנִקְבָּ֑צוּ שָׁ֕מָּה הַֽנְחַ֥ת יְהֹוָ֖ה גִּבּוֹרֶֽיךָ׃
ספר תרי עשר/יואל ד	יב	__	{{מ:פסוק|יואל|ד|יב}}	יֵע֙וֹרוּ֙ וְיַעֲל֣וּ הַגּוֹיִ֔ם אֶל־עֵ֖מֶק יְהוֹשָׁפָ֑ט כִּ֣י שָׁ֗ם אֵשֵׁ֛ב לִשְׁפֹּ֥ט אֶת־כׇּל־הַגּוֹיִ֖ם מִסָּבִֽיב׃
ספר תרי עשר/יואל ד	יג	__	{{מ:פסוק|יואל|ד|יג}}	שִׁלְח֣וּ מַגָּ֔ל כִּ֥י בָשַׁ֖ל קָצִ֑יר בֹּ֤אֽוּ רְדוּ֙ כִּֽי־מָ֣לְאָה גַּ֔ת הֵשִׁ֙יקוּ֙ הַיְקָבִ֔ים כִּ֥י רַבָּ֖ה רָעָתָֽם׃
ספר תרי עשר/יואל ד	יד	__	{{מ:פסוק|יואל|ד|יד}}	הֲמוֹנִ֣ים הֲמוֹנִ֔ים בְּעֵ֖מֶק הֶחָר֑וּץ כִּ֤י קָרוֹב֙ י֣וֹם יְהֹוָ֔ה בְּעֵ֖מֶק הֶחָרֽוּץ׃
ספר תרי עשר/יואל ד	טו	__	{{מ:פסוק|יואל|ד|טו}}	שֶׁ֥מֶשׁ וְיָרֵ֖חַ קָדָ֑רוּ וְכוֹכָבִ֖ים אָסְפ֥וּ נׇגְהָֽם׃
ספר תרי עשר/יואל ד	טז	__	{{מ:פסוק|יואל|ד|טז}}	וַיהֹוָ֞ה מִצִּיּ֣וֹן יִשְׁאָ֗ג וּמִירוּשָׁל{{מ:ירושלם|ַ|֙}}ם֙ יִתֵּ֣ן קוֹל֔וֹ וְרָעֲשׁ֖וּ שָׁמַ֣יִם וָאָ֑רֶץ וַֽיהֹוָה֙ מַחֲסֶ֣ה לְעַמּ֔וֹ וּמָע֖וֹז לִבְנֵ֥י יִשְׂרָאֵֽל׃
ספר תרי עשר/יואל ד	יז	__	{{מ:פסוק|יואל|ד|יז}}	וִידַעְתֶּ֗ם כִּ֣י אֲנִ֤י יְהֹוָה֙ אֱלֹ֣הֵיכֶ֔ם שֹׁכֵ֖ן בְּצִיּ֣וֹן הַר־קׇדְשִׁ֑י וְהָיְתָ֤ה יְרֽוּשָׁל{{מ:ירושלם|ַ|֙}}ם֙ קֹ֔דֶשׁ וְזָרִ֥ים לֹא־יַֽעַבְרוּ־בָ֖הּ עֽוֹד׃
ספר תרי עשר/יואל ד	יח	//{{סס}}	{{מ:פסוק|יואל|ד|יח}}	וְהָיָה֩ בַיּ֨וֹם הַה֜וּא יִטְּפ֧וּ הֶהָרִ֣ים עָסִ֗יס וְהַגְּבָעוֹת֙ תֵּלַ֣כְנָה חָלָ֔ב וְכׇל־אֲפִיקֵ֥י יְהוּדָ֖ה יֵ֣לְכוּ מָ֑יִם וּמַעְיָ֗ן מִבֵּ֤ית יְהֹוָה֙ יֵצֵ֔א וְהִשְׁקָ֖ה אֶת־נַ֥חַל הַשִּׁטִּֽים׃
ספר תרי עשר/יואל ד	יט	__	{{מ:פסוק|יואל|ד|יט}}	מִצְרַ֙יִם֙ לִשְׁמָמָ֣ה תִֽהְיֶ֔ה וֶאֱד֕וֹם לְמִדְבַּ֥ר שְׁמָמָ֖ה תִּֽהְיֶ֑ה מֵֽחֲמַס֙ בְּנֵ֣י יְהוּדָ֔ה אֲשֶׁר־שָׁפְכ֥וּ דָם־נָקִ֖יא בְּאַרְצָֽם׃
ספר תרי עשר/יואל ד	כ	__	{{מ:פסוק|יואל|ד|כ}}	וִיהוּדָ֖ה לְעוֹלָ֣ם תֵּשֵׁ֑ב וִירוּשָׁל{{מ:ירושלם|ַ|֖}}ם לְד֥וֹר וָדֽוֹר׃
ספר תרי עשר/יואל ד	כא	__	{{מ:פסוק|יואל|ד|כא}}	וְנִקֵּ֖יתִי דָּמָ֣ם לֹֽא־נִקֵּ֑יתִי וַיהֹוָ֖ה שֹׁכֵ֥ן בְּצִיּֽוֹן׃
ספר תרי עשר/יואל ד	תתת	<noinclude>//{{תבנית:משתמש:Dovi/טעמי המקרא-סוף}}//{{מ:שוליים-סוף}}//==הפרק בלי מספרים==//{{תבנית:משתמש:Dovi/טעמי המקרא}}//{{#בלי קטע:{{שם הדף המלא}}|סימן}}//{{תבנית:משתמש:Dovi/טעמי המקרא-סוף}}</noinclude>		
