ספר תרי עשר/הושע א	0	<noinclude>{{תבנית:טעמי המקרא באינטרנט}}//{{מ:שוליים|5}}//{{תבנית:משתמש:Dovi/טעמי המקרא}}//</noinclude>		
ספר תרי עשר/הושע א	א	{{מ:ספר חדש|תרי עשר}}{{רווח בתרי עשר|הושע}}	{{מ:פסוק|הושע|א|א|סדר=א}}	דְּבַר־יְהֹוָ֣ה{{מ:לגרמיה}}אֲשֶׁ֣ר הָיָ֗ה אֶל־הוֹשֵׁ֙עַ֙ בֶּן־בְּאֵרִ֔י בִּימֵ֨י עֻזִּיָּ֥ה יוֹתָ֛ם אָחָ֥ז יְחִזְקִיָּ֖ה מַלְכֵ֣י יְהוּדָ֑ה וּבִימֵ֛י יָרׇבְעָ֥ם בֶּן־יוֹאָ֖שׁ מֶ֥לֶךְ יִשְׂרָאֵֽל׃
ספר תרי עשר/הושע א	ב	__	{{מ:פסוק|הושע|א|ב}}	תְּחִלַּ֥ת דִּבֶּר־יְהֹוָ֖ה בְּהוֹשֵׁ֑עַ{{פסקא באמצע פסוק|{{פפ}}|הושע א ב|א=רווח של שורה ריקה}}וַיֹּ֨אמֶר יְהֹוָ֜ה אֶל־הוֹשֵׁ֗עַ לֵ֣ךְ קַח־לְךָ֞ אֵ֤שֶׁת זְנוּנִים֙ וְיַלְדֵ֣י זְנוּנִ֔ים כִּֽי־זָנֹ֤ה תִזְנֶה֙ הָאָ֔רֶץ מֵאַחֲרֵ֖י יְהֹוָֽה׃
ספר תרי עשר/הושע א	ג	__	{{מ:פסוק|הושע|א|ג}}	וַיֵּ֙לֶךְ֙ וַיִּקַּ֔ח אֶת־גֹּ֖מֶר בַּת־דִּבְלָ֑יִם וַתַּ֥הַר וַתֵּלֶד־ל֖וֹ בֵּֽן׃
ספר תרי עשר/הושע א	ד	__	{{מ:פסוק|הושע|א|ד}}	וַיֹּ֤אמֶר יְהֹוָה֙ אֵלָ֔יו קְרָ֥א שְׁמ֖וֹ יִזְרְעֶ֑אל כִּי־ע֣וֹד מְעַ֗ט וּפָ֨קַדְתִּ֜י אֶת־דְּמֵ֤י יִזְרְעֶאל֙ עַל־בֵּ֣ית יֵה֔וּא וְהִ֨שְׁבַּתִּ֔י מַמְלְכ֖וּת בֵּ֥ית יִשְׂרָאֵֽל׃
ספר תרי עשר/הושע א	ה	__	{{מ:פסוק|הושע|א|ה}}	וְהָיָ֖ה בַּיּ֣וֹם הַה֑וּא וְשָֽׁבַרְתִּי֙ אֶת־קֶ֣שֶׁת יִשְׂרָאֵ֔ל בְּעֵ֖מֶק יִזְרְעֶֽאל׃
ספר תרי עשר/הושע א	ו	__	{{מ:פסוק|הושע|א|ו}}	וַתַּ֤הַר עוֹד֙ וַתֵּ֣לֶד בַּ֔ת וַיֹּ֣אמֶר ל֔וֹ קְרָ֥א שְׁמָ֖הּ לֹ֣א רֻחָ֑מָה כִּי֩ לֹ֨א אוֹסִ֜יף ע֗וֹד אֲרַחֵם֙ אֶת־בֵּ֣ית יִשְׂרָאֵ֔ל כִּֽי־נָשֹׂ֥א אֶשָּׂ֖א לָהֶֽם׃
ספר תרי עשר/הושע א	ז	__	{{מ:פסוק|הושע|א|ז}}	וְאֶת־בֵּ֤ית יְהוּדָה֙ אֲרַחֵ֔ם וְהוֹשַׁעְתִּ֖ים בַּיהֹוָ֣ה אֱלֹהֵיהֶ֑ם וְלֹ֣א אוֹשִׁיעֵ֗ם בְּקֶ֤שֶׁת וּבְחֶ֙רֶב֙ וּבְמִלְחָמָ֔ה בְּסוּסִ֖ים וּבְפָרָשִֽׁים׃
ספר תרי עשר/הושע א	ח	__	{{מ:פסוק|הושע|א|ח}}	וַתִּגְמֹ֖ל אֶת־לֹ֣א רֻחָ֑מָה וַתַּ֖הַר וַתֵּ֥לֶד בֵּֽן׃
ספר תרי עשר/הושע א	ט	__	{{מ:פסוק|הושע|א|ט}}	וַיֹּ֕אמֶר קְרָ֥א שְׁמ֖וֹ לֹ֣א עַמִּ֑י כִּ֤י אַתֶּם֙ לֹ֣א עַמִּ֔י וְאָנֹכִ֖י לֹא־אֶהְיֶ֥ה לָכֶֽם׃
ספר תרי עשר/הושע א	תתת	<noinclude>//{{תבנית:משתמש:Dovi/טעמי המקרא-סוף}}//{{מ:שוליים-סוף}}//==הפרק בלי מספרים==//{{תבנית:משתמש:Dovi/טעמי המקרא}}//{{#בלי קטע:{{שם הדף המלא}}|סימן}}//{{תבנית:משתמש:Dovi/טעמי המקרא-סוף}}</noinclude>		
ספר תרי עשר/הושע ב	0	<noinclude>{{תבנית:טעמי המקרא באינטרנט}}//{{מ:שוליים|5}}//{{תבנית:משתמש:Dovi/טעמי המקרא}}//</noinclude>		
ספר תרי עשר/הושע ב	א	{{פפ}}//	{{מ:פסוק|הושע|ב|א}}	וְֽ֠הָיָ֠ה מִסְפַּ֤ר בְּנֵֽי־יִשְׂרָאֵל֙ כְּח֣וֹל הַיָּ֔ם אֲשֶׁ֥ר לֹֽא־יִמַּ֖ד וְלֹ֣א יִסָּפֵ֑ר וְֽ֠הָיָ֠ה בִּמְק֞וֹם אֲשֶׁר־יֵאָמֵ֤ר לָהֶם֙ לֹא־עַמִּ֣י אַתֶּ֔ם יֵאָמֵ֥ר לָהֶ֖ם בְּנֵ֥י אֵֽל־חָֽי׃
ספר תרי עשר/הושע ב	ב	__	{{מ:פסוק|הושע|ב|ב}}	וְ֠נִקְבְּצ֠וּ בְּנֵֽי־יְהוּדָ֤ה וּבְנֵֽי־יִשְׂרָאֵל֙ יַחְדָּ֔ו וְשָׂמ֥וּ לָהֶ֛ם רֹ֥אשׁ אֶחָ֖ד וְעָל֣וּ מִן־הָאָ֑רֶץ כִּ֥י גָד֖וֹל י֥וֹם יִזְרְעֶֽאל׃
ספר תרי עשר/הושע ב	ג	__	{{מ:פסוק|הושע|ב|ג}}	אִמְר֥וּ לַאֲחֵיכֶ֖ם עַמִּ֑י וְלַאֲחוֹתֵיכֶ֖ם רֻחָֽמָה׃
ספר תרי עשר/הושע ב	ד	__	{{מ:פסוק|הושע|ב|ד}}	רִ֤יבוּ בְאִמְּכֶם֙ רִ֔יבוּ כִּי־הִיא֙ לֹ֣א אִשְׁתִּ֔י וְאָנֹכִ֖י לֹ֣א אִישָׁ֑הּ וְתָסֵ֤ר זְנוּנֶ֙יהָ֙ מִפָּנֶ֔יהָ וְנַאֲפוּפֶ֖יהָ מִבֵּ֥ין שָׁדֶֽיהָ׃
ספר תרי עשר/הושע ב	ה	__	{{מ:פסוק|הושע|ב|ה}}	פֶּן־אַפְשִׁיטֶ֣נָּה עֲרֻמָּ֔ה וְהִ֨צַּגְתִּ֔יהָ כְּי֖וֹם הִוָּֽלְדָ֑הּ וְשַׂמְתִּ֣יהָ כַמִּדְבָּ֗ר וְשַׁתִּ֙הָ֙ כְּאֶ֣רֶץ צִיָּ֔ה וַהֲמִתִּ֖יהָ בַּצָּמָֽא׃
ספר תרי עשר/הושע ב	ו	__	{{מ:פסוק|הושע|ב|ו}}	וְאֶת־בָּנֶ֖יהָ לֹ֣א אֲרַחֵ֑ם כִּֽי־בְנֵ֥י זְנוּנִ֖ים הֵֽמָּה׃
ספר תרי עשר/הושע ב	ז	__	{{מ:פסוק|הושע|ב|ז}}	כִּ֤י זָֽנְתָה֙ אִמָּ֔ם הֹבִ֖ישָׁה הוֹרָתָ֑ם כִּ֣י אָמְרָ֗ה אֵלְכָ֞ה אַחֲרֵ֤י מְאַֽהֲבַי֙ נֹתְנֵ֤י לַחְמִי֙ וּמֵימַ֔י צַמְרִ֣י וּפִשְׁתִּ֔י שַׁמְנִ֖י וְשִׁקּוּיָֽי׃
ספר תרי עשר/הושע ב	ח	__	{{מ:פסוק|הושע|ב|ח}}	לָכֵ֛ן הִנְנִי־שָׂ֥ךְ אֶת־דַּרְכֵּ֖ךְ בַּסִּירִ֑ים וְגָֽדַרְתִּי֙ אֶת־גְּדֵרָ֔הּ וּנְתִיבוֹתֶ֖יהָ לֹ֥א תִמְצָֽא׃
ספר תרי עשר/הושע ב	ט	__	{{מ:פסוק|הושע|ב|ט}}	וְרִדְּפָ֤ה אֶת־מְאַהֲבֶ֙יהָ֙ וְלֹא־תַשִּׂ֣יג אֹתָ֔ם וּבִקְשָׁ֖תַם וְלֹ֣א תִמְצָ֑א וְאָמְרָ֗ה אֵלְכָ֤ה וְאָשׁ֙וּבָה֙ אֶל־אִישִׁ֣י הָרִאשׁ֔וֹן כִּ֣י ט֥וֹב לִ֛י אָ֖ז מֵעָֽתָּה׃
ספר תרי עשר/הושע ב	י	__	{{מ:פסוק|הושע|ב|י}}	וְהִיא֙ לֹ֣א יָֽדְעָ֔ה כִּ֤י אָנֹכִי֙ נָתַ֣תִּי לָ֔הּ הַדָּגָ֖ן וְהַתִּיר֣וֹשׁ וְהַיִּצְהָ֑ר וְכֶ֨סֶף הִרְבֵּ֥יתִי לָ֛הּ וְזָהָ֖ב עָשׂ֥וּ לַבָּֽעַל׃
ספר תרי עשר/הושע ב	יא	__	{{מ:פסוק|הושע|ב|יא}}	לָכֵ֣ן אָשׁ֔וּב וְלָקַחְתִּ֤י דְגָנִי֙ בְּעִתּ֔וֹ וְתִירוֹשִׁ֖י בְּמוֹעֲד֑וֹ וְהִצַּלְתִּי֙ צַמְרִ֣י וּפִשְׁתִּ֔י לְכַסּ֖וֹת אֶת־עֶרְוָתָֽהּ׃
ספר תרי עשר/הושע ב	יב	__	{{מ:פסוק|הושע|ב|יב}}	וְעַתָּ֛ה אֲגַלֶּ֥ה אֶת־נַבְלֻתָ֖הּ לְעֵינֵ֣י מְאַהֲבֶ֑יהָ וְאִ֖ישׁ לֹא־יַצִּילֶ֥נָּה מִיָּדִֽי׃
ספר תרי עשר/הושע ב	יג	__	{{מ:פסוק|הושע|ב|יג}}	וְהִשְׁבַּתִּי֙ כׇּל־מְשׂוֹשָׂ֔הּ חַגָּ֖הּ חׇדְשָׁ֣הּ וְשַׁבַּתָּ֑הּ וְכֹ֖ל מוֹעֲדָֽהּ׃
ספר תרי עשר/הושע ב	יד	__	{{מ:פסוק|הושע|ב|יד}}	וַהֲשִׁמֹּתִ֗י גַּפְנָהּ֙ וּתְאֵ֣נָתָ֔הּ אֲשֶׁ֣ר אָמְרָ֗ה אֶתְנָ֥ה הֵ֙מָּה֙ לִ֔י אֲשֶׁ֥ר נָתְנוּ־לִ֖י מְאַהֲבָ֑י וְשַׂמְתִּ֣ים לְיַ֔עַר וַאֲכָלָ֖תַם חַיַּ֥ת הַשָּׂדֶֽה׃
ספר תרי עשר/הושע ב	טו	__	{{מ:פסוק|הושע|ב|טו}}	וּפָקַדְתִּ֣י עָלֶ֗יהָ אֶת־יְמֵ֤י הַבְּעָלִים֙ אֲשֶׁ֣ר תַּקְטִ֣יר לָהֶ֔ם וַתַּ֤עַד נִזְמָהּ֙ וְחֶלְיָתָ֔הּ וַתֵּ֖לֶךְ אַחֲרֵ֣י מְאַהֲבֶ֑יהָ וְאֹתִ֥י שָׁכְחָ֖ה נְאֻם־יְהֹוָֽה׃
ספר תרי עשר/הושע ב	טז	//{{סס}}	{{מ:פסוק|הושע|ב|טז}}	לָכֵ֗ן הִנֵּ֤ה אָנֹכִי֙ מְפַתֶּ֔יהָ וְהֹלַכְתִּ֖יהָ הַמִּדְבָּ֑ר וְדִבַּרְתִּ֖י עַל־לִבָּֽהּ׃
ספר תרי עשר/הושע ב	יז	__	{{מ:פסוק|הושע|ב|יז}}	וְנָתַ֨תִּי לָ֤הּ אֶת־כְּרָמֶ֙יהָ֙ מִשָּׁ֔ם וְאֶת־עֵ֥מֶק עָכ֖וֹר לְפֶ֣תַח תִּקְוָ֑ה וְעָ֤נְתָה שָּׁ֙מָּה֙ כִּימֵ֣י נְעוּרֶ֔יהָ וּכְי֖וֹם עֲלוֹתָ֥הּ מֵאֶרֶץ־מִצְרָֽיִם׃
ספר תרי עשר/הושע ב	יח	__	{{מ:פסוק|הושע|ב|יח}}	וְהָיָ֤ה בַיּוֹם־הַהוּא֙ נְאֻם־יְהֹוָ֔ה תִּקְרְאִ֖י אִישִׁ֑י וְלֹא־תִקְרְאִי־לִ֥י ע֖וֹד בַּעְלִֽי׃
ספר תרי עשר/הושע ב	יט	__	{{מ:פסוק|הושע|ב|יט}}	וַהֲסִרֹתִ֛י אֶת־שְׁמ֥וֹת הַבְּעָלִ֖ים מִפִּ֑יהָ וְלֹא־יִזָּכְר֥וּ ע֖וֹד בִּשְׁמָֽם׃
ספר תרי עשר/הושע ב	כ	__	{{מ:פסוק|הושע|ב|כ}}	וְכָרַתִּ֨י לָהֶ֤ם בְּרִית֙ בַּיּ֣וֹם הַה֔וּא עִם־חַיַּ֤ת הַשָּׂדֶה֙ וְעִם־ע֣וֹף הַשָּׁמַ֔יִם וְרֶ֖מֶשׂ הָאֲדָמָ֑ה וְקֶ֨שֶׁת וְחֶ֤רֶב וּמִלְחָמָה֙ אֶשְׁבּ֣וֹר מִן־הָאָ֔רֶץ וְהִשְׁכַּבְתִּ֖ים לָבֶֽטַח׃
ספר תרי עשר/הושע ב	כא	__	{{מ:פסוק|הושע|ב|כא}}	וְאֵרַשְׂתִּ֥יךְ לִ֖י לְעוֹלָ֑ם וְאֵרַשְׂתִּ֥יךְ לִי֙ בְּצֶ֣דֶק וּבְמִשְׁפָּ֔ט וּבְחֶ֖סֶד וּֽבְרַחֲמִֽים׃
ספר תרי עשר/הושע ב	כב	__	{{מ:פסוק|הושע|ב|כב}}	וְאֵרַשְׂתִּ֥יךְ לִ֖י בֶּאֱמוּנָ֑ה וְיָדַ֖עַתְּ אֶת־יְהֹוָֽה׃
ספר תרי עשר/הושע ב	כג	//{{פפ}}//	{{מ:פסוק|הושע|ב|כג}}	וְהָיָ֣ה{{מ:לגרמיה}}בַּיּ֣וֹם הַה֗וּא אֶֽעֱנֶה֙ נְאֻם־יְהֹוָ֔ה אֶעֱנֶ֖ה אֶת־הַשָּׁמָ֑יִם וְהֵ֖ם יַעֲנ֥וּ אֶת־הָאָֽרֶץ׃
ספר תרי עשר/הושע ב	כד	__	{{מ:פסוק|הושע|ב|כד}}	וְהָאָ֣רֶץ תַּעֲנֶ֔ה אֶת־הַדָּגָ֖ן וְאֶת־הַתִּיר֣וֹשׁ וְאֶת־הַיִּצְהָ֑ר וְהֵ֖ם יַעֲנ֥וּ אֶֽת־יִזְרְעֶֽאל׃
ספר תרי עשר/הושע ב	כה	__	{{מ:פסוק|הושע|ב|כה}}	וּזְרַעְתִּ֤יהָ לִּי֙ בָּאָ֔רֶץ וְרִחַמְתִּ֖י אֶת־לֹ֣א רֻחָ֑מָה וְאָמַרְתִּ֤י לְלֹֽא־עַמִּי֙ עַמִּי־אַ֔תָּה וְה֖וּא יֹאמַ֥ר אֱלֹהָֽי׃
ספר תרי עשר/הושע ב	תתת	<noinclude>//{{תבנית:משתמש:Dovi/טעמי המקרא-סוף}}//{{מ:שוליים-סוף}}//==הפרק בלי מספרים==//{{תבנית:משתמש:Dovi/טעמי המקרא}}//{{#בלי קטע:{{שם הדף המלא}}|סימן}}//{{תבנית:משתמש:Dovi/טעמי המקרא-סוף}}</noinclude>		
ספר תרי עשר/הושע ג	0	<noinclude>{{תבנית:טעמי המקרא באינטרנט}}//{{מ:שוליים|5}}//{{תבנית:משתמש:Dovi/טעמי המקרא}}//</noinclude>		
ספר תרי עשר/הושע ג	א	{{פפ}}//	{{מ:פסוק|הושע|ג|א}}	וַיֹּ֨אמֶר יְהֹוָ֜ה אֵלַ֗י ע֚וֹד לֵ֣ךְ אֱֽהַב־אִשָּׁ֔ה אֲהֻ֥בַת רֵ֖עַ וּמְנָאָ֑פֶת כְּאַהֲבַ֤ת יְהֹוָה֙ אֶת־בְּנֵ֣י יִשְׂרָאֵ֔ל וְהֵ֗ם פֹּנִים֙ אֶל־אֱלֹהִ֣ים אֲחֵרִ֔ים וְאֹהֲבֵ֖י אֲשִׁישֵׁ֥י עֲנָבִֽים׃
ספר תרי עשר/הושע ג	ב	__	{{מ:פסוק|הושע|ג|ב}}	וָאֶכְּרֶ֣הָ לִּ֔י בַּחֲמִשָּׁ֥ה עָשָׂ֖ר כָּ֑סֶף וְחֹ֥מֶר שְׂעֹרִ֖ים וְלֵ֥תֶךְ שְׂעֹרִֽים׃
ספר תרי עשר/הושע ג	ג	__	{{מ:פסוק|הושע|ג|ג}}	וָאֹמַ֣ר אֵלֶ֗יהָ יָמִ֤ים רַבִּים֙ תֵּ֣שְׁבִי לִ֔י לֹ֣א תִזְנִ֔י וְלֹ֥א תִֽהְיִ֖י לְאִ֑ישׁ וְגַם־אֲנִ֖י אֵלָֽיִךְ׃
ספר תרי עשר/הושע ג	ד	__	{{מ:פסוק|הושע|ג|ד}}	כִּ֣י{{מ:לגרמיה}}יָמִ֣ים רַבִּ֗ים יֵֽשְׁבוּ֙ בְּנֵ֣י יִשְׂרָאֵ֔ל אֵ֥ין מֶ֙לֶךְ֙ וְאֵ֣ין שָׂ֔ר וְאֵ֥ין זֶ֖בַח וְאֵ֣ין מַצֵּבָ֑ה וְאֵ֥ין אֵפ֖וֹד וּתְרָפִֽים׃
ספר תרי עשר/הושע ג	ה	__	{{מ:פסוק|הושע|ג|ה}}	אַחַ֗ר יָשֻׁ֙בוּ֙ בְּנֵ֣י יִשְׂרָאֵ֔ל וּבִקְשׁוּ֙ אֶת־יְהֹוָ֣ה אֱלֹהֵיהֶ֔ם וְאֵ֖ת דָּוִ֣יד מַלְכָּ֑ם וּפָחֲד֧וּ אֶל־יְהֹוָ֛ה וְאֶל־טוּב֖וֹ בְּאַחֲרִ֥ית הַיָּמִֽים׃
ספר תרי עשר/הושע ג	תתת	<noinclude>//{{תבנית:משתמש:Dovi/טעמי המקרא-סוף}}//{{מ:שוליים-סוף}}//==הפרק בלי מספרים==//{{תבנית:משתמש:Dovi/טעמי המקרא}}//{{#בלי קטע:{{שם הדף המלא}}|סימן}}//{{תבנית:משתמש:Dovi/טעמי המקרא-סוף}}</noinclude>		
ספר תרי עשר/הושע ד	0	<noinclude>{{תבנית:טעמי המקרא באינטרנט}}//{{מ:שוליים|5}}//{{תבנית:משתמש:Dovi/טעמי המקרא}}//</noinclude>		
ספר תרי עשר/הושע ד	א	{{פפ}}//	{{מ:פסוק|הושע|ד|א}}	שִׁמְע֥וּ דְבַר־יְהֹוָ֖ה בְּנֵ֣י יִשְׂרָאֵ֑ל כִּ֣י רִ֤יב לַֽיהֹוָה֙ עִם־יוֹשְׁבֵ֣י הָאָ֔רֶץ כִּ֠י אֵין־אֱמֶ֧ת וְֽאֵין־חֶ֛סֶד וְאֵֽין־דַּ֥עַת אֱלֹהִ֖ים בָּאָֽרֶץ׃
ספר תרי עשר/הושע ד	ב	__	{{מ:פסוק|הושע|ד|ב}}	אָלֹ֣ה וְכַחֵ֔שׁ וְרָצֹ֥חַ וְגָנֹ֖ב וְנָאֹ֑ף פָּרָ֕צוּ וְדָמִ֥ים בְּדָמִ֖ים נָגָֽעוּ׃
ספר תרי עשר/הושע ד	ג	__	{{מ:פסוק|הושע|ד|ג}}	עַל־כֵּ֣ן{{מ:לגרמיה}}תֶּאֱבַ֣ל הָאָ֗רֶץ וְאֻמְלַל֙ כׇּל־יוֹשֵׁ֣ב בָּ֔הּ בְּחַיַּ֥ת הַשָּׂדֶ֖ה וּבְע֣וֹף הַשָּׁמָ֑יִם וְגַם־דְּגֵ֥י הַיָּ֖ם יֵאָסֵֽפוּ׃
ספר תרי עשר/הושע ד	ד	__	{{מ:פסוק|הושע|ד|ד}}	אַ֥ךְ אִ֛ישׁ אַל־יָרֵ֖ב וְאַל־יוֹכַ֣ח אִ֑ישׁ וְעַמְּךָ֖ כִּמְרִיבֵ֥י כֹהֵֽן׃
ספר תרי עשר/הושע ד	ה	__	{{מ:פסוק|הושע|ד|ה}}	וְכָשַׁלְתָּ֣ הַיּ֔וֹם וְכָשַׁ֧ל גַּם־נָבִ֛יא עִמְּךָ֖ לָ֑יְלָה וְדָמִ֖יתִי אִמֶּֽךָ׃
ספר תרי עשר/הושע ד	ו	__	{{מ:פסוק|הושע|ד|ו}}	"נִדְמ֥וּ עַמִּ֖י מִבְּלִ֣י הַדָּ֑עַת כִּי־אַתָּ֞ה הַדַּ֣עַת מָאַ֗סְתָּ {{כו""ק|ואמאסאך|וְאֶמְאָֽסְךָ֙}} מִכַּהֵ֣ן לִ֔י וַתִּשְׁכַּח֙ תּוֹרַ֣ת אֱלֹהֶ֔יךָ אֶשְׁכַּ֥ח בָּנֶ֖יךָ גַּם־אָֽנִי׃"
ספר תרי עשר/הושע ד	ז	__	{{מ:פסוק|הושע|ד|ז}}	כְּרֻבָּ֖ם כֵּ֣ן חָטְאוּ־לִ֑י כְּבוֹדָ֖ם בְּקָל֥וֹן אָמִֽיר׃
ספר תרי עשר/הושע ד	ח	__	{{מ:פסוק|הושע|ד|ח}}	חַטַּ֥את עַמִּ֖י יֹאכֵ֑לוּ וְאֶל־עֲוֺנָ֖ם יִשְׂא֥וּ נַפְשֽׁוֹ׃
ספר תרי עשר/הושע ד	ט	__	{{מ:פסוק|הושע|ד|ט}}	וְהָיָ֥ה כָעָ֖ם כַּכֹּהֵ֑ן וּפָקַדְתִּ֤י עָלָיו֙ דְּרָכָ֔יו וּמַעֲלָלָ֖יו אָשִׁ֥יב לֽוֹ׃
ספר תרי עשר/הושע ד	י	__	{{מ:פסוק|הושע|ד|י}}	וְאָֽכְלוּ֙ וְלֹ֣א יִשְׂבָּ֔עוּ הִזְנ֖וּ וְלֹ֣א יִפְרֹ֑צוּ כִּֽי־אֶת־יְהֹוָ֥ה עָזְב֖וּ לִשְׁמֹֽר׃
ספר תרי עשר/הושע ד	יא	__	{{מ:פסוק|הושע|ד|יא}}	זְנ֛וּת וְיַ֥יִן וְתִיר֖וֹשׁ יִֽקַּֽח־לֵֽב׃
ספר תרי עשר/הושע ד	יב	__	{{מ:פסוק|הושע|ד|יב}}	עַמִּי֙ בְּעֵצ֣וֹ יִשְׁאָ֔ל וּמַקְל֖וֹ יַגִּ֣יד ל֑וֹ כִּ֣י ר֤וּחַ זְנוּנִים֙ הִתְעָ֔ה וַיִּזְנ֖וּ מִתַּ֥חַת אֱלֹהֵיהֶֽם׃
ספר תרי עשר/הושע ד	יג	__	{{מ:פסוק|הושע|ד|יג}}	עַל־רָאשֵׁ֨י הֶהָרִ֜ים יְזַבֵּ֗חוּ וְעַל־הַגְּבָעוֹת֙ יְקַטֵּ֔רוּ תַּ֣חַת אַלּ֧וֹן וְלִבְנֶ֛ה וְאֵלָ֖ה כִּ֣י ט֣וֹב צִלָּ֑הּ עַל־כֵּ֗ן תִּזְנֶ֙ינָה֙ בְּנ֣וֹתֵיכֶ֔ם וְכַלּוֹתֵיכֶ֖ם תְּנָאַֽפְנָה׃
ספר תרי עשר/הושע ד	יד	__	{{מ:פסוק|הושע|ד|יד}}	לֹא־אֶפְק֨וֹד עַל־בְּנוֹתֵיכֶ֜ם כִּ֣י תִזְנֶ֗ינָה וְעַל־כַּלּֽוֹתֵיכֶם֙ כִּ֣י תְנָאַ֔פְנָה כִּי־הֵם֙ עִם־הַזֹּנ֣וֹת יְפָרֵ֔דוּ וְעִם־הַקְּדֵשׁ֖וֹת יְזַבֵּ֑חוּ וְעָ֥ם לֹֽא־יָבִ֖ין יִלָּבֵֽט׃
ספר תרי עשר/הושע ד	טו	__	{{מ:פסוק|הושע|ד|טו}}	אִם־זֹנֶ֤ה אַתָּה֙ יִשְׂרָאֵ֔ל אַל־יֶאְשַׁ֖ם יְהוּדָ֑ה וְאַל־תָּבֹ֣אוּ הַגִּלְגָּ֗ל וְאַֽל־תַּעֲלוּ֙ בֵּ֣ית אָ֔וֶן וְאַל־תִּשָּׁבְע֖וּ חַי־יְהֹוָֽה׃
ספר תרי עשר/הושע ד	טז	__	{{מ:פסוק|הושע|ד|טז}}	כִּ֚י כְּפָרָ֣ה סֹרֵרָ֔ה סָרַ֖ר יִשְׂרָאֵ֑ל עַתָּה֙ יִרְעֵ֣ם יְהֹוָ֔ה כְּכֶ֖בֶשׂ בַּמֶּרְחָֽב׃
ספר תרי עשר/הושע ד	יז	__	{{מ:פסוק|הושע|ד|יז}}	חֲב֧וּר עֲצַבִּ֛ים אֶפְרָ֖יִם הַֽנַּֽח־לֽוֹ׃
ספר תרי עשר/הושע ד	יח	__	{{מ:פסוק|הושע|ד|יח}}	סָ֖ר סׇבְאָ֑ם {{נוסח|הַזְנֵ֣ה|=ל ובדפוסים|א=הַזְנֵה (חסר טעם המונח!)}} הִזְנ֔וּ אָהֲב֥וּ הֵב֛וּ קָל֖וֹן מָגִנֶּֽיהָ׃
ספר תרי עשר/הושע ד	יט	__	{{מ:פסוק|הושע|ד|יט}}	צָרַ֥ר ר֛וּחַ אוֹתָ֖הּ בִּכְנָפֶ֑יהָ וְיֵבֹ֖שׁוּ מִזִּבְחוֹתָֽם׃
ספר תרי עשר/הושע ד	תתת	<noinclude>//{{תבנית:משתמש:Dovi/טעמי המקרא-סוף}}//{{מ:שוליים-סוף}}//==הפרק בלי מספרים==//{{תבנית:משתמש:Dovi/טעמי המקרא}}//{{#בלי קטע:{{שם הדף המלא}}|סימן}}//{{תבנית:משתמש:Dovi/טעמי המקרא-סוף}}</noinclude>		
ספר תרי עשר/הושע ה	0	<noinclude>{{תבנית:טעמי המקרא באינטרנט}}//{{מ:שוליים|5}}//{{תבנית:משתמש:Dovi/טעמי המקרא}}//</noinclude>		
ספר תרי עשר/הושע ה	א	{{פפ}}//	{{מ:פסוק|הושע|ה|א}}	שִׁמְעוּ־זֹ֨את הַכֹּהֲנִ֜ים וְהַקְשִׁ֣יבוּ{{מ:לגרמיה}}בֵּ֣ית יִשְׂרָאֵ֗ל וּבֵ֤ית הַמֶּ֙לֶךְ֙ הַאֲזִ֔ינוּ כִּ֥י לָכֶ֖ם הַמִּשְׁפָּ֑ט כִּי־פַח֙ הֱיִיתֶ֣ם לְמִצְפָּ֔ה וְרֶ֖שֶׁת פְּרוּשָׂ֥ה עַל־תָּבֽוֹר׃
ספר תרי עשר/הושע ה	ב	__	{{מ:פסוק|הושע|ה|ב}}	וְשַׁחֲטָ֥ה שֵׂטִ֖ים הֶעְמִ֑יקוּ וַאֲנִ֖י מוּסָ֥ר לְכֻלָּֽם׃
ספר תרי עשר/הושע ה	ג	__	{{מ:פסוק|הושע|ה|ג}}	אֲנִי֙ יָדַ֣עְתִּי אֶפְרַ֔יִם וְיִשְׂרָאֵ֖ל לֹא־נִכְחַ֣ד מִמֶּ֑נִּי כִּ֤י עַתָּה֙ הִזְנֵ֣יתָ אֶפְרַ֔יִם נִטְמָ֖א יִשְׂרָאֵֽל׃
ספר תרי עשר/הושע ה	ד	__	{{מ:פסוק|הושע|ה|ד}}	לֹ֤א יִתְּנוּ֙ מַ֣עַלְלֵיהֶ֔ם לָשׁ֖וּב אֶל־אֱלֹֽהֵיהֶ֑ם כִּ֣י ר֤וּחַ זְנוּנִים֙ בְּקִרְבָּ֔ם וְאֶת־יְהֹוָ֖ה לֹ֥א יָדָֽעוּ׃
ספר תרי עשר/הושע ה	ה	__	{{מ:פסוק|הושע|ה|ה}}	וְעָנָ֥ה גְאֽוֹן־יִשְׂרָאֵ֖ל בְּפָנָ֑יו וְיִשְׂרָאֵ֣ל וְאֶפְרַ֗יִם יִכָּֽשְׁלוּ֙ בַּעֲוֺנָ֔ם כָּשַׁ֥ל גַּם־יְהוּדָ֖ה עִמָּֽם׃
ספר תרי עשר/הושע ה	ו	__	{{מ:פסוק|הושע|ה|ו}}	בְּצֹאנָ֣ם וּבִבְקָרָ֗ם יֵ֥לְכ֛וּ לְבַקֵּ֥שׁ אֶת־יְהֹוָ֖ה וְלֹ֣א יִמְצָ֑אוּ חָלַ֖ץ מֵהֶֽם׃
ספר תרי עשר/הושע ה	ז	__	{{מ:פסוק|הושע|ה|ז}}	בַּיהֹוָ֣ה בָּגָ֔דוּ כִּי־בָנִ֥ים זָרִ֖ים יָלָ֑דוּ עַתָּ֛ה יֹאכְלֵ֥ם חֹ֖דֶשׁ אֶת־חֶלְקֵיהֶֽם׃
ספר תרי עשר/הושע ה	ח	//{{סס}}	{{מ:פסוק|הושע|ה|ח}}	תִּקְע֤וּ שׁוֹפָר֙ בַּגִּבְעָ֔ה חֲצֹצְרָ֖ה בָּרָמָ֑ה הָרִ֙יעוּ֙ בֵּ֣ית אָ֔וֶן אַחֲרֶ֖יךָ בִּנְיָמִֽין׃
ספר תרי עשר/הושע ה	ט	__	{{מ:פסוק|הושע|ה|ט}}	אֶפְרַ֙יִם֙ לְשַׁמָּ֣ה תִֽהְיֶ֔ה בְּי֖וֹם תּוֹכֵחָ֑ה בְּשִׁבְטֵי֙ יִשְׂרָאֵ֔ל הוֹדַ֖עְתִּי נֶאֱמָנָֽה׃
ספר תרי עשר/הושע ה	י	__	{{מ:פסוק|הושע|ה|י}}	הָיוּ֙ שָׂרֵ֣י יְהוּדָ֔ה כְּמַסִּיגֵ֖י גְּב֑וּל עֲלֵיהֶ֕ם אֶשְׁפּ֥וֹךְ כַּמַּ֖יִם עֶבְרָתִֽי׃
ספר תרי עשר/הושע ה	יא	__	{{מ:פסוק|הושע|ה|יא}}	עָשׁ֥וּק אֶפְרַ֖יִם רְצ֣וּץ מִשְׁפָּ֑ט כִּ֣י הוֹאִ֔יל הָלַ֖ךְ אַחֲרֵי־צָֽו׃
ספר תרי עשר/הושע ה	יב	__	{{מ:פסוק|הושע|ה|יב}}	וַאֲנִ֥י כָעָ֖שׁ לְאֶפְרָ֑יִם וְכָרָקָ֖ב לְבֵ֥ית יְהוּדָֽה׃
ספר תרי עשר/הושע ה	יג	__	{{מ:פסוק|הושע|ה|יג}}	וַיַּ֨רְא אֶפְרַ֜יִם אֶת־חׇלְי֗וֹ וִֽיהוּדָה֙ אֶת־מְזֹר֔וֹ וַיֵּ֤לֶךְ אֶפְרַ֙יִם֙ אֶל־אַשּׁ֔וּר וַיִּשְׁלַ֖ח אֶל־מֶ֣לֶךְ יָרֵ֑ב וְה֗וּא לֹ֤א יוּכַל֙ לִרְפֹּ֣א לָכֶ֔ם וְלֹא־יִגְהֶ֥ה מִכֶּ֖ם מָזֽוֹר׃
ספר תרי עשר/הושע ה	יד	__	{{מ:פסוק|הושע|ה|יד}}	כִּ֣י אָנֹכִ֤י כַשַּׁ֙חַל֙ לְאֶפְרַ֔יִם וְכַכְּפִ֖יר לְבֵ֣ית יְהוּדָ֑ה אֲנִ֨י אֲנִ֤י אֶטְרֹף֙ וְאֵלֵ֔ךְ אֶשָּׂ֖א וְאֵ֥ין מַצִּֽיל׃
ספר תרי עשר/הושע ה	טו	__	{{מ:פסוק|הושע|ה|טו}}	אֵלֵ֤ךְ אָשׁ֙וּבָה֙ אֶל־מְקוֹמִ֔י עַ֥ד אֲשֶֽׁר־יֶאְשְׁמ֖וּ וּבִקְשׁ֣וּ פָנָ֑י בַּצַּ֥ר לָהֶ֖ם יְשַׁחֲרֻֽנְנִי׃
ספר תרי עשר/הושע ה	תתת	<noinclude>//{{תבנית:משתמש:Dovi/טעמי המקרא-סוף}}//{{מ:שוליים-סוף}}//==הפרק בלי מספרים==//{{תבנית:משתמש:Dovi/טעמי המקרא}}//{{#בלי קטע:{{שם הדף המלא}}|סימן}}//{{תבנית:משתמש:Dovi/טעמי המקרא-סוף}}</noinclude>		
ספר תרי עשר/הושע ו	0	<noinclude>{{תבנית:טעמי המקרא באינטרנט}}//{{מ:שוליים|5}}//{{תבנית:משתמש:Dovi/טעמי המקרא}}//</noinclude>		
ספר תרי עשר/הושע ו	א	{{מ:אין פרשה בתחילת פרק}}	{{מ:פסוק|הושע|ו|א}}	לְכוּ֙ וְנָשׁ֣וּבָה אֶל־יְהֹוָ֔ה כִּ֛י ה֥וּא טָרָ֖ף וְיִרְפָּאֵ֑נוּ יַ֖ךְ וְיַחְבְּשֵֽׁנוּ׃
ספר תרי עשר/הושע ו	ב	__	{{מ:פסוק|הושע|ו|ב|סדר=ב}}	יְחַיֵּ֖נוּ מִיֹּמָ֑יִם בַּיּוֹם֙ הַשְּׁלִישִׁ֔י יְקִמֵ֖נוּ וְנִחְיֶ֥ה לְפָנָֽיו׃
ספר תרי עשר/הושע ו	ג	__	{{מ:פסוק|הושע|ו|ג}}	וְנֵדְעָ֣ה נִרְדְּפָ֗ה לָדַ֙עַת֙ אֶת־יְהֹוָ֔ה כְּשַׁ֖חַר נָכ֣וֹן מֹֽצָא֑וֹ וְיָב֤וֹא כַגֶּ֙שֶׁם֙ לָ֔נוּ כְּמַלְק֖וֹשׁ י֥וֹרֶה אָֽרֶץ׃
ספר תרי עשר/הושע ו	ד	__	{{מ:פסוק|הושע|ו|ד}}	מָ֤ה אֶֽעֱשֶׂה־לְּךָ֙ אֶפְרַ֔יִם מָ֥ה אֶעֱשֶׂה־לְּךָ֖ יְהוּדָ֑ה וְחַסְדְּכֶם֙ כַּעֲנַן־בֹּ֔קֶר וְכַטַּ֖ל מַשְׁכִּ֥ים הֹלֵֽךְ׃
ספר תרי עשר/הושע ו	ה	__	{{מ:פסוק|הושע|ו|ה}}	עַל־כֵּ֗ן חָצַ֙בְתִּי֙ בַּנְּבִיאִ֔ים הֲרַגְתִּ֖ים בְּאִמְרֵי־פִ֑י וּמִשְׁפָּטֶ֖יךָ א֥וֹר יֵצֵֽא׃
ספר תרי עשר/הושע ו	ו	__	{{מ:פסוק|הושע|ו|ו}}	כִּ֛י חֶ֥סֶד חָפַ֖צְתִּי וְלֹא־זָ֑בַח וְדַ֥עַת אֱלֹהִ֖ים מֵעֹלֽוֹת׃
ספר תרי עשר/הושע ו	ז	__	{{מ:פסוק|הושע|ו|ז}}	וְהֵ֕מָּה כְּאָדָ֖ם עָבְר֣וּ בְרִ֑ית שָׁ֖ם בָּ֥גְדוּ בִֽי׃
ספר תרי עשר/הושע ו	ח	__	{{מ:פסוק|הושע|ו|ח}}	גִּלְעָ֕ד קִרְיַ֖ת פֹּ֣עֲלֵי אָ֑וֶן עֲקֻבָּ֖ה מִדָּֽם׃
ספר תרי עשר/הושע ו	ט	__	{{מ:פסוק|הושע|ו|ט}}	וּכְחַכֵּ֨י אִ֜ישׁ גְּדוּדִ֗ים חֶ֚בֶר כֹּהֲנִ֔ים דֶּ֖רֶךְ יְרַצְּחוּ־שֶׁ֑כְמָה כִּ֥י זִמָּ֖ה עָשֽׂוּ׃
ספר תרי עשר/הושע ו	י	__	{{מ:פסוק|הושע|ו|י}}	"בְּבֵית֙ יִשְׂרָאֵ֔ל רָאִ֖יתִי {{כו""ק|שעריריה|שַׁעֲרֽוּרִיָּ֑ה}} שָׁ֚ם זְנ֣וּת לְאֶפְרַ֔יִם נִטְמָ֖א יִשְׂרָאֵֽל׃"
ספר תרי עשר/הושע ו	יא	__	{{מ:פסוק|הושע|ו|יא}}	גַּם־יְהוּדָ֕ה שָׁ֥ת קָצִ֖יר לָ֑ךְ בְּשׁוּבִ֖י שְׁב֥וּת עַמִּֽי׃
ספר תרי עשר/הושע ו	תתת	<noinclude>//{{תבנית:משתמש:Dovi/טעמי המקרא-סוף}}//{{מ:שוליים-סוף}}//==הפרק בלי מספרים==//{{תבנית:משתמש:Dovi/טעמי המקרא}}//{{#בלי קטע:{{שם הדף המלא}}|סימן}}//{{תבנית:משתמש:Dovi/טעמי המקרא-סוף}}</noinclude>		
ספר תרי עשר/הושע ז	0	<noinclude>{{תבנית:טעמי המקרא באינטרנט}}//{{מ:שוליים|5}}//{{תבנית:משתמש:Dovi/טעמי המקרא}}//</noinclude>		
ספר תרי עשר/הושע ז	א	{{פפ}}//	{{מ:פסוק|הושע|ז|א}}	כְּרׇפְאִ֣י לְיִשְׂרָאֵ֗ל וְנִגְלָ֞ה עֲוֺ֤ן אֶפְרַ֙יִם֙ וְרָע֣וֹת שֹׁמְר֔וֹן כִּ֥י פָעֲל֖וּ שָׁ֑קֶר וְגַנָּ֣ב יָב֔וֹא פָּשַׁ֥ט גְּד֖וּד בַּחֽוּץ׃
ספר תרי עשר/הושע ז	ב	__	{{מ:פסוק|הושע|ז|ב}}	וּבַל־יֹֽאמְרוּ֙ לִלְבָבָ֔ם כׇּל־רָעָתָ֖ם זָכָ֑רְתִּי עַתָּה֙ סְבָב֣וּם מַעַלְלֵיהֶ֔ם נֶ֥גֶד פָּנַ֖י הָיֽוּ׃
ספר תרי עשר/הושע ז	ג	__	{{מ:פסוק|הושע|ז|ג}}	בְּרָעָתָ֖ם יְשַׂמְּחוּ־מֶ֑לֶךְ וּבְכַחֲשֵׁיהֶ֖ם שָׂרִֽים׃
ספר תרי עשר/הושע ז	ד	__	{{מ:פסוק|הושע|ז|ד}}	כֻּלָּם֙ מְנָ֣אֲפִ֔ים כְּמ֣וֹ תַנּ֔וּר בֹּעֵ֖רָה מֵאֹפֶ֑ה יִשְׁבּ֣וֹת מֵעִ֔יר מִלּ֥וּשׁ בָּצֵ֖ק עַד־חֻמְצָתֽוֹ׃
ספר תרי עשר/הושע ז	ה	__	{{מ:פסוק|הושע|ז|ה}}	י֣וֹם מַלְכֵּ֔נוּ הֶחֱל֥וּ שָׂרִ֖ים חֲמַ֣ת מִיָּ֑יִן מָשַׁ֥ךְ יָד֖וֹ {{נוסח|אֶת־לֹצְצִֽים|א=אֶת־לֹצֲצִֽים (חטף)}}׃
ספר תרי עשר/הושע ז	ו	__	{{מ:פסוק|הושע|ז|ו}}	כִּֽי־קֵרְב֧וּ כַתַּנּ֛וּר לִבָּ֖ם בְּאׇרְבָּ֑ם כׇּל־הַלַּ֙יְלָה֙ יָשֵׁ֣ן אֹֽפֵהֶ֔ם בֹּ֕קֶר ה֥וּא בֹעֵ֖ר כְּאֵ֥שׁ לֶהָבָֽה׃
ספר תרי עשר/הושע ז	ז	__	{{מ:פסוק|הושע|ז|ז}}	כֻּלָּ֤ם יֵחַ֙מּוּ֙ כַּתַּנּ֔וּר וְאָכְל֖וּ אֶת־שֹׁפְטֵיהֶ֑ם כׇּל־מַלְכֵיהֶ֣ם נָפָ֔לוּ אֵין־קֹרֵ֥א בָהֶ֖ם אֵלָֽי׃
ספר תרי עשר/הושע ז	ח	__	{{מ:פסוק|הושע|ז|ח}}	אֶפְרַ֕יִם בָּעַמִּ֖ים ה֣וּא יִתְבּוֹלָ֑ל אֶפְרַ֛יִם הָיָ֥ה עֻגָ֖ה בְּלִ֥י הֲפוּכָֽה׃
ספר תרי עשר/הושע ז	ט	__	{{מ:פסוק|הושע|ז|ט}}	אָכְל֤וּ זָרִים֙ כֹּח֔וֹ וְה֖וּא לֹ֣א יָדָ֑ע גַּם־שֵׂיבָה֙ זָ֣רְקָה בּ֔וֹ וְה֖וּא לֹ֥א יָדָֽע׃
ספר תרי עשר/הושע ז	י	__	{{מ:פסוק|הושע|ז|י}}	וְעָנָ֥ה גְאֽוֹן־יִשְׂרָאֵ֖ל בְּפָנָ֑יו וְלֹא־שָׁ֙בוּ֙ אֶל־יְהֹוָ֣ה אֱלֹהֵיהֶ֔ם וְלֹ֥א בִקְשֻׁ֖הוּ בְּכׇל־זֹֽאת׃
ספר תרי עשר/הושע ז	יא	__	{{מ:פסוק|הושע|ז|יא}}	וַיְהִ֣י אֶפְרַ֔יִם כְּיוֹנָ֥ה פוֹתָ֖ה אֵ֣ין לֵ֑ב מִצְרַ֥יִם קָרָ֖אוּ אַשּׁ֥וּר הָלָֽכוּ׃
ספר תרי עשר/הושע ז	יב	__	{{מ:פסוק|הושע|ז|יב}}	כַּאֲשֶׁ֣ר יֵלֵ֗כוּ אֶפְר֤וֹשׂ עֲלֵיהֶם֙ רִשְׁתִּ֔י כְּע֥וֹף הַשָּׁמַ֖יִם אוֹרִידֵ֑ם אַיְסִירֵ֕ם כְּשֵׁ֖מַע לַעֲדָתָֽם׃
ספר תרי עשר/הושע ז	יג	//{{סס}}	{{מ:פסוק|הושע|ז|יג}}	א֤וֹי לָהֶם֙ {{נוסח|כִּֽי־נָדְד֣וּ|א=כִּֽי־נָדֲד֣וּ (חטף)}} מִמֶּ֔נִּי שֹׁ֥ד לָהֶ֖ם כִּי־פָ֣שְׁעוּ בִ֑י וְאָנֹכִ֣י אֶפְדֵּ֔ם וְהֵ֕מָּה דִּבְּר֥וּ עָלַ֖י כְּזָבִֽים׃
ספר תרי עשר/הושע ז	יד	__	{{מ:פסוק|הושע|ז|יד}}	וְלֹא־זָעֲק֤וּ אֵלַי֙ בְּלִבָּ֔ם כִּ֥י יְיֵלִ֖ילוּ עַל־מִשְׁכְּבוֹתָ֑ם עַל־דָּגָ֧ן וְתִיר֛וֹשׁ יִתְגּוֹרָ֖רוּ יָס֥וּרוּ בִֽי׃
ספר תרי עשר/הושע ז	טו	__	{{מ:פסוק|הושע|ז|טו}}	וַאֲנִ֣י יִסַּ֔רְתִּי חִזַּ֖קְתִּי זְרוֹעֹתָ֑ם וְאֵלַ֖י יְחַשְּׁבוּ־רָֽע׃
ספר תרי עשר/הושע ז	טז	__	{{מ:פסוק|הושע|ז|טז}}	יָשׁ֣וּבוּ{{מ:לגרמיה}}לֹ֣א עָ֗ל הָיוּ֙ כְּקֶ֣שֶׁת רְמִיָּ֔ה יִפְּל֥וּ בַחֶ֛רֶב שָׂרֵיהֶ֖ם מִזַּ֣עַם לְשׁוֹנָ֑ם ז֥וֹ לַעְגָּ֖ם בְּאֶ֥רֶץ מִצְרָֽיִם׃
ספר תרי עשר/הושע ז	תתת	<noinclude>//{{תבנית:משתמש:Dovi/טעמי המקרא-סוף}}//{{מ:שוליים-סוף}}//==הפרק בלי מספרים==//{{תבנית:משתמש:Dovi/טעמי המקרא}}//{{#בלי קטע:{{שם הדף המלא}}|סימן}}//{{תבנית:משתמש:Dovi/טעמי המקרא-סוף}}</noinclude>		
ספר תרי עשר/הושע ח	0	<noinclude>{{תבנית:טעמי המקרא באינטרנט}}//{{מ:שוליים|5}}//{{תבנית:משתמש:Dovi/טעמי המקרא}}//</noinclude>		
ספר תרי עשר/הושע ח	א	{{מ:אין פרשה בתחילת פרק}}	{{מ:פסוק|הושע|ח|א}}	אֶל־חִכְּךָ֣ שֹׁפָ֔ר כַּנֶּ֖שֶׁר עַל־בֵּ֣ית יְהֹוָ֑ה יַ֚עַן עָבְר֣וּ בְרִיתִ֔י וְעַל־תּוֹרָתִ֖י פָּשָֽׁעוּ׃
ספר תרי עשר/הושע ח	ב	__	{{מ:פסוק|הושע|ח|ב}}	לִ֖י יִזְעָ֑קוּ אֱלֹהַ֥י יְֽדַעֲנ֖וּךָ יִשְׂרָאֵֽל׃
ספר תרי עשר/הושע ח	ג	__	{{מ:פסוק|הושע|ח|ג}}	זָנַ֥ח יִשְׂרָאֵ֖ל ט֑וֹב אוֹיֵ֖ב יִרְדְּפֽוֹ׃
ספר תרי עשר/הושע ח	ד	__	{{מ:פסוק|הושע|ח|ד}}	הֵ֤ם הִמְלִ֙יכוּ֙ וְלֹ֣א מִמֶּ֔נִּי הֵשִׂ֖ירוּ וְלֹ֣א יָדָ֑עְתִּי כַּסְפָּ֣ם וּזְהָבָ֗ם עָשׂ֤וּ לָהֶם֙ עֲצַבִּ֔ים לְמַ֖עַן יִכָּרֵֽת׃
ספר תרי עשר/הושע ח	ה	__	{{מ:פסוק|הושע|ח|ה}}	זָנַח֙ עֶגְלֵ֣ךְ שֹׁמְר֔וֹן חָרָ֥ה אַפִּ֖י בָּ֑ם עַד־מָתַ֕י לֹ֥א יוּכְל֖וּ נִקָּיֹֽן׃
ספר תרי עשר/הושע ח	ו	__	{{מ:פסוק|הושע|ח|ו}}	כִּ֤י מִיִּשְׂרָאֵל֙ וְה֔וּא חָרָ֣שׁ עָשָׂ֔הוּ וְלֹ֥א אֱלֹהִ֖ים ה֑וּא כִּֽי־שְׁבָבִ֣ים יִֽהְיֶ֔ה עֵ֖גֶל שֹׁמְרֽוֹן׃
ספר תרי עשר/הושע ח	ז	__	{{מ:פסוק|הושע|ח|ז}}	כִּ֛י ר֥וּחַ יִזְרָ֖עוּ וְסוּפָ֣תָה יִקְצֹ֑רוּ קָמָ֣ה אֵֽין־ל֗וֹ צֶ֚מַח בְּלִ֣י יַעֲשֶׂה־קֶּ֔מַח אוּלַ֣י יַעֲשֶׂ֔ה זָרִ֖ים יִבְלָעֻֽהוּ׃
ספר תרי עשר/הושע ח	ח	__	{{מ:פסוק|הושע|ח|ח}}	נִבְלַ֖ע יִשְׂרָאֵ֑ל עַתָּה֙ הָי֣וּ בַגּוֹיִ֔ם כִּכְלִ֖י אֵֽין־חֵ֥פֶץ בּֽוֹ׃
ספר תרי עשר/הושע ח	ט	__	{{מ:פסוק|הושע|ח|ט}}	כִּי־הֵ֙מָּה֙ עָל֣וּ אַשּׁ֔וּר פֶּ֖רֶא בּוֹדֵ֣ד ל֑וֹ אֶפְרַ֖יִם הִתְנ֥וּ אֲהָבִֽים׃
ספר תרי עשר/הושע ח	י	__	{{מ:פסוק|הושע|ח|י}}	גַּ֛ם כִּֽי־יִתְנ֥וּ בַגּוֹיִ֖ם עַתָּ֣ה אֲקַבְּצֵ֑ם וַיָּחֵ֣לּוּ מְּעָ֔ט מִמַּשָּׂ֖א מֶ֥לֶךְ שָׂרִֽים׃
ספר תרי עשר/הושע ח	יא	__	{{מ:פסוק|הושע|ח|יא}}	כִּי־הִרְבָּ֥ה אֶפְרַ֛יִם מִזְבְּח֖וֹת לַחֲטֹ֑א הָיוּ־ל֥וֹ מִזְבְּח֖וֹת לַחֲטֹֽא׃
ספר תרי עשר/הושע ח	יב	__	{{מ:פסוק|הושע|ח|יב}}	"{{נוסח|{{כו""ק|אכתוב|אֶ֨כְתׇּב־}}ל֔וֹ|א=יתיר ו')}} {{כו""ק|רבו|רֻבֵּ֖י}} תּוֹרָתִ֑י כְּמוֹ־זָ֖ר נֶחְשָֽׁבוּ׃"
ספר תרי עשר/הושע ח	יג	__	{{מ:פסוק|הושע|ח|יג}}	זִבְחֵ֣י הַבְהָבַ֗י יִזְבְּח֤וּ בָשָׂר֙ וַיֹּאכֵ֔לוּ יְהֹוָ֖ה לֹ֣א רָצָ֑ם עַתָּ֞ה יִזְכֹּ֤ר עֲוֺנָם֙ וְיִפְקֹ֣ד חַטֹּאותָ֔ם הֵ֖מָּה מִצְרַ֥יִם יָשֽׁוּבוּ׃
ספר תרי עשר/הושע ח	יד	__	{{מ:פסוק|הושע|ח|יד}}	וַיִּשְׁכַּ֨ח יִשְׂרָאֵ֜ל אֶת־עֹשֵׂ֗הוּ וַיִּ֙בֶן֙ הֵיכָל֔וֹת וִיהוּדָ֕ה הִרְבָּ֖ה עָרִ֣ים בְּצֻר֑וֹת וְשִׁלַּחְתִּי־אֵ֣שׁ בְּעָרָ֔יו וְאָכְלָ֖ה אַרְמְנֹתֶֽיהָ׃
ספר תרי עשר/הושע ח	תתת	<noinclude>//{{תבנית:משתמש:Dovi/טעמי המקרא-סוף}}//{{מ:שוליים-סוף}}//==הפרק בלי מספרים==//{{תבנית:משתמש:Dovi/טעמי המקרא}}//{{#בלי קטע:{{שם הדף המלא}}|סימן}}//{{תבנית:משתמש:Dovi/טעמי המקרא-סוף}}</noinclude>		
ספר תרי עשר/הושע ט	0	<noinclude>{{תבנית:טעמי המקרא באינטרנט}}//{{מ:שוליים|5}}//{{תבנית:משתמש:Dovi/טעמי המקרא}}//</noinclude>		
ספר תרי עשר/הושע ט	א	{{פפ}}//	{{מ:פסוק|הושע|ט|א}}	אַל־תִּשְׂמַ֨ח יִשְׂרָאֵ֤ל{{מ:פסק}}אֶל־גִּיל֙ כָּעַמִּ֔ים כִּ֥י זָנִ֖יתָ מֵעַ֣ל אֱלֹהֶ֑יךָ אָהַ֣בְתָּ אֶתְנָ֔ן עַ֖ל כׇּל־גׇּרְנ֥וֹת דָּגָֽן׃
ספר תרי עשר/הושע ט	ב	__	{{מ:פסוק|הושע|ט|ב}}	גֹּ֥רֶן וָיֶ֖קֶב לֹ֣א יִרְעֵ֑ם וְתִיר֖וֹשׁ יְכַ֥חֶשׁ בָּֽהּ׃
ספר תרי עשר/הושע ט	ג	__	{{מ:פסוק|הושע|ט|ג}}	לֹ֥א יֵשְׁב֖וּ בְּאֶ֣רֶץ יְהֹוָ֑ה וְשָׁ֤ב אֶפְרַ֙יִם֙ מִצְרַ֔יִם וּבְאַשּׁ֖וּר טָמֵ֥א יֹאכֵֽלוּ׃
ספר תרי עשר/הושע ט	ד	__	{{מ:פסוק|הושע|ט|ד}}	לֹא־יִסְּכ֨וּ לַיהֹוָ֥ה{{מ:פסק}}יַ֘יִן֮ וְלֹ֣א יֶעֶרְבוּ־לוֹ֒ זִבְחֵיהֶ֗ם כְּלֶ֤חֶם אוֹנִים֙ לָהֶ֔ם כׇּל־אֹכְלָ֖יו יִטַּמָּ֑אוּ כִּֽי־לַחְמָ֣ם לְנַפְשָׁ֔ם לֹ֥א יָב֖וֹא בֵּ֥ית יְהֹוָֽה׃
ספר תרי עשר/הושע ט	ה	__	{{מ:פסוק|הושע|ט|ה}}	מַֽה־תַּעֲשׂ֖וּ לְי֣וֹם מוֹעֵ֑ד וּלְי֖וֹם חַג־יְהֹוָֽה׃
ספר תרי עשר/הושע ט	ו	__	{{מ:פסוק|הושע|ט|ו}}	כִּֽי־הִנֵּ֤ה הָֽלְכוּ֙ מִשֹּׁ֔ד מִצְרַ֥יִם תְּקַבְּצֵ֖ם מֹ֣ף תְּקַבְּרֵ֑ם מַחְמַ֣ד לְכַסְפָּ֗ם קִמּוֹשׂ֙ יִֽירָשֵׁ֔ם ח֖וֹחַ {{מ:קמץ|ד=בְּאׇהֳלֵיהֶֽם|ס=בְּאָהֳלֵיהֶֽם}}׃
ספר תרי עשר/הושע ט	ז	__	{{מ:פסוק|הושע|ט|ז}}	בָּ֣אוּ{{מ:לגרמיה}}יְמֵ֣י הַפְּקֻדָּ֗ה בָּ֚אוּ יְמֵ֣י הַשִּׁלֻּ֔ם יֵדְע֖וּ יִשְׂרָאֵ֑ל אֱוִ֣יל הַנָּבִ֗יא מְשֻׁגָּע֙ אִ֣ישׁ הָר֔וּחַ עַ֚ל רֹ֣ב עֲוֺנְךָ֔ וְרַבָּ֖ה מַשְׂטֵמָֽה׃
ספר תרי עשר/הושע ט	ח	__	{{מ:פסוק|הושע|ט|ח}}	צֹפֶ֥ה אֶפְרַ֖יִם עִם־אֱלֹהָ֑י נָבִ֞יא פַּ֤ח יָקוֹשׁ֙ עַל־כׇּל־דְּרָכָ֔יו מַשְׂטֵמָ֖ה בְּבֵ֥ית אֱלֹהָֽיו׃
ספר תרי עשר/הושע ט	ט	__	{{מ:פסוק|הושע|ט|ט}}	הֶעְמִ֥יקוּ שִׁחֵ֖תוּ כִּימֵ֣י הַגִּבְעָ֑ה יִזְכּ֣וֹר עֲוֺנָ֔ם יִפְק֖וֹד חַטֹּאותָֽם׃
ספר תרי עשר/הושע ט	י	//{{סס}}	{{מ:פסוק|הושע|ט|י}}	כַּעֲנָבִ֣ים בַּמִּדְבָּ֗ר מָצָ֙אתִי֙ יִשְׂרָאֵ֔ל כְּבִכּוּרָ֤ה בִתְאֵנָה֙ בְּרֵ֣אשִׁיתָ֔הּ רָאִ֖יתִי אֲבוֹתֵיכֶ֑ם הֵ֜מָּה בָּ֣אוּ בַֽעַל־פְּע֗וֹר וַיִּנָּֽזְרוּ֙ לַבֹּ֔שֶׁת וַיִּהְי֥וּ שִׁקּוּצִ֖ים {{מ:קמץ|ד=כְּאׇהֳבָֽם|ס=כְּאָהֳבָֽם}}׃
ספר תרי עשר/הושע ט	יא	__	{{מ:פסוק|הושע|ט|יא}}	אֶפְרַ֕יִם כָּע֖וֹף יִתְעוֹפֵ֣ף כְּבוֹדָ֑ם מִלֵּדָ֥ה וּמִבֶּ֖טֶן וּמֵהֵרָיֽוֹן׃
ספר תרי עשר/הושע ט	יב	__	{{מ:פסוק|הושע|ט|יב}}	כִּ֤י אִם־יְגַדְּלוּ֙ אֶת־בְּנֵיהֶ֔ם וְשִׁכַּלְתִּ֖ים מֵאָדָ֑ם כִּֽי־גַם־א֥וֹי לָהֶ֖ם בְּשׂוּרִ֥י מֵהֶֽם׃
ספר תרי עשר/הושע ט	יג	__	{{מ:פסוק|הושע|ט|יג}}	אֶפְרַ֛יִם כַּאֲשֶׁר־רָאִ֥יתִי לְצ֖וֹר שְׁתוּלָ֣ה בְנָוֶ֑ה וְאֶפְרַ֕יִם לְהוֹצִ֥יא אֶל־הֹרֵ֖ג בָּנָֽיו׃
ספר תרי עשר/הושע ט	יד	__	{{מ:פסוק|הושע|ט|יד}}	תֵּן־לָהֶ֥ם יְהֹוָ֖ה מַה־תִּתֵּ֑ן תֵּן־לָהֶם֙ רֶ֣חֶם מַשְׁכִּ֔יל וְשָׁדַ֖יִם צֹמְקִֽים׃
ספר תרי עשר/הושע ט	טו	__	{{מ:פסוק|הושע|ט|טו}}	כׇּל־רָעָתָ֤ם בַּגִּלְגָּל֙ כִּי־שָׁ֣ם שְׂנֵאתִ֔ים עַ֚ל רֹ֣עַ מַעַלְלֵיהֶ֔ם מִבֵּיתִ֖י אֲגָרְשֵׁ֑ם לֹ֤א אוֹסֵף֙ אַהֲבָתָ֔ם כׇּל־שָׂרֵיהֶ֖ם {{נוסח|סֹרְרִֽים|א=סֹרֲרִֽים (חטף)}}׃
ספר תרי עשר/הושע ט	טז	__	{{מ:פסוק|הושע|ט|טז}}	"הֻכָּ֣ה אֶפְרַ֔יִם שׇׁרְשָׁ֥ם יָבֵ֖שׁ פְּרִ֣י {{כו""ק|בלי|בַֽל}}־יַעֲשׂ֑וּן גַּ֚ם כִּ֣י יֵלֵד֔וּן וְהֵמַתִּ֖י מַחֲמַדֵּ֥י בִטְנָֽם׃"
ספר תרי עשר/הושע ט	יז	__	{{מ:פסוק|הושע|ט|יז}}	יִמְאָסֵ֣ם אֱלֹהַ֔י כִּ֛י לֹ֥א שָׁמְע֖וּ ל֑וֹ וְיִֽהְי֥וּ {{נוסח|נֹדְדִ֖ים|א=נֹדֲדִ֖ים (חטף)}} בַּגּוֹיִֽם׃
ספר תרי עשר/הושע ט	תתת	<noinclude>//{{תבנית:משתמש:Dovi/טעמי המקרא-סוף}}//{{מ:שוליים-סוף}}//==הפרק בלי מספרים==//{{תבנית:משתמש:Dovi/טעמי המקרא}}//{{#בלי קטע:{{שם הדף המלא}}|סימן}}//{{תבנית:משתמש:Dovi/טעמי המקרא-סוף}}</noinclude>		
ספר תרי עשר/הושע י	0	<noinclude>{{תבנית:טעמי המקרא באינטרנט}}//{{מ:שוליים|5}}//{{תבנית:משתמש:Dovi/טעמי המקרא}}//</noinclude>		
ספר תרי עשר/הושע י	א	{{סס}}	{{מ:פסוק|הושע|י|א}}	גֶּ֤פֶן בּוֹקֵק֙ יִשְׂרָאֵ֔ל פְּרִ֖י יְשַׁוֶּה־לּ֑וֹ כְּרֹ֣ב לְפִרְי֗וֹ הִרְבָּה֙ לַֽמִּזְבְּח֔וֹת כְּט֣וֹב לְאַרְצ֔וֹ הֵיטִ֖יבוּ מַצֵּבֽוֹת׃
ספר תרי עשר/הושע י	ב	__	{{מ:פסוק|הושע|י|ב}}	חָלַ֥ק לִבָּ֖ם עַתָּ֣ה יֶאְשָׁ֑מוּ ה֚וּא יַעֲרֹ֣ף מִזְבְּחוֹתָ֔ם יְשֹׁדֵ֖ד מַצֵּבוֹתָֽם׃
ספר תרי עשר/הושע י	ג	__	{{מ:פסוק|הושע|י|ג}}	כִּ֤י עַתָּה֙ יֹֽאמְר֔וּ אֵ֥ין מֶ֖לֶךְ לָ֑נוּ כִּ֣י לֹ֤א יָרֵ֙אנוּ֙ אֶת־יְהֹוָ֔ה וְהַמֶּ֖לֶךְ מַה־יַּעֲשֶׂה־לָּֽנוּ׃
ספר תרי עשר/הושע י	ד	__	{{מ:פסוק|הושע|י|ד}}	דִּבְּר֣וּ דְבָרִ֔ים אָל֥וֹת שָׁ֖וְא כָּרֹ֣ת בְּרִ֑ית וּפָרַ֤ח כָּרֹאשׁ֙ מִשְׁפָּ֔ט עַ֖ל תַּלְמֵ֥י שָׂדָֽי׃
ספר תרי עשר/הושע י	ה	__	{{מ:פסוק|הושע|י|ה}}	לְעֶגְלוֹת֙ בֵּ֣ית אָ֔וֶן יָג֖וּרוּ שְׁכַ֣ן שֹׁמְר֑וֹן כִּֽי־אָבַ֨ל עָלָ֜יו עַמּ֗וֹ וּכְמָרָיו֙ עָלָ֣יו יָגִ֔ילוּ עַל־כְּבוֹד֖וֹ כִּי־גָלָ֥ה מִמֶּֽנּוּ׃
ספר תרי עשר/הושע י	ו	__	{{מ:פסוק|הושע|י|ו}}	גַּם־אוֹתוֹ֙ לְאַשּׁ֣וּר יוּבָ֔ל מִנְחָ֖ה לְמֶ֣לֶךְ יָרֵ֑ב בׇּשְׁנָה֙ אֶפְרַ֣יִם יִקָּ֔ח וְיֵב֥וֹשׁ יִשְׂרָאֵ֖ל מֵעֲצָתֽוֹ׃
ספר תרי עשר/הושע י	ז	__	{{מ:פסוק|הושע|י|ז}}	נִדְמֶ֥ה שֹׁמְר֖וֹן מַלְכָּ֑הּ כְּקֶ֖צֶף עַל־פְּנֵי־מָֽיִם׃
ספר תרי עשר/הושע י	ח	__	{{מ:פסוק|הושע|י|ח}}	וְנִשְׁמְד֞וּ בָּמ֣וֹת אָ֗וֶן חַטַּאת֙ יִשְׂרָאֵ֔ל ק֣וֹץ וְדַרְדַּ֔ר יַעֲלֶ֖ה עַל־מִזְבְּחוֹתָ֑ם וְאָמְר֤וּ לֶהָרִים֙ כַּסּ֔וּנוּ וְלַגְּבָע֖וֹת נִפְל֥וּ עָלֵֽינוּ׃
ספר תרי עשר/הושע י	ט	//{{פפ}}//	{{מ:פסוק|הושע|י|ט}}	מִימֵי֙ הַגִּבְעָ֔ה חָטָ֖אתָ יִשְׂרָאֵ֑ל שָׁ֣ם עָמָ֔דוּ לֹא־תַשִּׂיגֵ֧ם בַּגִּבְעָ֛ה מִלְחָמָ֖ה עַל־בְּנֵ֥י עַֽלְוָֽה׃
ספר תרי עשר/הושע י	י	__	{{מ:פסוק|הושע|י|י}}	"בְּאַוָּתִ֖י וְאֶסֳּרֵ֑ם וְאֻסְּפ֤וּ עֲלֵיהֶם֙ עַמִּ֔ים בְּאׇסְרָ֖ם לִשְׁתֵּ֥י {{כו""ק|עינתם|עוֹנֹתָֽם}}׃"
ספר תרי עשר/הושע י	יא	__	{{מ:פסוק|הושע|י|יא}}	וְאֶפְרַ֜יִם עֶגְלָ֤ה מְלֻמָּדָה֙ אֹהַ֣בְתִּי לָד֔וּשׁ וַאֲנִ֣י עָבַ֔רְתִּי עַל־ט֖וּב צַוָּארָ֑הּ אַרְכִּ֤יב אֶפְרַ֙יִם֙ יַחֲר֣וֹשׁ יְהוּדָ֔ה יְשַׂדֶּד־ל֖וֹ יַעֲקֹֽב׃
ספר תרי עשר/הושע י	יב	__	{{מ:פסוק|הושע|י|יב|סדר=ג}}	זִרְע֨וּ לָכֶ֤ם לִצְדָקָה֙ קִצְר֣וּ לְפִי־חֶ֔סֶד נִ֥ירוּ לָכֶ֖ם נִ֑יר וְעֵת֙ לִדְר֣וֹשׁ אֶת־יְהֹוָ֔ה עַד־יָב֕וֹא וְיֹרֶ֥ה צֶ֖דֶק לָכֶֽם׃
ספר תרי עשר/הושע י	יג	__	{{מ:פסוק|הושע|י|יג}}	חֲרַשְׁתֶּם־רֶ֛שַׁע עַוְלָ֥תָה קְצַרְתֶּ֖ם אֲכַלְתֶּ֣ם פְּרִי־כָ֑חַשׁ כִּי־בָטַ֥חְתָּ בְדַרְכְּךָ֖ בְּרֹ֥ב גִּבּוֹרֶֽיךָ׃
ספר תרי עשר/הושע י	יד	__	{{מ:פסוק|הושע|י|יד}}	וְקָ֣אם שָׁאוֹן֮ בְּעַמֶּ֒ךָ֒ וְכׇל־מִבְצָרֶ֣יךָ יוּשַּׁ֔ד כְּשֹׁ֧ד שַֽׁלְמַ֛ן בֵּ֥ית אַֽרְבֵ֖אל בְּי֣וֹם מִלְחָמָ֑ה אֵ֥ם עַל־בָּנִ֖ים רֻטָּֽשָׁה׃
ספר תרי עשר/הושע י	טו	__	{{מ:פסוק|הושע|י|טו}}	כָּ֗כָה עָשָׂ֤ה לָכֶם֙ בֵּֽית־אֵ֔ל מִפְּנֵ֖י רָעַ֣ת רָעַתְכֶ֑ם בַּשַּׁ֕חַר נִדְמֹ֥ה נִדְמָ֖ה מֶ֥לֶךְ יִשְׂרָאֵֽל׃
ספר תרי עשר/הושע י	תתת	<noinclude>//{{תבנית:משתמש:Dovi/טעמי המקרא-סוף}}//{{מ:שוליים-סוף}}//==הפרק בלי מספרים==//{{תבנית:משתמש:Dovi/טעמי המקרא}}//{{#בלי קטע:{{שם הדף המלא}}|סימן}}//{{תבנית:משתמש:Dovi/טעמי המקרא-סוף}}</noinclude>		
ספר תרי עשר/הושע יא	0	<noinclude>{{תבנית:טעמי המקרא באינטרנט}}//{{מ:שוליים|5}}//{{תבנית:משתמש:Dovi/טעמי המקרא}}//</noinclude>		
ספר תרי עשר/הושע יא	א	{{מ:אין פרשה בתחילת פרק}}	{{מ:פסוק|הושע|יא|א}}	כִּ֛י נַ֥עַר יִשְׂרָאֵ֖ל וָאֹהֲבֵ֑הוּ וּמִמִּצְרַ֖יִם קָרָ֥אתִי לִבְנִֽי׃
ספר תרי עשר/הושע יא	ב	__	{{מ:פסוק|הושע|יא|ב}}	קָרְא֖וּ לָהֶ֑ם כֵּ֚ן הָלְכ֣וּ מִפְּנֵיהֶ֔ם לַבְּעָלִ֣ים יְזַבֵּ֔חוּ וְלַפְּסִלִ֖ים יְקַטֵּרֽוּן׃
ספר תרי עשר/הושע יא	ג	__	{{מ:פסוק|הושע|יא|ג}}	וְאָנֹכִ֤י תִרְגַּ֙לְתִּי֙ לְאֶפְרַ֔יִם קָחָ֖ם עַל־זְרוֹעֹתָ֑יו וְלֹ֥א יָדְע֖וּ כִּ֥י רְפָאתִֽים׃
ספר תרי עשר/הושע יא	ד	__	{{מ:פסוק|הושע|יא|ד}}	בְּחַבְלֵ֨י אָדָ֤ם אֶמְשְׁכֵם֙ בַּעֲבֹת֣וֹת אַהֲבָ֔ה וָאֶהְיֶ֥ה לָהֶ֛ם כִּמְרִ֥ימֵי עֹ֖ל עַ֣ל לְחֵיהֶ֑ם וְאַ֥ט אֵלָ֖יו אוֹכִֽיל׃
ספר תרי עשר/הושע יא	ה	__	{{מ:פסוק|הושע|יא|ה}}	לֹ֤א יָשׁוּב֙ אֶל־אֶ֣רֶץ מִצְרַ֔יִם וְאַשּׁ֖וּר ה֣וּא מַלְכּ֑וֹ כִּ֥י מֵאֲנ֖וּ לָשֽׁוּב׃
ספר תרי עשר/הושע יא	ו	__	{{מ:פסוק|הושע|יא|ו}}	וְחָלָ֥ה חֶ֙רֶב֙ בְּעָרָ֔יו וְכִלְּתָ֥ה בַדָּ֖יו וְאָכָ֑לָה מִֽמֹּעֲצ֖וֹתֵיהֶֽם׃
ספר תרי עשר/הושע יא	ז	__	{{מ:פסוק|הושע|יא|ז}}	וְעַמִּ֥י תְלוּאִ֖ים לִמְשׁוּבָתִ֑י וְאֶל־עַל֙ יִקְרָאֻ֔הוּ יַ֖חַד לֹ֥א יְרוֹמֵֽם׃
ספר תרי עשר/הושע יא	ח	__	{{מ:פסוק|הושע|יא|ח}}	אֵ֞יךְ אֶתֶּנְךָ֣ אֶפְרַ֗יִם אֲמַגֶּנְךָ֙ יִשְׂרָאֵ֔ל אֵ֚יךְ אֶתֶּנְךָ֣ כְאַדְמָ֔ה אֲשִֽׂימְךָ֖ כִּצְבֹאיִ֑ם נֶהְפַּ֤ךְ עָלַי֙ לִבִּ֔י יַ֖חַד נִכְמְר֥וּ נִֽחוּמָֽי׃
ספר תרי עשר/הושע יא	ט	__	{{מ:פסוק|הושע|יא|ט}}	לֹ֤א אֶֽעֱשֶׂה֙ חֲר֣וֹן אַפִּ֔י לֹ֥א אָשׁ֖וּב לְשַׁחֵ֣ת אֶפְרָ֑יִם כִּ֣י אֵ֤ל אָנֹכִי֙ וְלֹא־אִ֔ישׁ בְּקִרְבְּךָ֣ קָד֔וֹשׁ וְלֹ֥א אָב֖וֹא בְּעִֽיר׃
ספר תרי עשר/הושע יא	י	__	{{מ:פסוק|הושע|יא|י}}	אַחֲרֵ֧י יְהֹוָ֛ה יֵלְכ֖וּ כְּאַרְיֵ֣ה יִשְׁאָ֑ג כִּֽי־ה֣וּא יִשְׁאַ֔ג וְיֶחֶרְד֥וּ בָנִ֖ים מִיָּֽם׃
ספר תרי עשר/הושע יא	יא	__	{{מ:פסוק|הושע|יא|יא}}	יֶחֶרְד֤וּ כְצִפּוֹר֙ מִמִּצְרַ֔יִם וּכְיוֹנָ֖ה מֵאֶ֣רֶץ אַשּׁ֑וּר וְהוֹשַׁבְתִּ֥ים עַל־בָּתֵּיהֶ֖ם נְאֻם־יְהֹוָֽה׃
ספר תרי עשר/הושע יא	תתת	<noinclude>//{{תבנית:משתמש:Dovi/טעמי המקרא-סוף}}//{{מ:שוליים-סוף}}//==הפרק בלי מספרים==//{{תבנית:משתמש:Dovi/טעמי המקרא}}//{{#בלי קטע:{{שם הדף המלא}}|סימן}}//{{תבנית:משתמש:Dovi/טעמי המקרא-סוף}}</noinclude>		
ספר תרי עשר/הושע יב	0	<noinclude>{{תבנית:טעמי המקרא באינטרנט}}//{{מ:שוליים|5}}//{{תבנית:משתמש:Dovi/טעמי המקרא}}//</noinclude>		
ספר תרי עשר/הושע יב	א	{{סס}}	{{מ:פסוק|הושע|יב|א}}	סְבָבֻ֤נִֽי בְכַ֙חַשׁ֙ אֶפְרַ֔יִם וּבְמִרְמָ֖ה בֵּ֣ית יִשְׂרָאֵ֑ל וִיהוּדָ֗ה עֹ֥ד רָד֙ עִם־אֵ֔ל וְעִם־קְדוֹשִׁ֖ים נֶאֱמָֽן׃
ספר תרי עשר/הושע יב	ב	__	{{מ:פסוק|הושע|יב|ב}}	אֶפְרַ֜יִם רֹעֶ֥ה ר֙וּחַ֙ וְרֹדֵ֣ף קָדִ֔ים כׇּל־הַיּ֕וֹם כָּזָ֥ב וָשֹׁ֖ד יַרְבֶּ֑ה וּבְרִית֙ עִם־אַשּׁ֣וּר יִכְרֹ֔תוּ וְשֶׁ֖מֶן לְמִצְרַ֥יִם יוּבָֽל׃
ספר תרי עשר/הושע יב	ג	__	{{מ:פסוק|הושע|יב|ג}}	וְרִ֥יב לַיהֹוָ֖ה עִם־יְהוּדָ֑ה וְלִפְקֹ֤ד עַֽל־יַעֲקֹב֙ כִּדְרָכָ֔יו כְּמַעֲלָלָ֖יו יָשִׁ֥יב לֽוֹ׃
ספר תרי עשר/הושע יב	ד	__	{{מ:פסוק|הושע|יב|ד}}	בַּבֶּ֖טֶן עָקַ֣ב אֶת־אָחִ֑יו וּבְאוֹנ֖וֹ שָׂרָ֥ה אֶת־אֱלֹהִֽים׃
ספר תרי עשר/הושע יב	ה	__	{{מ:פסוק|הושע|יב|ה}}	וַיָּ֤שַׂר אֶל־מַלְאָךְ֙ וַיֻּכָ֔ל בָּכָ֖ה וַיִּתְחַנֶּן־ל֑וֹ בֵּֽית־אֵל֙ יִמְצָאֶ֔נּוּ וְשָׁ֖ם יְדַבֵּ֥ר עִמָּֽנוּ׃
ספר תרי עשר/הושע יב	ו	__	{{מ:פסוק|הושע|יב|ו}}	וַיהֹוָ֖ה אֱלֹהֵ֣י הַצְּבָא֑וֹת יְהֹוָ֖ה זִכְרֽוֹ׃
ספר תרי עשר/הושע יב	ז	__	{{מ:פסוק|הושע|יב|ז}}	וְאַתָּ֖ה בֵּאלֹהֶ֣יךָ תָשׁ֑וּב חֶ֤סֶד וּמִשְׁפָּט֙ שְׁמֹ֔ר וְקַוֵּ֥ה אֶל־אֱלֹהֶ֖יךָ תָּמִֽיד׃
ספר תרי עשר/הושע יב	ח	__	{{מ:פסוק|הושע|יב|ח}}	כְּנַ֗עַן בְּיָד֛וֹ מֹאזְנֵ֥י מִרְמָ֖ה לַעֲשֹׁ֥ק אָהֵֽב׃
ספר תרי עשר/הושע יב	ט	__	{{מ:פסוק|הושע|יב|ט}}	וַיֹּ֣אמֶר אֶפְרַ֔יִם אַ֣ךְ עָשַׁ֔רְתִּי מָצָ֥אתִי א֖וֹן לִ֑י כׇּל־יְגִיעַ֕י לֹ֥א יִמְצְאוּ־לִ֖י עָוֹ֥ן אֲשֶׁר־חֵֽטְא׃
ספר תרי עשר/הושע יב	י	__	{{מ:פסוק|הושע|יב|י}}	וְאָנֹכִ֛י יְהֹוָ֥ה אֱלֹהֶ֖יךָ מֵאֶ֣רֶץ מִצְרָ֑יִם עֹ֛ד אוֹשִֽׁיבְךָ֥ {{מ:קמץ|ד=בׇאֳהָלִ֖ים|ס=בָאֳהָלִ֖ים}} כִּימֵ֥י מוֹעֵֽד׃
ספר תרי עשר/הושע יב	יא	__	{{מ:פסוק|הושע|יב|יא}}	וְדִבַּ֙רְתִּי֙ עַל־הַנְּבִיאִ֔ים וְאָנֹכִ֖י חָז֣וֹן הִרְבֵּ֑יתִי וּבְיַ֥ד הַנְּבִיאִ֖ים אֲדַמֶּֽה׃
ספר תרי עשר/הושע יב	יב	__	{{מ:פסוק|הושע|יב|יב}}	אִם־גִּלְעָ֥ד אָ֙וֶן֙ אַךְ־שָׁ֣וְא הָי֔וּ בַּגִּלְגָּ֖ל שְׁוָרִ֣ים זִבֵּ֑חוּ גַּ֤ם מִזְבְּחוֹתָם֙ כְּגַלִּ֔ים עַ֖ל תַּלְמֵ֥י שָׂדָֽי׃
ספר תרי עשר/הושע יב	יג	__	{{מ:פסוק|הושע|יב|יג}}	וַיִּבְרַ֥ח יַעֲקֹ֖ב שְׂדֵ֣ה אֲרָ֑ם וַיַּעֲבֹ֤ד יִשְׂרָאֵל֙ בְּאִשָּׁ֔ה וּבְאִשָּׁ֖ה שָׁמָֽר׃
ספר תרי עשר/הושע יב	יד	__	{{מ:פסוק|הושע|יב|יד}}	וּבְנָבִ֕יא הֶעֱלָ֧ה יְהֹוָ֛ה אֶת־יִשְׂרָאֵ֖ל מִמִּצְרָ֑יִם וּבְנָבִ֖יא נִשְׁמָֽר׃
ספר תרי עשר/הושע יב	טו	__	{{מ:פסוק|הושע|יב|טו}}	הִכְעִ֥יס אֶפְרַ֖יִם תַּמְרוּרִ֑ים וְדָמָיו֙ עָלָ֣יו יִטּ֔וֹשׁ וְחֶ֨רְפָּת֔וֹ יָשִׁ֥יב ל֖וֹ אֲדֹנָֽיו׃
ספר תרי עשר/הושע יב	תתת	<noinclude>//{{תבנית:משתמש:Dovi/טעמי המקרא-סוף}}//{{מ:שוליים-סוף}}//==הפרק בלי מספרים==//{{תבנית:משתמש:Dovi/טעמי המקרא}}//{{#בלי קטע:{{שם הדף המלא}}|סימן}}//{{תבנית:משתמש:Dovi/טעמי המקרא-סוף}}</noinclude>		
ספר תרי עשר/הושע יג	0	<noinclude>{{תבנית:טעמי המקרא באינטרנט}}//{{מ:שוליים|5}}//{{תבנית:משתמש:Dovi/טעמי המקרא}}//</noinclude>		
ספר תרי עשר/הושע יג	א	{{מ:אין פרשה בתחילת פרק}}	{{מ:פסוק|הושע|יג|א}}	כְּדַבֵּ֤ר אֶפְרַ֙יִם֙ רְתֵ֔ת נָשָׂ֥א ה֖וּא בְּיִשְׂרָאֵ֑ל וַיֶּאְשַׁ֥ם בַּבַּ֖עַל וַיָּמֹֽת׃
ספר תרי עשר/הושע יג	ב	__	{{מ:פסוק|הושע|יג|ב}}	וְעַתָּ֣ה{{מ:לגרמיה}}יוֹסִ֣פוּ לַחֲטֹ֗א וַיַּעֲשׂ֣וּ לָהֶם֩ מַסֵּכָ֨ה מִכַּסְפָּ֤ם כִּתְבוּנָם֙ עֲצַבִּ֔ים מַעֲשֵׂ֥ה חָרָשִׁ֖ים כֻּלֹּ֑ה לָהֶם֙ הֵ֣ם אֹמְרִ֔ים זֹבְחֵ֣י אָדָ֔ם עֲגָלִ֖ים יִשָּׁקֽוּן׃
ספר תרי עשר/הושע יג	ג	__	{{מ:פסוק|הושע|יג|ג}}	לָכֵ֗ן יִֽהְיוּ֙ כַּעֲנַן־בֹּ֔קֶר וְכַטַּ֖ל מַשְׁכִּ֣ים הֹלֵ֑ךְ כְּמֹץ֙ יְסֹעֵ֣ר מִגֹּ֔רֶן וּכְעָשָׁ֖ן מֵאֲרֻבָּֽה׃
ספר תרי עשר/הושע יג	ד	__	{{מ:פסוק|הושע|יג|ד}}	וְאָנֹכִ֛י יְהֹוָ֥ה אֱלֹהֶ֖יךָ מֵאֶ֣רֶץ מִצְרָ֑יִם וֵאלֹהִ֤ים זוּלָתִי֙ לֹ֣א תֵדָ֔ע וּמוֹשִׁ֥יעַ אַ֖יִן בִּלְתִּֽי׃
ספר תרי עשר/הושע יג	ה	__	{{מ:פסוק|הושע|יג|ה}}	אֲנִ֥י יְדַעְתִּ֖יךָ בַּמִּדְבָּ֑ר בְּאֶ֖רֶץ תַּלְאֻבֽוֹת׃
ספר תרי עשר/הושע יג	ו	__	{{מ:פסוק|הושע|יג|ו}}	כְּמַרְעִיתָם֙ וַיִּשְׂבָּ֔עוּ שָׂבְע֖וּ וַיָּ֣רׇם לִבָּ֑ם עַל־כֵּ֖ן שְׁכֵחֽוּנִי׃
ספר תרי עשר/הושע יג	ז	__	{{מ:פסוק|הושע|יג|ז}}	וָאֱהִ֥י לָהֶ֖ם כְּמוֹ־שָׁ֑חַל כְּנָמֵ֖ר עַל־דֶּ֥רֶךְ אָשֽׁוּר׃
ספר תרי עשר/הושע יג	ח	__	{{מ:פסוק|הושע|יג|ח}}	אֶפְגְּשֵׁם֙ כְּדֹ֣ב שַׁכּ֔וּל וְאֶקְרַ֖ע סְג֣וֹר לִבָּ֑ם וְאֹכְלֵ֥ם שָׁם֙ כְּלָבִ֔יא חַיַּ֥ת הַשָּׂדֶ֖ה תְּבַקְּעֵֽם׃
ספר תרי עשר/הושע יג	ט	__	{{מ:פסוק|הושע|יג|ט}}	שִׁחֶתְךָ֥ יִשְׂרָאֵ֖ל כִּי־בִ֥י בְעֶזְרֶֽךָ׃
ספר תרי עשר/הושע יג	י	__	{{מ:פסוק|הושע|יג|י}}	אֱהִ֤י מַלְכְּךָ֙ אֵפ֔וֹא וְיוֹשִׁיעֲךָ֖ בְּכׇל־עָרֶ֑יךָ וְשֹׁ֣פְטֶ֔יךָ אֲשֶׁ֣ר אָמַ֔רְתָּ תְּנָה־לִּ֖י מֶ֥לֶךְ וְשָׂרִֽים׃
ספר תרי עשר/הושע יג	יא	__	{{מ:פסוק|הושע|יג|יא}}	אֶֽתֶּן־לְךָ֥ מֶ֙לֶךְ֙ בְּאַפִּ֔י וְאֶקַּ֖ח בְּעֶבְרָתִֽי׃
ספר תרי עשר/הושע יג	יב	//{{פפ}}//	{{מ:פסוק|הושע|יג|יב}}	צָרוּר֙ עֲוֺ֣ן אֶפְרָ֔יִם צְפוּנָ֖ה חַטָּאתֽוֹ׃
ספר תרי עשר/הושע יג	יג	__	{{מ:פסוק|הושע|יג|יג}}	חֶבְלֵ֥י יוֹלֵדָ֖ה יָבֹ֣אוּ ל֑וֹ הוּא־בֵן֙ לֹ֣א חָכָ֔ם כִּי־עֵ֥ת לֹֽא־יַעֲמֹ֖ד בְּמִשְׁבַּ֥ר בָּנִֽים׃
ספר תרי עשר/הושע יג	יד	__	{{מ:פסוק|הושע|יג|יד}}	מִיַּ֤ד שְׁאוֹל֙ אֶפְדֵּ֔ם מִמָּ֖וֶת אֶגְאָלֵ֑ם אֱהִ֨י דְבָרֶ֜יךָ מָ֗וֶת אֱהִ֤י קָֽטׇבְךָ֙ שְׁא֔וֹל נֹ֖חַם יִסָּתֵ֥ר מֵעֵינָֽי׃
ספר תרי עשר/הושע יג	טו	__	{{מ:פסוק|הושע|יג|טו}}	כִּ֣י ה֔וּא בֵּ֥ין אַחִ֖ים יַפְרִ֑יא יָב֣וֹא קָדִים֩ ר֨וּחַ יְהֹוָ֜ה מִמִּדְבָּ֣ר עֹלֶ֗ה וְיֵב֤וֹשׁ מְקוֹרוֹ֙ וְיֶחֱרַ֣ב מַעְיָנ֔וֹ ה֣וּא יִשְׁסֶ֔ה אוֹצַ֖ר כׇּל־כְּלִ֥י חֶמְדָּֽה׃
ספר תרי עשר/הושע יג	תתת	<noinclude>//{{תבנית:משתמש:Dovi/טעמי המקרא-סוף}}//{{מ:שוליים-סוף}}//==הפרק בלי מספרים==//{{תבנית:משתמש:Dovi/טעמי המקרא}}//{{#בלי קטע:{{שם הדף המלא}}|סימן}}//{{תבנית:משתמש:Dovi/טעמי המקרא-סוף}}</noinclude>		
ספר תרי עשר/הושע יד	0	<noinclude>{{תבנית:טעמי המקרא באינטרנט}}//{{מ:שוליים|5}}//{{תבנית:משתמש:Dovi/טעמי המקרא}}//</noinclude>		
ספר תרי עשר/הושע יד	א	{{מ:אין פרשה בתחילת פרק}}	{{מ:פסוק|הושע|יד|א}}	תֶּאְשַׁם֙ שֹׁמְר֔וֹן כִּ֥י מָרְתָ֖ה בֵּאלֹהֶ֑יהָ בַּחֶ֣רֶב יִפֹּ֔לוּ עֹלְלֵיהֶ֣ם יְרֻטָּ֔שׁוּ וְהָרִיּוֹתָ֖יו יְבֻקָּֽעוּ׃
ספר תרי עשר/הושע יד	ב	//{{פפ}}//	{{מ:פסוק|הושע|יד|ב}}	שׁ֚וּבָה יִשְׂרָאֵ֔ל עַ֖ד יְהֹוָ֣ה אֱלֹהֶ֑יךָ כִּ֥י כָשַׁ֖לְתָּ בַּעֲוֺנֶֽךָ׃
ספר תרי עשר/הושע יד	ג	__	{{מ:פסוק|הושע|יד|ג}}	קְח֤וּ עִמָּכֶם֙ דְּבָרִ֔ים וְשׁ֖וּבוּ אֶל־יְהֹוָ֑ה אִמְר֣וּ אֵלָ֗יו כׇּל־תִּשָּׂ֤א עָוֺן֙ וְקַח־ט֔וֹב וּֽנְשַׁלְּמָ֥ה פָרִ֖ים שְׂפָתֵֽינוּ׃
ספר תרי עשר/הושע יד	ד	__	{{מ:פסוק|הושע|יד|ד}}	אַשּׁ֣וּר{{מ:לגרמיה}}לֹ֣א יוֹשִׁיעֵ֗נוּ עַל־סוּס֙ לֹ֣א נִרְכָּ֔ב וְלֹא־נֹ֥אמַר ע֛וֹד אֱלֹהֵ֖ינוּ לְמַעֲשֵׂ֣ה יָדֵ֑ינוּ אֲשֶׁר־בְּךָ֖ יְרֻחַ֥ם יָתֽוֹם׃
ספר תרי עשר/הושע יד	ה	__	{{מ:פסוק|הושע|יד|ה}}	אֶרְפָּא֙ מְשׁ֣וּבָתָ֔ם אֹהֲבֵ֖ם נְדָבָ֑ה כִּ֛י שָׁ֥ב אַפִּ֖י מִמֶּֽנּוּ׃
ספר תרי עשר/הושע יד	ו	__	{{מ:פסוק|הושע|יד|ו|סדר=ד}}	אֶהְיֶ֤ה כַטַּל֙ לְיִשְׂרָאֵ֔ל יִפְרַ֖ח כַּשּׁוֹשַׁנָּ֑ה וְיַ֥ךְ {{מ:קמץ|ד=שׇׁרָשָׁ֖יו|ס=שָׁרָשָׁ֖יו}} כַּלְּבָנֽוֹן׃
ספר תרי עשר/הושע יד	ז	__	{{מ:פסוק|הושע|יד|ז}}	יֵֽלְכוּ֙ יֹֽנְקוֹתָ֔יו וִיהִ֥י כַזַּ֖יִת הוֹד֑וֹ וְרֵ֥יחַֽ ל֖וֹ כַּלְּבָנֽוֹן׃
ספר תרי עשר/הושע יד	ח	__	{{מ:פסוק|הושע|יד|ח}}	יָשֻׁ֙בוּ֙ יֹשְׁבֵ֣י בְצִלּ֔וֹ יְחַיּ֥וּ דָגָ֖ן וְיִפְרְח֣וּ כַגָּ֑פֶן זִכְר֖וֹ כְּיֵ֥ין לְבָנֽוֹן׃
ספר תרי עשר/הושע יד	ט	__	{{מ:פסוק|הושע|יד|ט}}	אֶפְרַ֕יִם מַה־לִּ֥י ע֖וֹד לָעֲצַבִּ֑ים אֲנִ֧י עָנִ֣יתִי וַאֲשׁוּרֶ֗נּוּ אֲנִי֙ כִּבְר֣וֹשׁ רַעֲנָ֔ן מִמֶּ֖נִּי פֶּרְיְךָ֥ נִמְצָֽא׃
ספר תרי עשר/הושע יד	י	__	{{מ:פסוק|הושע|יד|י}}	מִ֤י חָכָם֙ וְיָ֣בֵֽן אֵ֔לֶּה נָב֖וֹן וְיֵדָעֵ֑ם כִּֽי־יְשָׁרִ֞ים דַּרְכֵ֣י יְהֹוָ֗ה וְצַדִּקִים֙ יֵ֣לְכוּ בָ֔ם וּפֹשְׁעִ֖ים יִכָּ֥שְׁלוּ בָֽם׃
ספר תרי עשר/הושע יד	תתת	<noinclude>//{{תבנית:משתמש:Dovi/טעמי המקרא-סוף}}//{{מ:שוליים-סוף}}//==הפרק בלי מספרים==//{{תבנית:משתמש:Dovi/טעמי המקרא}}//{{#בלי קטע:{{שם הדף המלא}}|סימן}}//{{תבנית:משתמש:Dovi/טעמי המקרא-סוף}}</noinclude>		
