ספר עזרא/נחמיה א	0	<noinclude>{{תבנית:טעמי המקרא באינטרנט}}//{{מ:שוליים|5}}//{{תבנית:משתמש:Dovi/טעמי המקרא}}//</noinclude>		
ספר עזרא/נחמיה א	א	{{פפ}}//	{{מ:פסוק|נחמיה|א|א}}	"דִּבְרֵ֥י נְחֶמְיָ֖ה בֶּן־חֲכַלְיָ֑ה וַיְהִ֤י בְחֹֽדֶשׁ־{{קו""כ-אם|כִּסְלֵו֙|ל-קרי=כִּסְלֵיו֙}} שְׁנַ֣ת עֶשְׂרִ֔ים וַאֲנִ֥י הָיִ֖יתִי בְּשׁוּשַׁ֥ן הַבִּירָֽה׃"
ספר עזרא/נחמיה א	ב	__	{{מ:פסוק|נחמיה|א|ב}}	וַיָּבֹ֨א חֲנָ֜נִי אֶחָ֧ד מֵאַחַ֛י ה֥וּא וַאֲנָשִׁ֖ים מִֽיהוּדָ֑ה וָאֶשְׁאָלֵ֞ם עַל־הַיְּהוּדִ֧ים הַפְּלֵיטָ֛ה אֲשֶֽׁר־נִשְׁאֲר֥וּ מִן־הַשֶּׁ֖בִי וְעַל־יְרוּשָׁל{{מ:ירושלם|ָ|ֽ}}ם׃
ספר עזרא/נחמיה א	ג	__	{{מ:פסוק|נחמיה|א|ג}}	וַיֹּאמְרוּ֮ לִי֒ הַֽנִּשְׁאָרִ֞ים אֲשֶֽׁר־נִשְׁאֲר֤וּ מִן־הַשְּׁבִי֙ שָׁ֣ם בַּמְּדִינָ֔ה בְּרָעָ֥ה גְדֹלָ֖ה וּבְחֶרְפָּ֑ה וְחוֹמַ֤ת יְרוּשָׁל{{מ:ירושלם|ַ|֙}}ם֙ מְפֹרָ֔צֶת וּשְׁעָרֶ֖יהָ נִצְּת֥וּ בָאֵֽשׁ׃
ספר עזרא/נחמיה א	ד	__	{{מ:פסוק|נחמיה|א|ד}}	וַיְהִ֞י כְּשׇׁמְעִ֣י{{מ:לגרמיה}}אֶת־הַדְּבָרִ֣ים הָאֵ֗לֶּה יָשַׁ֙בְתִּי֙ וָֽאֶבְכֶּ֔ה וָאֶתְאַבְּלָ֖ה יָמִ֑ים וָֽאֱהִ֥י צָם֙ וּמִתְפַּלֵּ֔ל לִפְנֵ֖י אֱלֹהֵ֥י הַשָּׁמָֽיִם׃
ספר עזרא/נחמיה א	ה	__	{{מ:פסוק|נחמיה|א|ה}}	וָאֹמַ֗ר אָֽנָּ֤א יְהֹוָה֙ אֱלֹהֵ֣י הַשָּׁמַ֔יִם הָאֵ֥ל הַגָּד֖וֹל וְהַנּוֹרָ֑א שֹׁמֵ֤ר הַבְּרִית֙ וָחֶ֔סֶד לְאֹהֲבָ֖יו וּלְשֹׁמְרֵ֥י מִצְוֺתָֽיו׃
ספר עזרא/נחמיה א	ו	__	{{מ:פסוק|נחמיה|א|ו}}	תְּהִ֣י נָ֣א אׇזְנְךָֽ־קַשֶּׁ֣בֶת וְֽעֵינֶ{{ירח בן יומו}}יךָ {{נוסח|פְתוּח֟וֹת|=דפוסים|ל=פְתֻוּח֟וֹת (קובוץ ושורוק!)|הערות ייבין וברויאר ודותן והמקליד}} לִשְׁמֹ֣עַ אֶל־תְּפִלַּ֣ת עַבְדְּךָ֡ אֲשֶׁ֣ר אָנֹכִי֩ מִתְפַּלֵּ֨ל לְפָנֶ֤יךָ הַיּוֹם֙ יוֹמָ֣ם וָלַ֔יְלָה עַל־בְּנֵ֥י יִשְׂרָאֵ֖ל עֲבָדֶ֑יךָ וּמִתְוַדֶּ֗ה עַל־חַטֹּ֤אות בְּנֵֽי־יִשְׂרָאֵל֙ אֲשֶׁ֣ר חָטָ֣אנוּ לָ֔ךְ וַאֲנִ֥י וּבֵית־אָבִ֖י חָטָֽאנוּ׃
ספר עזרא/נחמיה א	ז	__	{{מ:פסוק|נחמיה|א|ז}}	חֲבֹ֖ל חָבַ֣לְנוּ לָ֑ךְ וְלֹא־שָׁמַ֣רְנוּ אֶת־הַמִּצְוֺ֗ת וְאֶת־הַֽחֻקִּים֙ וְאֶת־הַמִּשְׁפָּטִ֔ים אֲשֶׁ֥ר צִוִּ֖יתָ אֶת־מֹשֶׁ֥ה עַבְדֶּֽךָ׃
ספר עזרא/נחמיה א	ח	__	{{מ:פסוק|נחמיה|א|ח}}	זְכׇר־נָא֙ אֶת־הַדָּבָ֔ר אֲשֶׁ֥ר צִוִּ֛יתָ אֶת־מֹשֶׁ֥ה עַבְדְּךָ֖ לֵאמֹ֑ר אַתֶּ֣ם תִּמְעָ֔לוּ אֲנִ֕י אָפִ֥יץ אֶתְכֶ֖ם בָּעַמִּֽים׃
ספר עזרא/נחמיה א	ט	__	{{מ:פסוק|נחמיה|א|ט}}	"וְשַׁבְתֶּ֣ם אֵלַ֔י וּשְׁמַרְתֶּם֙ מִצְוֺתַ֔י וַעֲשִׂיתֶ֖ם אֹתָ֑ם אִם־יִהְיֶ֨ה נִֽדַּחֲכֶ֜ם בִּקְצֵ֤ה הַשָּׁמַ֙יִם֙ מִשָּׁ֣ם אֲקַבְּצֵ֔ם {{כו""ק|והבואתים|וַהֲבִֽיאוֹתִים֙}} אֶל־הַמָּק֔וֹם אֲשֶׁ֣ר בָּחַ֔רְתִּי לְשַׁכֵּ֥ן אֶת־שְׁמִ֖י שָֽׁם׃"
ספר עזרא/נחמיה א	י	__	{{מ:פסוק|נחמיה|א|י}}	וְהֵ֥ם עֲבָדֶ֖יךָ וְעַמֶּ֑ךָ אֲשֶׁ֤ר פָּדִ֙יתָ֙ בְּכֹחֲךָ֣ הַגָּד֔וֹל וּבְיָדְךָ֖ הַחֲזָקָֽה׃
ספר עזרא/נחמיה א	יא	__	{{מ:פסוק|נחמיה|א|יא|סדר=ה}}	אָנָּ֣א אֲדֹנָ֗י תְּהִ֣י נָ֣א אׇזְנְךָֽ־קַ֠שֶּׁ֠בֶת אֶל־תְּפִלַּ֨ת עַבְדְּךָ֜ וְאֶל־תְּפִלַּ֣ת עֲבָדֶ֗יךָ הַֽחֲפֵצִים֙ לְיִרְאָ֣ה אֶת־שְׁמֶ֔ךָ וְהַצְלִֽיחָה־נָּ֤א לְעַבְדְּךָ֙ הַיּ֔וֹם וּתְנֵ֣הוּ לְרַחֲמִ֔ים לִפְנֵ֖י הָאִ֣ישׁ הַזֶּ֑ה וַאֲנִ֛י הָיִ֥יתִי מַשְׁקֶ֖ה לַמֶּֽלֶךְ׃
ספר עזרא/נחמיה א	תתת	<noinclude>//{{תבנית:משתמש:Dovi/טעמי המקרא-סוף}}//{{מ:שוליים-סוף}}//==הפרק בלי מספרים==//{{תבנית:משתמש:Dovi/טעמי המקרא}}//{{#בלי קטע:{{שם הדף המלא}}|סימן}}//{{תבנית:משתמש:Dovi/טעמי המקרא-סוף}}//////{{בסיס-משתמש|שם=משתמש:Dovi/תורה על פי המסורה/ספר עזרא}}//</noinclude>		
ספר עזרא/נחמיה ב	0	<noinclude>{{תבנית:טעמי המקרא באינטרנט}}//{{מ:שוליים|5}}//{{תבנית:משתמש:Dovi/טעמי המקרא}}//</noinclude>		
ספר עזרא/נחמיה ב	א	{{פפ}}//	{{מ:פסוק|נחמיה|ב|א}}	וַיְהִ֣י{{מ:לגרמיה}}בְּחֹ֣דֶשׁ נִיסָ֗ן שְׁנַ֥ת עֶשְׂרִ֛ים לְאַרְתַּחְשַׁ֥סְתְּא הַמֶּ֖לֶךְ יַ֣יִן לְפָנָ֑יו וָאֶשָּׂ֤א אֶת־הַיַּ֙יִן֙ וָאֶתְּנָ֣ה לַמֶּ֔לֶךְ וְלֹא־הָיִ֥יתִי רַ֖ע לְפָנָֽיו׃
ספר עזרא/נחמיה ב	ב	__	{{מ:פסוק|נחמיה|ב|ב}}	וַיֹּ֩אמֶר֩ לִ֨י הַמֶּ֜לֶךְ מַדּ֣וּעַ{{מ:לגרמיה}}פָּנֶ֣יךָ רָעִ֗ים וְאַתָּה֙ אֵֽינְךָ֣ חוֹלֶ֔ה אֵ֣ין זֶ֔ה כִּי־אִ֖ם רֹ֣עַֽ לֵ֑ב וָאִירָ֖א הַרְבֵּ֥ה מְאֹֽד׃
ספר עזרא/נחמיה ב	ג	__	{{מ:פסוק|נחמיה|ב|ג}}	וָאֹמַ֣ר לַמֶּ֔לֶךְ הַמֶּ֖לֶךְ לְעוֹלָ֣ם יִחְיֶ֑ה מַדּ֜וּעַ לֹא־יֵרְע֣וּ פָנַ֗י אֲשֶׁ֨ר הָעִ֜יר בֵּית־קִבְר֤וֹת אֲבֹתַי֙ חֲרֵבָ֔ה וּשְׁעָרֶ֖יהָ אֻכְּל֥וּ בָאֵֽשׁ׃
ספר עזרא/נחמיה ב	ד	{{נוסח|__|ל=פרשה סתומה}}	{{מ:פסוק|נחמיה|ב|ד}}	וַיֹּ֤אמֶר לִי֙ הַמֶּ֔לֶךְ עַל־מַה־זֶּ֖ה אַתָּ֣ה מְבַקֵּ֑שׁ וָֽאֶתְפַּלֵּ֔ל אֶל־אֱלֹהֵ֖י הַשָּׁמָֽיִם׃
ספר עזרא/נחמיה ב	ה	__	{{מ:פסוק|נחמיה|ב|ה}}	וָאֹמַ֣ר לַמֶּ֔לֶךְ אִם־עַל־הַמֶּ֣לֶךְ ט֔וֹב {{נוסח|וְאִם־יִיטַ֥ב|ל=<וְאִם יִיטַ֥ב> (חסר מקף)|הערת דותן}} עַבְדְּךָ֖ לְפָנֶ֑יךָ אֲשֶׁ֧ר תִּשְׁלָחֵ֣נִי אֶל־יְהוּדָ֗ה אֶל־עִ֛יר קִבְר֥וֹת אֲבֹתַ֖י וְאֶבְנֶֽנָּה׃
ספר עזרא/נחמיה ב	ו	__	{{מ:פסוק|נחמיה|ב|ו}}	"וַיֹּ֩אמֶר֩ לִ֨י הַמֶּ֜לֶךְ וְהַשֵּׁגַ֣ל{{מ:לגרמיה}}יוֹשֶׁ֣בֶת אֶצְל֗וֹ עַד־מָתַ֛י יִהְיֶ֥ה {{נוסח|מַֽהֲלָכְךָ֖|=מ""ש|ל=מַֽהֲלָכֲךָ֖ (חטף)|הערת ברויאר}} וּמָתַ֣י תָּשׁ֑וּב וַיִּיטַ֤ב לִפְנֵֽי־הַמֶּ֙לֶךְ֙ וַיִּשְׁלָחֵ֔נִי וָֽאֶתְּנָ֥ה ל֖וֹ זְמָֽן׃"
ספר עזרא/נחמיה ב	ז	__	{{מ:פסוק|נחמיה|ב|ז}}	וָאוֹמַר֮ לַמֶּ֒לֶךְ֒ אִם־עַל־הַמֶּ֣לֶךְ ט֔וֹב אִגְּרוֹת֙ יִתְּנוּ־לִ֔י עַֽל־פַּחֲו֖וֹת עֵ֣בֶר הַנָּהָ֑ר אֲשֶׁר֙ יַעֲבִיר֔וּנִי עַ֥ד אֲשֶׁר־אָב֖וֹא אֶל־יְהוּדָֽה׃
ספר עזרא/נחמיה ב	ח	__	{{מ:פסוק|נחמיה|ב|ח}}	וְאִגֶּ֡רֶת אֶל־אָסָף֩ שֹׁמֵ֨ר הַפַּרְדֵּ֜ס אֲשֶׁ֣ר לַמֶּ֗לֶךְ אֲשֶׁ֣ר יִתֶּן־לִ֣י עֵצִ֡ים לְ֠קָר֠וֹת אֶת־שַׁעֲרֵ֨י הַבִּירָ֤ה אֲשֶׁר־לַבַּ֙יִת֙ וּלְחוֹמַ֣ת הָעִ֔יר וְלַבַּ֖יִת אֲשֶׁר־אָב֣וֹא אֵלָ֑יו וַיִּתֶּן־לִ֣י הַמֶּ֔לֶךְ כְּיַד־אֱלֹהַ֖י הַטּוֹבָ֥ה עָלָֽי׃
ספר עזרא/נחמיה ב	ט	__	{{מ:פסוק|נחמיה|ב|ט}}	וָֽאָב֗וֹא אֶֽל־פַּֽחֲווֹת֙ עֵ֣בֶר הַנָּהָ֔ר וָאֶתְּנָ֣ה לָהֶ֔ם אֵ֖ת אִגְּר֣וֹת הַמֶּ֑לֶךְ וַיִּשְׁלַ֤ח עִמִּי֙ הַמֶּ֔לֶךְ שָׂ֥רֵי חַ֖יִל וּפָרָשִֽׁים׃
ספר עזרא/נחמיה ב	י	//{{פפ}}//	{{מ:פסוק|נחמיה|ב|י}}	"וַיִּשְׁמַ֞ע סַנְבַלַּ֣ט הַחֹרֹנִ֗י וְטֽוֹבִיָּה֙ הָעֶ֣בֶד הָֽעַמֹּנִ֔י וַיֵּ֥רַע לָהֶ֖ם רָעָ֣ה גְדֹלָ֑ה {{נוסח|אֲשֶׁר־בָּ֣א|=ל ובדפוסים|הקלדה=אֲשֶׁר־בָּ֥א (בטעם מרכא!) אמנם הטעם בכתי""ל נכתב בצורה קצת עיגולית}} אָדָ֔ם לְבַקֵּ֥שׁ טוֹבָ֖ה לִבְנֵ֥י יִשְׂרָאֵֽל׃"
ספר עזרא/נחמיה ב	יא	__	{{מ:פסוק|נחמיה|ב|יא}}	וָאָב֖וֹא אֶל־יְרוּשָׁל{{מ:ירושלם|ָ|֑}}ם וָאֱהִי־שָׁ֖ם יָמִ֥ים שְׁלֹשָֽׁה׃
ספר עזרא/נחמיה ב	יב	__	{{מ:פסוק|נחמיה|ב|יב}}	וָאָק֣וּם{{מ:לגרמיה}}לַ֗יְלָה אֲנִי֮ וַאֲנָשִׁ֣ים{{מ:פסק}}מְעַט֮ עִמִּי֒ וְלֹא־הִגַּ֣דְתִּי לְאָדָ֔ם מָ֗ה אֱלֹהַי֙ נֹתֵ֣ן אֶל־לִבִּ֔י לַעֲשׂ֖וֹת לִירוּשָׁל{{מ:ירושלם|ָ|֑}}ם וּבְהֵמָה֙ אֵ֣ין עִמִּ֔י כִּ֚י אִם־הַבְּהֵמָ֔ה אֲשֶׁ֥ר אֲנִ֖י רֹכֵ֥ב בָּֽהּ׃
ספר עזרא/נחמיה ב	יג	__	{{מ:פסוק|נחמיה|ב|יג}}	"וָאֵצְאָ֨ה {{נוסח|בְשַֽׁעַר־הַגַּ֜יְא|=שיטת-אל (במקומות אחרים) ובדפוסים|ל=בְשַֽׁעַר־הַגַּ֜יא (חסר שווא)|הערת ברויאר|קורן, סימנים, מכון ממרא}} לַ֗יְלָה וְאֶל־פְּנֵי֙ עֵ֣ין הַתַּנִּ֔ין וְאֶל־שַׁ֖עַר הָאַשְׁפֹּ֑ת וָאֱהִ֨י שֹׂבֵ֜ר בְּחוֹמֹ֤ת יְרוּשָׁל{{מ:ירושלם|ַ|֙}}ם֙ אֲשֶׁר־{{נוסח|{{קו""כ|המפרוצים|הֵ֣ם{{מ:פסק}}פְּרוּצִ֔ים}}|פסק חריג זה רומז שהתיבה הנכתבת כמילה אחת נקראת כשתי מלים; וראו ברויאר, טעמי המקרא, ו.10 (עמ' 137) והשוו דה""א כז,יב. אמנם במהדורת סימנים מסומן קו של לגרמיה (!).}} וּשְׁעָרֶ֖יהָ אֻכְּל֥וּ בָאֵֽשׁ׃"
ספר עזרא/נחמיה ב	יד	__	{{מ:פסוק|נחמיה|ב|יד}}	וָאֶֽעֱבֹר֙ אֶל־שַׁ֣עַר הָעַ֔יִן וְאֶל־בְּרֵכַ֖ת הַמֶּ֑לֶךְ וְאֵין־מָק֥וֹם לַבְּהֵמָ֖ה לַעֲבֹ֥ר תַּחְתָּֽי׃
ספר עזרא/נחמיה ב	טו	__	{{מ:פסוק|נחמיה|ב|טו}}	וָאֱהִ֨י עֹלֶ֤ה בַנַּ֙חַל֙ לַ֔יְלָה וָאֱהִ֥י שֹׂבֵ֖ר בַּחוֹמָ֑ה וָאָשׁ֗וּב וָאָב֛וֹא בְּשַׁ֥עַר הַגַּ֖יְא וָאָשֽׁוּב׃
ספר עזרא/נחמיה ב	טז	__	{{מ:פסוק|נחמיה|ב|טז}}	וְהַסְּגָנִ֗ים לֹ֤א יָדְעוּ֙ אָ֣נָה הָלַ֔כְתִּי וּמָ֖ה אֲנִ֣י עֹשֶׂ֑ה וְלַיְּהוּדִ֨ים וְלַכֹּהֲנִ֜ים וְלַחֹרִ֣ים וְלַסְּגָנִ֗ים וּלְיֶ֙תֶר֙ עֹשֵׂ֣ה הַמְּלָאכָ֔ה עַד־כֵּ֖ן לֹ֥א הִגַּֽדְתִּי׃
ספר עזרא/נחמיה ב	יז	__	{{מ:פסוק|נחמיה|ב|יז}}	וָאוֹמַ֣ר אֲלֵהֶ֗ם אַתֶּ֤ם רֹאִים֙ הָרָעָה֙ אֲשֶׁ֣ר אֲנַ֣חְנוּ בָ֔הּ אֲשֶׁ֤ר יְרוּשָׁל{{מ:ירושלם|ַ|֙}}ם֙ חֲרֵבָ֔ה וּשְׁעָרֶ֖יהָ נִצְּת֣וּ בָאֵ֑שׁ לְכ֗וּ וְנִבְנֶה֙ אֶת־חוֹמַ֣ת יְרוּשָׁל{{מ:ירושלם|ַ|֔}}ם וְלֹא־נִהְיֶ֥ה ע֖וֹד חֶרְפָּֽה׃
ספר עזרא/נחמיה ב	יח	__	{{מ:פסוק|נחמיה|ב|יח}}	וָאַגִּ֨יד לָהֶ֜ם אֶת־יַ֣ד אֱלֹהַ֗י אֲשֶׁר־הִיא֙ טוֹבָ֣ה עָלַ֔י וְאַף־דִּבְרֵ֥י הַמֶּ֖לֶךְ אֲשֶׁ֣ר אָֽמַר־לִ֑י וַיֹּֽאמְרוּ֙ נָק֣וּם וּבָנִ֔ינוּ וַיְחַזְּק֥וּ יְדֵיהֶ֖ם לַטּוֹבָֽה׃
ספר עזרא/נחמיה ב	יט	//{{פפ}}//	{{מ:פסוק|נחמיה|ב|יט}}	וַיִּשְׁמַע֩ סַנְבַלַּ֨ט הַחֹרֹנִ֜י וְטֹבִיָּ֣ה{{מ:לגרמיה}}הָעֶ֣בֶד הָֽעַמּוֹנִ֗י וְגֶ֙שֶׁם֙ הָֽעַרְבִ֔י וַיַּלְעִ֣גוּ לָ֔נוּ וַיִּבְז֖וּ עָלֵ֑ינוּ וַיֹּאמְר֗וּ מָֽה־הַדָּבָ֤ר הַזֶּה֙ אֲשֶׁ֣ר אַתֶּ֣ם עֹשִׂ֔ים הַעַ֥ל הַמֶּ֖לֶךְ אַתֶּ֥ם מֹרְדִֽים׃
ספר עזרא/נחמיה ב	כ	__	{{מ:פסוק|נחמיה|ב|כ}}	וָאָשִׁ֨יב אוֹתָ֜ם דָּבָ֗ר וָאוֹמַ֤ר לָהֶם֙ אֱלֹהֵ֣י הַשָּׁמַ֔יִם ה֚וּא יַצְלִ֣יחַֽ לָ֔נוּ וַאֲנַ֥חְנוּ עֲבָדָ֖יו נָק֣וּם וּבָנִ֑ינוּ וְלָכֶ֗ם אֵֽין־חֵ֧לֶק וּצְדָקָ֛ה וְזִכָּר֖וֹן בִּירוּשָׁל{{מ:ירושלם|ָ|ֽ}}ם׃
ספר עזרא/נחמיה ב	תתת	<noinclude>//{{תבנית:משתמש:Dovi/טעמי המקרא-סוף}}//{{מ:שוליים-סוף}}//==הפרק בלי מספרים==//{{תבנית:משתמש:Dovi/טעמי המקרא}}//{{#בלי קטע:{{שם הדף המלא}}|סימן}}//{{תבנית:משתמש:Dovi/טעמי המקרא-סוף}}//////{{בסיס-משתמש|שם=משתמש:Dovi/תורה על פי המסורה/ספר עזרא}}//</noinclude>		
ספר עזרא/נחמיה ג	0	<noinclude>{{תבנית:טעמי המקרא באינטרנט}}//{{מ:שוליים|5}}//{{תבנית:משתמש:Dovi/טעמי המקרא}}//</noinclude>		
ספר עזרא/נחמיה ג	א	{{נוסח|{{פפ}}|ל=אין פרשה (אמנם בראש הטור)}}//	{{מ:פסוק|נחמיה|ג|א}}	וַיָּ֡קׇם אֶלְיָשִׁיב֩ הַכֹּהֵ֨ן הַגָּד֜וֹל וְאֶחָ֣יו הַכֹּהֲנִ֗ים וַיִּבְנוּ֙ אֶת־שַׁ֣עַר הַצֹּ֔אן הֵ֣מָּה קִדְּשׁ֔וּהוּ וַֽיַּעֲמִ֖ידוּ דַּלְתֹתָ֑יו וְעַד־מִגְדַּ֤ל הַמֵּאָה֙ קִדְּשׁ֔וּהוּ עַ֖ד מִגְדַּ֥ל חֲנַנְאֵֽל׃
ספר עזרא/נחמיה ג	ב	{{ססס}}	{{מ:פסוק|נחמיה|ג|ב}}	וְעַל־יָד֥וֹ בָנ֖וּ אַנְשֵׁ֣י יְרֵח֑וֹ {{נוסח||ל=פרשה סתומה}}וְעַל־יָד֣וֹ בָנָ֔ה זַכּ֖וּר בֶּן־אִמְרִֽי׃
ספר עזרא/נחמיה ג	ג	{{ססס}}	{{מ:פסוק|נחמיה|ג|ג}}	וְאֵת֙ שַׁ֣עַר הַדָּגִ֔ים בָּנ֖וּ בְּנֵ֣י הַסְּנָאָ֑ה הֵ֣מָּה קֵר֔וּהוּ וַֽיַּעֲמִ֙ידוּ֙ דַּלְתֹתָ֔יו מַנְעוּלָ֖יו וּבְרִיחָֽיו׃
ספר עזרא/נחמיה ג	ד	{{ססס}}	{{מ:פסוק|נחמיה|ג|ד}}	וְעַל־יָדָ֣ם הֶחֱזִ֗יק מְרֵמ֤וֹת בֶּן־אוּרִיָּה֙ בֶּן־הַקּ֔וֹץ{{ססס}}וְעַל־יָדָ֣ם הֶחֱזִ֔יק מְשֻׁלָּ֥ם בֶּן־בֶּרֶכְיָ֖ה בֶּן־מְשֵׁיזַבְאֵ֑ל{{ססס}}וְעַל־יָדָ֣ם הֶֽחֱזִ֔יק צָד֖וֹק בֶּֽן־בַּעֲנָֽא׃
ספר עזרא/נחמיה ג	ה	{{ססס}}	{{מ:פסוק|נחמיה|ג|ה}}	וְעַל־יָדָ֖ם הֶחֱזִ֣יקוּ הַתְּקוֹעִ֑ים וְאַדִּֽירֵיהֶם֙ לֹא־הֵבִ֣יאוּ צַוָּרָ֔ם בַּעֲבֹדַ֖ת אֲדֹנֵיהֶֽם׃
ספר עזרא/נחמיה ג	ו	{{ססס}}	{{מ:פסוק|נחמיה|ג|ו}}	וְאֵת֩ שַׁ֨עַר הַיְשָׁנָ֜ה הֶחֱזִ֗יקוּ יֽוֹיָדָע֙ בֶּן־פָּסֵ֔חַ וּמְשֻׁלָּ֖ם בֶּן־בְּסֽוֹדְיָ֑ה הֵ֣מָּה קֵר֔וּהוּ {{נוסח|וַֽיַּעֲמִ֙ידוּ֙|ל=וַֽיַּעֲמִ֙ידוּ֙ בגעיה ימנית}} דַּלְתֹתָ֔יו וּמַנְעֻלָ֖יו וּבְרִיחָֽיו׃
ספר עזרא/נחמיה ג	ז	{{ססס}}	{{מ:פסוק|נחמיה|ג|ז}}	וְעַל־יָדָ֨ם הֶחֱזִ֜יק מְלַטְיָ֣ה הַגִּבְעֹנִ֗י וְיָדוֹן֙ הַמֵּרֹ֣נֹתִ֔י אַנְשֵׁ֥י גִבְע֖וֹן וְהַמִּצְפָּ֑ה לְכִסֵּ֕א פַּחַ֖ת עֵ֥בֶר הַנָּהָֽר׃
ספר עזרא/נחמיה ג	ח	{{ססס}}	{{מ:פסוק|נחמיה|ג|ח}}	עַל־יָד֣וֹ הֶחֱזִ֗יק עֻזִּיאֵ֤ל בֶּֽן־חַרְהֲיָה֙ צֽוֹרְפִ֔ים{{ססס}}וְעַל־יָד֣וֹ הֶחֱזִ֔יק חֲנַנְיָ֖ה בֶּן־הָרַקָּחִ֑ים וַיַּֽעַזְבוּ֙ יְר֣וּשָׁל{{מ:ירושלם|ַ|֔}}ם עַ֖ד הַחוֹמָ֥ה הָרְחָבָֽה׃
ספר עזרא/נחמיה ג	ט	{{ססס}}	{{מ:פסוק|נחמיה|ג|ט}}	וְעַל־יָדָ֤ם הֶחֱזִיק֙ רְפָיָ֣ה בֶן־ח֔וּר שַׂ֕ר חֲצִ֖י פֶּ֥לֶךְ יְרוּשָׁל{{מ:ירושלם|ָ|ֽ}}ם׃
ספר עזרא/נחמיה ג	י	{{ססס}}	{{מ:פסוק|נחמיה|ג|י}}	וְעַל־יָדָ֧ם הֶחֱזִ֛יק יְדָיָ֥ה בֶן־חֲרוּמַ֖ף וְנֶ֣גֶד בֵּית֑וֹ {{נוסח||ל=פרשה סתומה}}וְעַל־יָד֣וֹ הֶחֱזִ֔יק חַטּ֖וּשׁ בֶּן־חֲשַׁבְנְיָֽה׃
ספר עזרא/נחמיה ג	יא	{{ססס}}	{{מ:פסוק|נחמיה|ג|יא}}	מִדָּ֣ה שֵׁנִ֗ית הֶחֱזִיק֙ מַלְכִּיָּ֣ה בֶן־חָרִ֔ם וְחַשּׁ֖וּב בֶּן־פַּחַ֣ת מוֹאָ֑ב וְאֵ֖ת מִגְדַּ֥ל הַתַּנּוּרִֽים׃
ספר עזרא/נחמיה ג	יב	{{ססס}}	{{מ:פסוק|נחמיה|ג|יב}}	וְעַל־יָד֣וֹ הֶחֱזִ֗יק שַׁלּוּם֙ בֶּן־הַלּוֹחֵ֔שׁ שַׂ֕ר חֲצִ֖י פֶּ֣לֶךְ יְרוּשָׁל{{מ:ירושלם|ָ|֑}}ם ה֖וּא וּבְנוֹתָֽיו׃
ספר עזרא/נחמיה ג	יג	{{ססס}}	{{מ:פסוק|נחמיה|ג|יג}}	"אֵת֩ שַׁ֨עַר הַגַּ֜יְא הֶחֱזִ֣יק חָנוּן֮ וְיֹשְׁבֵ֣י זָנ֒וֹחַ֒ הֵ֣מָּה בָנ֔וּהוּ וַֽיַּעֲמִ֙ידוּ֙ דַּלְתֹתָ֔יו מַנְעֻלָ֖יו וּבְרִיחָ֑יו וְאֶ֤לֶף אַמָּה֙ בַּחוֹמָ֔ה עַ֖ד שַׁ֥עַר {{נוסח|הָשְׁפֽוֹת|=מ""ש|ל=הָשֲׁפֽוֹת (חטף)}}׃"
ספר עזרא/נחמיה ג	יד	__	{{מ:פסוק|נחמיה|ג|יד}}	וְאֵ֣ת{{מ:לגרמיה}}שַׁ֣עַר הָאַשְׁפּ֗וֹת הֶחֱזִיק֙ מַלְכִּיָּ֣ה בֶן־רֵכָ֔ב שַׂ֖ר פֶּ֣לֶךְ בֵּית־הַכָּ֑רֶם ה֣וּא יִבְנֶ֔נּוּ וְיַעֲמִיד֙ דַּלְתֹתָ֔יו מַנְעֻלָ֖יו וּבְרִיחָֽיו׃
ספר עזרא/נחמיה ג	טו	{{ססס}}	{{מ:פסוק|נחמיה|ג|טו}}	"וְאֵת֩ שַׁ֨עַר הָעַ֜יִן הֶ֠חֱזִ֠יק שַׁלּ֣וּן בֶּן־כׇּל־חֹזֶה֮ שַׂ֣ר פֶּ֣לֶךְ הַמִּצְפָּה֒ ה֤וּא יִבְנֶ֙נּוּ֙ וִיטַֽלְלֶ֔נּוּ {{כו""ק|ויעמידו|וְיַעֲמִיד֙}} דַּלְתֹתָ֔יו מַנְעֻלָ֖יו וּבְרִיחָ֑יו וְ֠אֵ֠ת חוֹמַ֞ת בְּרֵכַ֤ת הַשֶּׁ֙לַח֙ לְגַן־הַמֶּ֔לֶךְ וְעַד־הַֽמַּעֲל֔וֹת הַיּוֹרְד֖וֹת מֵעִ֥יר דָּוִֽיד׃"
ספר עזרא/נחמיה ג	טז	{{ססס}}	{{מ:פסוק|נחמיה|ג|טז}}	אַחֲרָ֤יו הֶחֱזִיק֙ נְחֶמְיָ֣ה בֶן־עַזְבּ֔וּק שַׂ֕ר חֲצִ֖י פֶּ֣לֶךְ בֵּֽית־צ֑וּר עַד־נֶ֙גֶד֙ קִבְרֵ֣י דָוִ֔יד וְעַד־הַבְּרֵכָה֙ הָעֲשׂוּיָ֔ה וְעַ֖ד בֵּ֥ית הַגִּבֹּרִֽים׃
ספר עזרא/נחמיה ג	יז	{{ססס}}	{{מ:פסוק|נחמיה|ג|יז}}	אַחֲרָ֛יו הֶחֱזִ֥יקוּ הַלְוִיִּ֖ם רְח֣וּם בֶּן־בָּנִ֑י{{נוסח|{{ססס}}|ל=אין פרשה}}עַל־יָד֣וֹ הֶחֱזִ֗יק חֲשַׁבְיָ֛ה שַׂר־חֲצִי־פֶ֥לֶךְ קְעִילָ֖ה לְפִלְכּֽוֹ׃
ספר עזרא/נחמיה ג	יח	{{ססס}}	{{מ:פסוק|נחמיה|ג|יח}}	אַחֲרָיו֙ הֶחֱזִ֣יקוּ אֲחֵיהֶ֔ם בַּוַּ֖י בֶּן־חֵנָדָ֑ד שַׂ֕ר חֲצִ֖י פֶּ֥לֶךְ קְעִילָֽה׃
ספר עזרא/נחמיה ג	יט	{{ססס}}	{{מ:פסוק|נחמיה|ג|יט}}	וַיְחַזֵּ֨ק עַל־יָד֜וֹ עֵ֧זֶר בֶּן־יֵשׁ֛וּעַ שַׂ֥ר הַמִּצְפָּ֖ה מִדָּ֣ה שֵׁנִ֑ית מִנֶּ֕גֶד עֲלֹ֥ת הַנֶּ֖שֶׁק הַמִּקְצֹֽעַ׃
ספר עזרא/נחמיה ג	כ	{{ססס}}	{{מ:פסוק|נחמיה|ג|כ}}	"אַחֲרָ֨יו הֶחֱרָ֧ה הֶחֱזִ֛יק בָּר֥וּךְ בֶּן־{{קו""כ|זבי|זַכַּ֖י}} מִדָּ֣ה שֵׁנִ֑ית {{נוסח|מִ֨ן־הַמִּקְצ֔וֹעַ|=שיטת-א וכן בדפוסים|ל=מִן־הַ֨מִּקְצ֔וֹעַ (מקום המתיגה)|הערת ברויאר}} עַד־פֶּ֙תַח֙ בֵּ֣ית אֶלְיָשִׁ֔יב הַכֹּהֵ֖ן הַגָּדֽוֹל׃"
ספר עזרא/נחמיה ג	כא	{{ססס}}	{{מ:פסוק|נחמיה|ג|כא}}	אַחֲרָ֣יו הֶחֱזִ֗יק מְרֵמ֧וֹת בֶּן־אוּרִיָּ֛ה בֶּן־הַקּ֖וֹץ מִדָּ֣ה שֵׁנִ֑ית מִפֶּ֙תַח֙ בֵּ֣ית אֶלְיָשִׁ֔יב וְעַד־תַּכְלִ֖ית בֵּ֥ית אֶלְיָשִֽׁיב׃
ספר עזרא/נחמיה ג	כב	{{ססס}}	{{מ:פסוק|נחמיה|ג|כב}}	וְאַחֲרָ֛יו הֶחֱזִ֥יקוּ הַכֹּהֲנִ֖ים אַנְשֵׁ֥י הַכִּכָּֽר׃
ספר עזרא/נחמיה ג	כג	__	{{מ:פסוק|נחמיה|ג|כג}}	אַחֲרָ֨יו הֶחֱזִ֧יק בִּנְיָמִ֛ן וְחַשּׁ֖וּב נֶ֣גֶד בֵּיתָ֑ם{{ססס}}אַחֲרָ֣יו הֶחֱזִ֗יק עֲזַרְיָ֧ה בֶן־מַעֲשֵׂיָ֛ה בֶּן־עֲנָֽנְיָ֖ה אֵ֥צֶל בֵּיתֽוֹ׃
ספר עזרא/נחמיה ג	כד	{{ססס}}	{{מ:פסוק|נחמיה|ג|כד}}	אַחֲרָ֣יו הֶחֱזִ֗יק בִּנּ֛וּי בֶּן־חֵנָדָ֖ד מִדָּ֣ה שֵׁנִ֑ית מִבֵּ֣ית עֲזַרְיָ֔ה עַד־הַמִּקְצ֖וֹעַ וְעַד־הַפִּנָּֽה׃
ספר עזרא/נחמיה ג	כה	__	{{מ:פסוק|נחמיה|ג|כה}}	פָּלָ֣ל בֶּן־אוּזַי֮ מִנֶּ֣גֶד הַמִּקְצ֒וֹעַ֒ וְהַמִּגְדָּ֗ל הַיּוֹצֵא֙ מִבֵּ֤ית הַמֶּ֙לֶךְ֙ הָֽעֶלְי֔וֹן אֲשֶׁ֖ר לַחֲצַ֣ר הַמַּטָּרָ֑ה אַחֲרָ֖יו פְּדָיָ֥ה בֶן־פַּרְעֹֽשׁ׃
ספר עזרא/נחמיה ג	כו	{{ססס}}	{{מ:פסוק|נחמיה|ג|כו}}	וְהַ֨נְּתִינִ֔ים הָי֥וּ יֹשְׁבִ֖ים בָּעֹ֑פֶל עַ֠ד נֶ֜גֶד שַׁ֤עַר הַמַּ֙יִם֙ לַמִּזְרָ֔ח וְהַמִּגְדָּ֖ל הַיּוֹצֵֽא׃
ספר עזרא/נחמיה ג	כז	{{ססס}}	{{מ:פסוק|נחמיה|ג|כז}}	אַחֲרָ֛יו הֶחֱזִ֥יקוּ הַתְּקֹעִ֖ים מִדָּ֣ה שֵׁנִ֑ית מִנֶּ֜גֶד הַמִּגְדָּ֤ל הַגָּדוֹל֙ הַיּוֹצֵ֔א וְעַ֖ד חוֹמַ֥ת הָעֹֽפֶל׃
ספר עזרא/נחמיה ג	כח	__	{{מ:פסוק|נחמיה|ג|כח}}	מֵעַ֣ל{{מ:לגרמיה}}שַׁ֣עַר הַסּוּסִ֗ים הֶחֱזִ֙יקוּ֙ הַכֹּ֣הֲנִ֔ים אִ֖ישׁ לְנֶ֥גֶד בֵּיתֽוֹ׃
ספר עזרא/נחמיה ג	כט	{{ססס}}	{{מ:פסוק|נחמיה|ג|כט}}	אַחֲרָ֧יו הֶחֱזִ֛יק צָד֥וֹק בֶּן־אִמֵּ֖ר נֶ֣גֶד בֵּית֑וֹ{{ססס}}וְאַחֲרָ֤יו הֶחֱזִיק֙ שְׁמַֽעְיָ֣ה בֶן־שְׁכַנְיָ֔ה שֹׁמֵ֖ר שַׁ֥עַר הַמִּזְרָֽח׃
ספר עזרא/נחמיה ג	ל	{{ססס}}	{{מ:פסוק|נחמיה|ג|ל}}	"{{כו""ק|אחרי|אַחֲרָ֨יו}} הֶחֱזִ֜יק חֲנַנְיָ֣ה בֶן־שֶׁלֶמְיָ֗ה וְחָנ֧וּן בֶּן־צָלָ֛ף הַשִּׁשִּׁ֖י מִדָּ֣ה שֵׁנִ֑י{{ססס}}אַחֲרָ֣יו הֶחֱזִ֗יק מְשֻׁלָּם֙ בֶּן־בֶּ֣רֶכְיָ֔ה נֶ֖גֶד נִשְׁכָּתֽוֹ׃"
ספר עזרא/נחמיה ג	לא	{{ססס}}	{{מ:פסוק|נחמיה|ג|לא}}	"{{כו""ק|אחרי|אַחֲרָ֣יו}} הֶחֱזִ֗יק מַלְכִּיָּה֙ בֶּן־הַצֹּ֣רְפִ֔י עַד־בֵּ֥ית הַנְּתִינִ֖ים וְהָרֹכְלִ֑ים נֶ֚גֶד שַׁ֣עַר הַמִּפְקָ֔ד וְעַ֖ד עֲלִיַּ֥ת הַפִּנָּֽה׃"
ספר עזרא/נחמיה ג	לב	__	{{מ:פסוק|נחמיה|ג|לב}}	וּבֵ֨ין עֲלִיַּ֤ת הַפִּנָּה֙ לְשַׁ֣עַר הַצֹּ֔אן הֶחֱזִ֥יקוּ הַצֹּרְפִ֖ים וְהָרֹכְלִֽים׃
ספר עזרא/נחמיה ג	לג	//{{פפ}}//	{{מ:פסוק|נחמיה|ג|לג}}	וַיְהִ֞י כַּאֲשֶׁ֧ר שָׁמַ֣ע סַנְבַלַּ֗ט כִּֽי־אֲנַ֤חְנוּ בוֹנִים֙ אֶת־הַ֣חוֹמָ֔ה וַיִּ֣חַר ל֔וֹ וַיִּכְעַ֖ס הַרְבֵּ֑ה וַיַּלְעֵ֖ג עַל־הַיְּהוּדִֽים׃
ספר עזרא/נחמיה ג	לד	__	{{מ:פסוק|נחמיה|ג|לד}}	וַיֹּ֣אמֶר{{מ:לגרמיה}}לִפְנֵ֣י אֶחָ֗יו וְחֵיל֙ שֹֽׁמְר֔וֹן וַיֹּ֕אמֶר מָ֛ה הַיְּהוּדִ֥ים הָאֲמֵלָלִ֖ים עֹשִׂ֑ים הֲיַעַזְב֨וּ לָהֶ֤ם הֲיִזְבָּ֙חוּ֙ הַיְכַלּ֣וּ בַיּ֔וֹם הַיְחַיּ֧וּ אֶת־הָאֲבָנִ֛ים מֵעֲרֵמ֥וֹת הֶעָפָ֖ר וְהֵ֥מָּה שְׂרוּפֽוֹת׃
ספר עזרא/נחמיה ג	לה	__	{{מ:פסוק|נחמיה|ג|לה}}	וְטוֹבִיָּ֥ה הָעַמֹּנִ֖י אֶצְל֑וֹ וַיֹּ֗אמֶר גַּ֚ם אֲשֶׁר־הֵ֣ם בּוֹנִ֔ים אִם־יַעֲלֶ֣ה שׁוּעָ֔ל וּפָרַ֖ץ חוֹמַ֥ת אַבְנֵיהֶֽם׃
ספר עזרא/נחמיה ג	לו	//{{פפ}}//	{{מ:פסוק|נחמיה|ג|לו}}	שְׁמַ֤ע אֱלֹהֵ֙ינוּ֙ כִּֽי־הָיִ֣ינוּ בוּזָ֔ה וְהָשֵׁ֥ב חֶרְפָּתָ֖ם אֶל־רֹאשָׁ֑ם וּתְנֵ֥ם לְבִזָּ֖ה בְּאֶ֥רֶץ שִׁבְיָֽה׃
ספר עזרא/נחמיה ג	לז	__	{{מ:פסוק|נחמיה|ג|לז}}	וְאַל־תְּכַס֙ עַל־עֲוֺנָ֔ם וְחַטָּאתָ֖ם מִלְּפָנֶ֣יךָ אַל־תִּמָּחֶ֑ה כִּ֥י הִכְעִ֖יסוּ לְנֶ֥גֶד הַבּוֹנִֽים׃
ספר עזרא/נחמיה ג	לח	__	{{מ:פסוק|נחמיה|ג|לח|סדר=ו}}	וַנִּבְנֶה֙ אֶת־הַ֣חוֹמָ֔ה וַתִּקָּשֵׁ֥ר כׇּל־הַחוֹמָ֖ה עַד־חֶצְיָ֑הּ וַיְהִ֧י לֵ֦ב לָעָ֖ם לַעֲשֽׂוֹת׃
ספר עזרא/נחמיה ג	תתת	<noinclude>//{{תבנית:משתמש:Dovi/טעמי המקרא-סוף}}//{{מ:שוליים-סוף}}//==הפרק בלי מספרים==//{{תבנית:משתמש:Dovi/טעמי המקרא}}//{{#בלי קטע:{{שם הדף המלא}}|סימן}}//{{תבנית:משתמש:Dovi/טעמי המקרא-סוף}}//////{{בסיס-משתמש|שם=משתמש:Dovi/תורה על פי המסורה/ספר עזרא}}//</noinclude>		
ספר עזרא/נחמיה ד	0	<noinclude>{{תבנית:טעמי המקרא באינטרנט}}//{{מ:שוליים|5}}//{{תבנית:משתמש:Dovi/טעמי המקרא}}//</noinclude>		
ספר עזרא/נחמיה ד	א	{{פפ}}//	{{מ:פסוק|נחמיה|ד|א}}	וַיְהִ֣י כַאֲשֶׁ֣ר שָׁמַ֣ע סַנְבַלַּ֡ט וְ֠טוֹבִיָּ֠ה וְהָעַרְבִ֨ים וְהָעַמֹּנִ֜ים וְהָאַשְׁדּוֹדִ֗ים כִּֽי־עָלְתָ֤ה אֲרוּכָה֙ לְחֹמ֣וֹת יְרוּשָׁל{{מ:ירושלם|ַ|֔}}ם כִּי־הֵחֵ֥לּוּ הַפְּרֻצִ֖ים לְהִסָּתֵ֑ם וַיִּ֥חַר לָהֶ֖ם מְאֹֽד׃
ספר עזרא/נחמיה ד	ב	__	{{מ:פסוק|נחמיה|ד|ב}}	וַיִּקְשְׁר֤וּ כֻלָּם֙ יַחְדָּ֔ו לָב֖וֹא לְהִלָּחֵ֣ם בִּירוּשָׁל{{מ:ירושלם|ָ|֑}}ם וְלַעֲשׂ֥וֹת ל֖וֹ תּוֹעָֽה׃
ספר עזרא/נחמיה ד	ג	__	{{מ:פסוק|נחמיה|ד|ג}}	וַנִּתְפַּלֵּ֖ל אֶל־אֱלֹהֵ֑ינוּ וַנַּעֲמִ֨יד מִשְׁמָ֧ר עֲלֵיהֶ֛ם יוֹמָ֥ם וָלַ֖יְלָה מִפְּנֵיהֶֽם׃
ספר עזרא/נחמיה ד	ד	__	{{מ:פסוק|נחמיה|ד|ד}}	וַיֹּ֣אמֶר יְהוּדָ֗ה כָּשַׁל֙ כֹּ֣חַ הַסַּבָּ֔ל וְהֶעָפָ֖ר הַרְבֵּ֑ה וַאֲנַ֙חְנוּ֙ לֹ֣א נוּכַ֔ל לִבְנ֖וֹת בַּחוֹמָֽה׃
ספר עזרא/נחמיה ד	ה	__	{{מ:פסוק|נחמיה|ד|ה}}	וַיֹּאמְר֣וּ צָרֵ֗ינוּ לֹ֤א יֵדְעוּ֙ וְלֹ֣א יִרְא֔וּ עַ֛ד אֲשֶׁר־נָב֥וֹא אֶל־תּוֹכָ֖ם וַהֲרַגְנ֑וּם וְהִשְׁבַּ֖תְנוּ אֶת־הַמְּלָאכָֽה׃
ספר עזרא/נחמיה ד	ו	__	{{מ:פסוק|נחמיה|ד|ו}}	וַֽיְהִי֙ כַּאֲשֶׁר־בָּ֣אוּ הַיְּהוּדִ֔ים הַיֹּשְׁבִ֖ים אֶצְלָ֑ם וַיֹּ֤אמְרוּ לָ֙נוּ֙ עֶ֣שֶׂר פְּעָמִ֔ים מִכׇּל־הַמְּקֹמ֖וֹת אֲשֶׁר־תָּשׁ֥וּבוּ עָלֵֽינוּ׃
ספר עזרא/נחמיה ד	ז	__	{{מ:פסוק|נחמיה|ד|ז}}	"וָֽאַעֲמִ֞יד {{נוסח|מִֽתַּחְתְּי֧וֹת|=לש1|דפוסים=מִֽתַּחְתִּיּ֧וֹת ובקורן, וכן הוא בהקדלה (!) בטעות בעקבות BHS.}} לַמָּק֛וֹם מֵאַחֲרֵ֥י לַחוֹמָ֖ה {{כו""ק|בצחחיים|בַּצְּחִיחִ֑ים}} וָֽאַעֲמִ֤יד אֶת־הָעָם֙ לְמִשְׁפָּח֔וֹת עִם־חַרְבֹתֵיהֶ֛ם רׇמְחֵיהֶ֖ם וְקַשְּׁתֹתֵיהֶֽם׃"
ספר עזרא/נחמיה ד	ח	__	{{מ:פסוק|נחמיה|ד|ח}}	וָאֵ֣רֶא וָאָק֗וּם וָאֹמַ֞ר אֶל־הַחֹרִ֤ים וְאֶל־הַסְּגָנִים֙ וְאֶל־יֶ֣תֶר הָעָ֔ם אַל־תִּֽירְא֖וּ מִפְּנֵיהֶ֑ם אֶת־אֲדֹנָ֞י הַגָּד֤וֹל וְהַנּוֹרָא֙ זְכֹ֔רוּ וְהִֽלָּחֲמ֗וּ עַל־אֲחֵיכֶם֙ בְּנֵיכֶ֣ם וּבְנֹתֵיכֶ֔ם נְשֵׁיכֶ֖ם וּבָתֵּיכֶֽם׃
ספר עזרא/נחמיה ד	ט	//{{פפ}}//	{{מ:פסוק|נחמיה|ד|ט}}	"וַיְהִ֞י כַּֽאֲשֶׁר־שָׁמְע֤וּ אוֹיְבֵ֙ינוּ֙ כִּי־נ֣וֹדַֽע לָ֔נוּ וַיָּ֥פֶר הָאֱלֹהִ֖ים אֶת־עֲצָתָ֑ם {{כו""ק|ונשוב|וַנָּ֤שׇׁב}} כֻּלָּ֙נוּ֙ אֶל־הַ֣חוֹמָ֔ה אִ֖ישׁ אֶל־מְלַאכְתּֽוֹ׃"
ספר עזרא/נחמיה ד	י	__	{{מ:פסוק|נחמיה|ד|י}}	וַיְהִ֣י{{מ:לגרמיה}}מִן־הַיּ֣וֹם הַה֗וּא חֲצִ֣י נְעָרַי֮ עֹשִׂ֣ים בַּמְּלָאכָה֒ וְחֶצְיָ֗ם מַחֲזִיקִים֙ וְהָרְמָחִ֣ים הַמָּגִנִּ֔ים וְהַקְּשָׁת֖וֹת וְהַשִּׁרְיֹנִ֑ים וְהַ֨שָּׂרִ֔ים אַחֲרֵ֖י כׇּל־בֵּ֥ית יְהוּדָֽה׃
ספר עזרא/נחמיה ד	יא	__	{{מ:פסוק|נחמיה|ד|יא}}	הַבּוֹנִ֧ים בַּחוֹמָ֛ה וְהַנֹּשְׂאִ֥ים בַּסֶּ֖בֶל עֹמְשִׂ֑ים בְּאַחַ֤ת יָדוֹ֙ עֹשֶׂ֣ה בַמְּלָאכָ֔ה וְאַחַ֖ת מַחֲזֶ֥קֶת הַשָּֽׁלַח׃
ספר עזרא/נחמיה ד	יב	__	{{מ:פסוק|נחמיה|ד|יב}}	וְהַ֨בּוֹנִ֔ים אִ֥ישׁ חַרְבּ֛וֹ אֲסוּרִ֥ים עַל־מׇתְנָ֖יו וּבוֹנִ֑ים וְהַתּוֹקֵ֥עַ בַּשּׁוֹפָ֖ר אֶצְלִֽי׃
ספר עזרא/נחמיה ד	יג	__	{{מ:פסוק|נחמיה|ד|יג}}	וָאֹמַ֞ר אֶל־הַחֹרִ֤ים וְאֶל־הַסְּגָנִים֙ וְאֶל־יֶ֣תֶר הָעָ֔ם הַמְּלָאכָ֥ה הַרְבֵּ֖ה וּרְחָבָ֑ה וַאֲנַ֗חְנוּ נִפְרָדִים֙ עַל־הַ֣חוֹמָ֔ה רְחוֹקִ֖ים אִ֥ישׁ מֵאָחִֽיו׃
ספר עזרא/נחמיה ד	יד	__	{{מ:פסוק|נחמיה|ד|יד}}	בִּמְק֗וֹם אֲשֶׁ֤ר תִּשְׁמְעוּ֙ אֶת־ק֣וֹל הַשּׁוֹפָ֔ר שָׁ֖מָּה תִּקָּבְצ֣וּ אֵלֵ֑ינוּ אֱלֹהֵ֖ינוּ יִלָּ֥חֶם לָֽנוּ׃
ספר עזרא/נחמיה ד	טו	__	{{מ:פסוק|נחמיה|ד|טו}}	וַאֲנַ֖חְנוּ עֹשִׂ֣ים בַּמְּלָאכָ֑ה וְחֶצְיָ֗ם מַחֲזִיקִים֙ בָּֽרְמָחִ֔ים מֵעֲל֣וֹת הַשַּׁ֔חַר עַ֖ד צֵ֥את הַכּוֹכָבִֽים׃
ספר עזרא/נחמיה ד	טז	__	{{מ:פסוק|נחמיה|ד|טז}}	גַּ֣ם בָּעֵ֤ת הַהִיא֙ אָמַ֣רְתִּי לָעָ֔ם אִ֣ישׁ וְנַעֲר֔וֹ יָלִ֖ינוּ בְּת֣וֹךְ יְרוּשָׁל{{מ:ירושלם|ָ|֑}}ם וְהָֽיוּ־לָ֧נוּ הַלַּ֛יְלָה מִשְׁמָ֖ר וְהַיּ֥וֹם מְלָאכָֽה׃
ספר עזרא/נחמיה ד	יז	__	{{מ:פסוק|נחמיה|ד|יז}}	וְאֵ֨ין אֲנִ֜י וְאַחַ֣י וּנְעָרַ֗י וְאַנְשֵׁ֤י הַמִּשְׁמָר֙ אֲשֶׁ֣ר אַחֲרַ֔י אֵין־אֲנַ֥חְנוּ פֹשְׁטִ֖ים בְּגָדֵ֑ינוּ אִ֖ישׁ שִׁלְח֥וֹ הַמָּֽיִם׃
ספר עזרא/נחמיה ד	תתת	<noinclude>//{{תבנית:משתמש:Dovi/טעמי המקרא-סוף}}//{{מ:שוליים-סוף}}//==הפרק בלי מספרים==//{{תבנית:משתמש:Dovi/טעמי המקרא}}//{{#בלי קטע:{{שם הדף המלא}}|סימן}}//{{תבנית:משתמש:Dovi/טעמי המקרא-סוף}}//////{{בסיס-משתמש|שם=משתמש:Dovi/תורה על פי המסורה/ספר עזרא}}//</noinclude>		
ספר עזרא/נחמיה ה	0	<noinclude>{{תבנית:טעמי המקרא באינטרנט}}//{{מ:שוליים|5}}//{{תבנית:משתמש:Dovi/טעמי המקרא}}//</noinclude>		
ספר עזרא/נחמיה ה	א	{{נוסח|{{פפ}}|ל=פרשה סתומה}}//	{{מ:פסוק|נחמיה|ה|א}}	וַתְּהִ֨י צַעֲקַ֥ת הָעָ֛ם וּנְשֵׁיהֶ֖ם גְּדוֹלָ֑ה אֶל־אֲחֵיהֶ֖ם הַיְּהוּדִֽים׃
ספר עזרא/נחמיה ה	ב	__	{{מ:פסוק|נחמיה|ה|ב}}	וְיֵשׁ֙ אֲשֶׁ֣ר אֹמְרִ֔ים בָּנֵ֥ינוּ וּבְנֹתֵ֖ינוּ אֲנַ֣חְנוּ רַבִּ֑ים וְנִקְחָ֥ה דָגָ֖ן וְנֹאכְלָ֥ה וְנִחְיֶֽה׃
ספר עזרא/נחמיה ה	ג	__	{{מ:פסוק|נחמיה|ה|ג}}	וְיֵשׁ֙ אֲשֶׁ֣ר אֹמְרִ֔ים שְׂדֹתֵ֛ינוּ וּכְרָמֵ֥ינוּ וּבָתֵּ֖ינוּ אֲנַ֣חְנוּ עֹרְבִ֑ים וְנִקְחָ֥ה דָגָ֖ן בָּרָעָֽב׃
ספר עזרא/נחמיה ה	ד	__	{{מ:פסוק|נחמיה|ה|ד}}	וְיֵשׁ֙ אֲשֶׁ֣ר אֹמְרִ֔ים לָוִ֥ינוּ כֶ֖סֶף לְמִדַּ֣ת הַמֶּ֑לֶךְ שְׂדֹתֵ֖ינוּ וּכְרָמֵֽינוּ׃
ספר עזרא/נחמיה ה	ה	__	{{מ:פסוק|נחמיה|ה|ה}}	וְעַתָּ֗ה כִּבְשַׂ֤ר אַחֵ֙ינוּ֙ בְּשָׂרֵ֔נוּ כִּבְנֵיהֶ֖ם בָּנֵ֑ינוּ וְהִנֵּ֣ה אֲנַ֣חְנוּ כֹ֠בְשִׁ֠ים אֶת־בָּנֵ֨ינוּ וְאֶת־בְּנֹתֵ֜ינוּ לַעֲבָדִ֗ים וְיֵ֨שׁ מִבְּנֹתֵ֤ינוּ נִכְבָּשׁוֹת֙ וְאֵ֣ין לְאֵ֣ל יָדֵ֔נוּ וּשְׂדֹתֵ֥ינוּ וּכְרָמֵ֖ינוּ לַאֲחֵרִֽים׃
ספר עזרא/נחמיה ה	ו	__	{{מ:פסוק|נחמיה|ה|ו}}	וַיִּ֥חַר לִ֖י מְאֹ֑ד כַּאֲשֶׁ֤ר שָׁמַ֙עְתִּי֙ אֶת־זַֽעֲקָתָ֔ם וְאֵ֖ת הַדְּבָרִ֥ים הָאֵֽלֶּה׃
ספר עזרא/נחמיה ה	ז	__	{{מ:פסוק|נחמיה|ה|ז}}	"וַיִּמָּלֵ֨ךְ לִבִּ֜י עָלַ֗י וָאָרִ֙יבָה֙ אֶת־הַחֹרִ֣ים וְאֶת־הַסְּגָנִ֔ים וָאֹמְרָ֣ה לָהֶ֔ם מַשָּׁ֥א אִישׁ־בְּאָחִ֖יו אַתֶּ֣ם {{נוסח|{{כו""ק|נשאים|נֹשִׁ֑ים}}|ל=יתיר א'; בהקלדה גירסה 4.14 לא ציינו קרי ובגירסה 4.16 הוסיפו אותו.}} וָאֶתֵּ֥ן עֲלֵיהֶ֖ם קְהִלָּ֥ה גְדוֹלָֽה׃"
ספר עזרא/נחמיה ה	ח	__	{{מ:פסוק|נחמיה|ה|ח}}	וָאֹמְרָ֣ה לָהֶ֗ם אֲנַ֣חְנוּ קָ֠נִ֠ינוּ אֶת־אַחֵ֨ינוּ הַיְּהוּדִ֜ים הַנִּמְכָּרִ֤ים לַגּוֹיִם֙ כְּדֵ֣י בָ֔נוּ וְגַם־אַתֶּ֛ם תִּמְכְּר֥וּ אֶת־אֲחֵיכֶ֖ם וְנִמְכְּרוּ־לָ֑נוּ {{נוסח|וַֽיַּחֲרִ֔ישׁוּ|ל=וַֽיַּחֲרִ֔ישׁוּ בגעיה ימנית}} וְלֹ֥א מָצְא֖וּ דָּבָֽר׃
ספר עזרא/נחמיה ה	ט	//{{נוסח|{{פפ}}|ל=פרשה סתומה}}//	{{מ:פסוק|נחמיה|ה|ט}}	"{{נוסח|{{כו""ק|ויאמר|וָאוֹמַ֕ר}}|קורן וברויאר לשיטתם לא ציינו את הכתיב המלא וי""ו שבקרי, אמנם ראוי לציין אותו כדי להבליט את החלפת היו""ד והוי""ו.}} לֹא־ט֥וֹב הַדָּבָ֖ר אֲשֶׁר־אַתֶּ֣ם עֹשִׂ֑ים הֲל֞וֹא בְּיִרְאַ֤ת אֱלֹהֵ֙ינוּ֙ תֵּלֵ֔כוּ מֵחֶרְפַּ֖ת הַגּוֹיִ֥ם אוֹיְבֵֽינוּ׃"
ספר עזרא/נחמיה ה	י	__	{{מ:פסוק|נחמיה|ה|י}}	וְגַם־אֲנִי֙ אַחַ֣י וּנְעָרַ֔י נֹשִׁ֥ים בָּהֶ֖ם כֶּ֣סֶף וְדָגָ֑ן נַֽעַזְבָה־נָּ֖א אֶת־הַמַּשָּׁ֥א הַזֶּֽה׃
ספר עזרא/נחמיה ה	יא	__	{{מ:פסוק|נחמיה|ה|יא}}	הָשִׁ֩יבוּ֩ נָ֨א לָהֶ֜ם כְּהַיּ֗וֹם שְׂדֹתֵיהֶ֛ם כַּרְמֵיהֶ֥ם זֵיתֵיהֶ֖ם וּבָתֵּיהֶ֑ם וּמְאַ֨ת הַכֶּ֤סֶף וְהַדָּגָן֙ הַתִּיר֣וֹשׁ וְהַיִּצְהָ֔ר אֲשֶׁ֥ר אַתֶּ֖ם נֹשִׁ֥ים בָּהֶֽם׃
ספר עזרא/נחמיה ה	יב	__	{{מ:פסוק|נחמיה|ה|יב}}	וַיֹּאמְר֣וּ נָשִׁ֗יב וּמֵהֶם֙ לֹ֣א נְבַקֵּ֔שׁ כֵּ֣ן נַעֲשֶׂ֔ה כַּאֲשֶׁ֖ר אַתָּ֣ה אוֹמֵ֑ר וָאֶקְרָא֙ אֶת־הַכֹּ֣הֲנִ֔ים וָֽאַשְׁבִּיעֵ֔ם לַעֲשׂ֖וֹת כַּדָּבָ֥ר הַזֶּֽה׃
ספר עזרא/נחמיה ה	יג	__	{{מ:פסוק|נחמיה|ה|יג}}	גַּם־חׇצְנִ֣י נָעַ֗רְתִּי וָֽאֹמְרָ֡ה כָּ֣כָה יְנַעֵ{{ירח בן יומו}}ר הָֽאֱלֹהִ֟ים אֶת־כׇּל־הָאִישׁ֩ אֲשֶׁ֨ר לֹֽא־יָקִ֜ים אֶת־הַדָּבָ֣ר הַזֶּ֗ה מִבֵּיתוֹ֙ וּמִ֣יגִיע֔וֹ וְכָ֛כָה יִהְיֶ֥ה נָע֖וּר וָרֵ֑ק וַיֹּאמְר֨וּ כׇֽל־הַקָּהָ֜ל אָמֵ֗ן וַֽיְהַלְלוּ֙ אֶת־יְהֹוָ֔ה וַיַּ֥עַשׂ הָעָ֖ם כַּדָּבָ֥ר הַזֶּֽה׃
ספר עזרא/נחמיה ה	יד	__	{{מ:פסוק|נחמיה|ה|יד}}	"גַּ֞ם מִיּ֣וֹם{{מ:לגרמיה}}אֲשֶׁר־צִוָּ֣ה {{נוסח|אוֹתִ֗י|=ש1ת ומסורת-ל וטברנית|ל=אֹתִ֗י (כתיב חסר וי""ו)|הערת ברויאר|קורן, סימנים, מכון ממרא}} לִהְי֣וֹת פֶּחָם֮ בְּאֶ֣רֶץ יְהוּדָה֒ מִשְּׁנַ֣ת עֶשְׂרִ֗ים וְ֠עַ֠ד שְׁנַ֨ת שְׁלֹשִׁ֤ים וּשְׁתַּ֙יִם֙ לְאַרְתַּחְשַׁ֣סְתְּא הַמֶּ֔לֶךְ שָׁנִ֖ים שְׁתֵּ֣ים עֶשְׂרֵ֑ה אֲנִ֣י וְאַחַ֔י לֶ֥חֶם הַפֶּ֖חָה לֹ֥א אָכַֽלְתִּי׃"
ספר עזרא/נחמיה ה	טו	__	{{מ:פסוק|נחמיה|ה|טו}}	וְהַפַּחוֹת֩ הָרִאשֹׁנִ֨ים אֲשֶׁר־לְפָנַ֜י הִכְבִּ֣ידוּ עַל־הָעָ֗ם וַיִּקְח֨וּ מֵהֶ֜ם בְּלֶ֤חֶם וָיַ֙יִן֙ אַחַר֙ כֶּֽסֶף־שְׁקָלִ֣ים אַרְבָּעִ֔ים גַּ֥ם נַעֲרֵיהֶ֖ם שָׁלְט֣וּ עַל־הָעָ֑ם וַאֲנִי֙ לֹא־עָשִׂ֣יתִי כֵ֔ן מִפְּנֵ֖י יִרְאַ֥ת אֱלֹהִֽים׃
ספר עזרא/נחמיה ה	טז	__	{{מ:פסוק|נחמיה|ה|טז}}	וְ֠גַ֠ם בִּמְלֶ֜אכֶת הַחוֹמָ֤ה הַזֹּאת֙ הֶחֱזַ֔קְתִּי וְשָׂדֶ֖ה לֹ֣א קָנִ֑ינוּ {{נוסח|וְכׇ֨ל־נְעָרַ֔י|=שיטת-א ובדפוסים|ל=וְכָל־נְעָרַ֔י (אין מתיגה)}} קְבוּצִ֥ים שָׁ֖ם עַל־הַמְּלָאכָֽה׃
ספר עזרא/נחמיה ה	יז	__	{{מ:פסוק|נחמיה|ה|יז}}	וְהַיְּהוּדִ֨ים וְהַסְּגָנִ֜ים מֵאָ֧ה וַחֲמִשִּׁ֣ים אִ֗ישׁ וְהַבָּאִ֥ים אֵלֵ֛ינוּ מִן־הַגּוֹיִ֥ם אֲשֶׁר־סְבִיבֹתֵ֖ינוּ עַל־שֻׁלְחָנִֽי׃
ספר עזרא/נחמיה ה	יח	__	{{מ:פסוק|נחמיה|ה|יח}}	וַאֲשֶׁר֩ הָיָ֨ה נַעֲשֶׂ֜ה לְי֣וֹם אֶחָ֗ד שׁ֣וֹר אֶחָ֞ד צֹ֠אן שֵׁשׁ־בְּרֻר֤וֹת וְצִפֳּרִים֙ נַֽעֲשׂוּ־לִ֔י וּבֵ֨ין עֲשֶׂ֧רֶת יָמִ֛ים בְּכׇל־יַ֖יִן לְהַרְבֵּ֑ה וְעִם־זֶ֗ה לֶ֤חֶם הַפֶּחָה֙ לֹ֣א בִקַּ֔שְׁתִּי כִּֽי־כָֽבְדָ֥ה הָעֲבֹדָ֖ה עַל־הָעָ֥ם הַזֶּֽה׃
ספר עזרא/נחמיה ה	יט	__	{{מ:פסוק|נחמיה|ה|יט}}	זׇכְרָה־לִּ֥י אֱלֹהַ֖י לְטוֹבָ֑ה כֹּ֥ל אֲשֶׁר־עָשִׂ֖יתִי עַל־הָעָ֥ם הַזֶּֽה׃
ספר עזרא/נחמיה ה	תתת	<noinclude>//{{תבנית:משתמש:Dovi/טעמי המקרא-סוף}}//{{מ:שוליים-סוף}}//==הפרק בלי מספרים==//{{תבנית:משתמש:Dovi/טעמי המקרא}}//{{#בלי קטע:{{שם הדף המלא}}|סימן}}//{{תבנית:משתמש:Dovi/טעמי המקרא-סוף}}//////{{בסיס-משתמש|שם=משתמש:Dovi/תורה על פי המסורה/ספר עזרא}}//</noinclude>		
ספר עזרא/נחמיה ו	0	<noinclude>{{תבנית:טעמי המקרא באינטרנט}}//{{מ:שוליים|5}}//{{תבנית:משתמש:Dovi/טעמי המקרא}}//</noinclude>		
ספר עזרא/נחמיה ו	א	{{פפ}}//	{{מ:פסוק|נחמיה|ו|א}}	וַיְהִ֣י כַאֲשֶׁ֣ר נִשְׁמַ֣ע לְסַנְבַלַּ֣ט וְ֠טוֹבִיָּ֠ה וּלְגֶ֨שֶׁם הָֽעַרְבִ֜י וּלְיֶ֣תֶר אֹֽיְבֵ֗ינוּ כִּ֤י בָנִ֙יתִי֙ אֶת־הַ֣חוֹמָ֔ה וְלֹא־נ֥וֹתַר בָּ֖הּ פָּ֑רֶץ גַּ֚ם עַד־הָעֵ֣ת הַהִ֔יא דְּלָת֖וֹת לֹא־הֶעֱמַ֥דְתִּי בַשְּׁעָרִֽים׃
ספר עזרא/נחמיה ו	ב	__	{{מ:פסוק|נחמיה|ו|ב}}	וַיִּשְׁלַ֨ח סַנְבַלַּ֤ט וְגֶ֙שֶׁם֙ אֵלַ֣י לֵאמֹ֔ר לְכָ֞ה וְנִֽוָּעֲדָ֥ה יַחְדָּ֛ו בַּכְּפִירִ֖ים בְּבִקְעַ֣ת אוֹנ֑וֹ וְהֵ֙מָּה֙ חֹֽשְׁבִ֔ים לַעֲשׂ֥וֹת לִ֖י רָעָֽה׃
ספר עזרא/נחמיה ו	ג	__	{{מ:פסוק|נחמיה|ו|ג}}	וָאֶשְׁלְחָ֨ה עֲלֵיהֶ֤ם מַלְאָכִים֙ לֵאמֹ֔ר מְלָאכָ֤ה גְדוֹלָה֙ אֲנִ֣י עֹשֶׂ֔ה וְלֹ֥א אוּכַ֖ל לָרֶ֑דֶת לָ֣מָּה תִשְׁבַּ֤ת הַמְּלָאכָה֙ כַּאֲשֶׁ֣ר אַרְפֶּ֔הָ וְיָרַדְתִּ֖י אֲלֵיכֶֽם׃
ספר עזרא/נחמיה ו	ד	__	{{מ:פסוק|נחמיה|ו|ד}}	וַיִּשְׁלְח֥וּ אֵלַ֛י כַּדָּבָ֥ר הַזֶּ֖ה אַרְבַּ֣ע פְּעָמִ֑ים וָאָשִׁ֥יב אוֹתָ֖ם כַּדָּבָ֥ר הַזֶּֽה׃
ספר עזרא/נחמיה ו	ה	//{{נוסח|{{פפ}}|ל=פרשה סתומה}}//	{{מ:פסוק|נחמיה|ו|ה}}	וַיִּשְׁלַח֩ אֵלַ֨י סַנְבַלַּ֜ט כַּדָּבָ֥ר הַזֶּ֛ה פַּ֥עַם חֲמִישִׁ֖ית אֶֽת־נַעֲר֑וֹ וְאִגֶּ֥רֶת פְּתוּחָ֖ה בְּיָדֽוֹ׃
ספר עזרא/נחמיה ו	ו	__	{{מ:פסוק|נחמיה|ו|ו}}	כָּת֣וּב בָּ֗הּ בַּגּוֹיִ֤ם נִשְׁמָע֙ וְגַשְׁמ֣וּ אֹמֵ֔ר אַתָּ֤ה וְהַיְּהוּדִים֙ חֹשְׁבִ֣ים לִמְר֔וֹד עַל־כֵּ֛ן אַתָּ֥ה בוֹנֶ֖ה הַחוֹמָ֑ה וְאַתָּ֗ה הֹוֶ֤ה לָהֶם֙ לְמֶ֔לֶךְ כַּדְּבָרִ֖ים הָאֵֽלֶּה׃
ספר עזרא/נחמיה ו	ז	__	{{מ:פסוק|נחמיה|ו|ז}}	וְגַם־נְבִיאִ֡ים הֶעֱמַ֣דְתָּ לִקְרֹא֩ עָלֶ֨יךָ בִֽירוּשָׁל{{מ:ירושלם|ַ|֜}}ם לֵאמֹ֗ר מֶ֚לֶךְ בִּֽיהוּדָ֔ה וְעַתָּה֙ יִשָּׁמַ֣ע לַמֶּ֔לֶךְ {{נוסח|כַּדְּבָרִ֖ים|=ל ובדפוסים|הקלדה=כַּדְּבָרִ֣ים (בטעם מונח) בטעות בעקבות BHS.}} הָאֵ֑לֶּה וְעַתָּ֣ה לְכָ֔ה וְנִֽוָּעֲצָ֖ה יַחְדָּֽו׃
ספר עזרא/נחמיה ו	ח	//{{נוסח|{{פפ}}|ל=פרשה סתומה}}//	{{מ:פסוק|נחמיה|ו|ח}}	וָאֶשְׁלְחָ֤ה אֵלָיו֙ לֵאמֹ֔ר לֹ֤א נִֽהְיָה֙ כַּדְּבָרִ֣ים הָאֵ֔לֶּה אֲשֶׁ֖ר אַתָּ֣ה אוֹמֵ֑ר כִּ֥י מִֽלִּבְּךָ֖ אַתָּ֥ה בוֹדָֽאם׃
ספר עזרא/נחמיה ו	ט	__	{{מ:פסוק|נחמיה|ו|ט}}	כִּ֣י כֻלָּ֗ם מְיָֽרְאִ֤ים אוֹתָ֙נוּ֙ לֵאמֹ֔ר יִרְפּ֧וּ יְדֵיהֶ֛ם מִן־הַמְּלָאכָ֖ה וְלֹ֣א תֵעָשֶׂ֑ה וְעַתָּ֖ה חַזֵּ֥ק אֶת־יָדָֽי׃
ספר עזרא/נחמיה ו	י	__	{{מ:פסוק|נחמיה|ו|י}}	וַאֲנִי־בָ֗אתִי בֵּ֣ית שְֽׁמַֽעְיָ֧ה בֶן־דְּלָיָ֛ה בֶּן־מְהֵֽיטַבְאֵ֖ל וְה֣וּא עָצ֑וּר וַיֹּ֡אמֶר נִוָּעֵד֩ אֶל־בֵּ֨ית הָאֱלֹהִ֜ים אֶל־תּ֣וֹךְ הַֽהֵיכָ֗ל וְנִסְגְּרָה֙ דַּלְת֣וֹת הַהֵיכָ֔ל כִּ֚י בָּאִ֣ים לְהׇרְגֶ֔ךָ וְלַ֖יְלָה בָּאִ֥ים לְהׇרְגֶֽךָ׃
ספר עזרא/נחמיה ו	יא	__	{{מ:פסוק|נחמיה|ו|יא}}	"וָאֹמְרָ֗ה הַאִ֤ישׁ כָּמ֙וֹנִי֙ יִבְרָ֔ח וּמִ֥י כָמ֛וֹנִי אֲשֶׁר־{{נוסח|יָבֹ֥א|=ש1ת ומסורת-ל וטברנית|ל=יָב֥וֹא (כתיב מלא וי""ו) וכן בקורן|הערת ברויאר|סימנים, מכון ממרא}} אֶל־הַהֵיכָ֖ל וָחָ֑י לֹ֖א אָבֽוֹא׃"
ספר עזרא/נחמיה ו	יב	__	{{מ:פסוק|נחמיה|ו|יב}}	וָאַכִּ֕ירָה וְהִנֵּ֥ה לֹֽא־אֱלֹהִ֖ים שְׁלָח֑וֹ כִּ֤י הַנְּבוּאָה֙ דִּבֶּ֣ר עָלַ֔י וְטוֹבִיָּ֥ה וְסַנְבַלַּ֖ט שְׂכָרֽוֹ׃
ספר עזרא/נחמיה ו	יג	__	{{מ:פסוק|נחמיה|ו|יג}}	לְמַ֤עַן שָׂכוּר֙ ה֔וּא לְמַֽעַן־אִירָ֥א וְאֶֽעֱשֶׂה־כֵּ֖ן וְחָטָ֑אתִי וְהָיָ֤ה לָהֶם֙ לְשֵׁ֣ם רָ֔ע לְמַ֖עַן יְחָֽרְפֽוּנִי׃
ספר עזרא/נחמיה ו	יד	//{{פפ}}//	{{מ:פסוק|נחמיה|ו|יד}}	זׇכְרָ֧ה אֱלֹהַ֛י לְטוֹבִיָּ֥ה וּלְסַנְבַלַּ֖ט כְּמַעֲשָׂ֣יו אֵ֑לֶּה וְגַ֨ם לְנוֹעַדְיָ֤ה הַנְּבִיאָה֙ וּלְיֶ֣תֶר הַנְּבִיאִ֔ים אֲשֶׁ֥ר הָי֖וּ מְיָֽרְאִ֥ים אוֹתִֽי׃
ספר עזרא/נחמיה ו	טו	__	{{מ:פסוק|נחמיה|ו|טו|סדר=ז}}	וַתִּשְׁלַם֙ הַֽחוֹמָ֔ה בְּעֶשְׂרִ֥ים וַחֲמִשָּׁ֖ה לֶאֱל֑וּל לַחֲמִשִּׁ֥ים וּשְׁנַ֖יִם יֽוֹם׃
ספר עזרא/נחמיה ו	טז	//{{פפ}}//	{{מ:פסוק|נחמיה|ו|טז}}	וַיְהִ֗י כַּאֲשֶׁ֤ר שָֽׁמְעוּ֙ כׇּל־א֣וֹיְבֵ֔ינוּ וַיִּֽרְא֗וּ כׇּל־הַגּוֹיִם֙ אֲשֶׁ֣ר סְבִֽיבֹתֵ֔ינוּ וַיִּפְּל֥וּ מְאֹ֖ד בְּעֵינֵיהֶ֑ם וַיֵּ֣דְע֔וּ כִּ֚י מֵאֵ֣ת אֱלֹהֵ֔ינוּ נֶעֶשְׂתָ֖ה הַמְּלָאכָ֥ה הַזֹּֽאת׃
ספר עזרא/נחמיה ו	יז	__	{{מ:פסוק|נחמיה|ו|יז}}	גַּ֣ם{{מ:לגרמיה}}בַּיָּמִ֣ים הָהֵ֗ם מַרְבִּ֞ים חֹרֵ֤י יְהוּדָה֙ אִגְּרֹ֣תֵיהֶ֔ם הוֹלְכ֖וֹת עַל־טוֹבִיָּ֑ה וַאֲשֶׁ֥ר לְטוֹבִיָּ֖ה בָּא֥וֹת אֲלֵיהֶֽם׃
ספר עזרא/נחמיה ו	יח	__	{{מ:פסוק|נחמיה|ו|יח}}	כִּי־רַבִּ֣ים בִּֽיהוּדָ֗ה בַּעֲלֵ֤י שְׁבוּעָה֙ ל֔וֹ כִּי־חָתָ֥ן ה֖וּא לִשְׁכַנְיָ֣ה בֶן־אָרַ֑ח וִֽיהוֹחָנָ֣ן בְּנ֔וֹ לָקַ֕ח אֶת־בַּת־מְשֻׁלָּ֖ם בֶּ֥ן בֶּֽרֶכְיָֽה׃
ספר עזרא/נחמיה ו	יט	__	{{מ:פסוק|נחמיה|ו|יט}}	"גַּ֣ם טוֹבֹתָ֗יו הָי֤וּ אֹמְרִים֙ לְפָנַ֔י וּדְבָרַ֕י הָי֥וּ מוֹצִיאִ֖ים ל֑וֹ אִגְּר֛וֹת שָׁלַ֥ח טוֹבִיָּ֖ה {{נוסח|לְיָֽרְאֵֽנִי|=ל?ש1 ובדפסוים|ל?=לְיָֽרֲאֵֽנִי (בחטף) לפי ברויאר (בוודאי) ולפי דותן (בספק). ונראה שהצדק עם דותן, כי מעיון בכתי""ל בהגדלה לא נראה שיש קו מובהק לחטף-פתח.|הערות ברויאר ודותן}}׃"
ספר עזרא/נחמיה ו	תתת	<noinclude>//{{תבנית:משתמש:Dovi/טעמי המקרא-סוף}}//{{מ:שוליים-סוף}}//==הפרק בלי מספרים==//{{תבנית:משתמש:Dovi/טעמי המקרא}}//{{#בלי קטע:{{שם הדף המלא}}|סימן}}//{{תבנית:משתמש:Dovi/טעמי המקרא-סוף}}//////{{בסיס-משתמש|שם=משתמש:Dovi/תורה על פי המסורה/ספר עזרא}}//</noinclude>		
ספר עזרא/נחמיה ז	0	<noinclude>{{תבנית:טעמי המקרא באינטרנט}}//{{מ:שוליים|5}}//{{תבנית:משתמש:Dovi/טעמי המקרא}}//</noinclude>		
ספר עזרא/נחמיה ז	א	{{נוסח|{{פפ}}|ל=אין פרשה}}//	{{מ:פסוק|נחמיה|ז|א}}	וַיְהִ֗י כַּאֲשֶׁ֤ר נִבְנְתָה֙ הַחוֹמָ֔ה וָאַעֲמִ֖יד הַדְּלָת֑וֹת {{נוסח|וַיִּפָּ֥קְד֛וּ|=שיטת-א (מרכא בתיבת תביר)|הקלדה=וַיִּפָּֽקְד֛וּ}} הַשּׁוֹעֲרִ֥ים וְהַמְשֹׁרְרִ֖ים וְהַלְוִיִּֽם׃
ספר עזרא/נחמיה ז	ב	__	{{מ:פסוק|נחמיה|ז|ב}}	וָאֲצַוֶּ֞ה אֶת־חֲנָ֣נִי אָחִ֗י וְאֶת־חֲנַנְיָ֛ה שַׂ֥ר הַבִּירָ֖ה עַל־יְרוּשָׁל{{מ:ירושלם|ָ|֑}}ם כִּי־הוּא֙ כְּאִ֣ישׁ אֱמֶ֔ת וְיָרֵ֥א אֶת־הָאֱלֹהִ֖ים מֵרַבִּֽים׃
ספר עזרא/נחמיה ז	ג	__	{{מ:פסוק|נחמיה|ז|ג}}	"{{כו""ק|ויאמר|וָאֹמַ֣ר}} לָהֶ֗ם לֹ֣א יִפָּֽתְח֞וּ שַׁעֲרֵ֤י יְרוּשָׁל{{מ:ירושלם|ַ|֙}}ם֙ עַד־חֹ֣ם הַשֶּׁ֔מֶשׁ וְעַ֨ד הֵ֥ם עֹמְדִ֛ים יָגִ֥יפוּ הַדְּלָת֖וֹת וֶאֱחֹ֑זוּ וְהַעֲמֵ֗יד מִשְׁמְרוֹת֙ יֹשְׁבֵ֣י יְרוּשָׁל{{מ:ירושלם|ַ|֔}}ם אִ֚ישׁ בְּמִשְׁמָר֔וֹ וְאִ֖ישׁ נֶ֥גֶד בֵּיתֽוֹ׃"
ספר עזרא/נחמיה ז	ד	__	{{מ:פסוק|נחמיה|ז|ד}}	"וְהָעִ֞יר רַחֲבַ֤ת יָדַ֙יִם֙ {{נוסח|וּגְדֹלָ֔ה|=ש1ת ומסורת-ל ומ""ש|ל=וּגְדוֹלָ֔ה (כתיב מלא וי""ו)|הערת ברויאר|קורן, סימנים, מכון ממרא}} וְהָעָ֥ם מְעַ֖ט בְּתוֹכָ֑הּ וְאֵ֥ין בָּתִּ֖ים בְּנוּיִֽם׃"
ספר עזרא/נחמיה ז	ה	__	{{מ:פסוק|נחמיה|ז|ה}}	וַיִּתֵּ֤ן אֱלֹהַי֙ אֶל־לִבִּ֔י וָאֶקְבְּצָ֞ה אֶת־הַחֹרִ֧ים וְאֶת־הַסְּגָנִ֛ים וְאֶת־הָעָ֖ם לְהִתְיַחֵ֑שׂ וָֽאֶמְצָ֗א סֵ֤פֶר הַיַּ֙חַשׂ֙ הָעוֹלִ֣ים בָּרִאשׁוֹנָ֔ה וָאֶמְצָ֖א כָּת֥וּב בּֽוֹ׃
ספר עזרא/נחמיה ז	ו	//{{פפ}}//	{{מ:פסוק|נחמיה|ז|ו}}	אֵ֣לֶּה{{מ:לגרמיה}}בְּנֵ֣י הַמְּדִינָ֗ה הָעֹלִים֙ מִשְּׁבִ֣י הַגּוֹלָ֔ה אֲשֶׁ֣ר הֶגְלָ֔ה נְבוּכַדְנֶצַּ֖ר מֶ֣לֶךְ בָּבֶ֑ל וַיָּשׁ֧וּבוּ לִֽירוּשָׁל{{מ:ירושלם|ַ|֛}}ם וְלִיהוּדָ֖ה אִ֥ישׁ לְעִירֽוֹ׃
ספר עזרא/נחמיה ז	ז	__	{{מ:פסוק|נחמיה|ז|ז}}	הַבָּאִ֣ים עִם־זְרֻבָּבֶ֗ל יֵשׁ֡וּעַ נְחֶמְיָ֡ה עֲ֠זַרְיָ֠ה רַֽעַמְיָ֨ה נַחֲמָ֜נִי מָרְדֳּכַ֥י בִּלְשָׁ֛ן מִסְפֶּ֥רֶת בִּגְוַ֖י נְח֣וּם בַּעֲנָ֑ה מִסְפַּ֕ר אַנְשֵׁ֖י עַ֥ם יִשְׂרָאֵֽל׃
ספר עזרא/נחמיה ז	ח	{{ססס}}	{{מ:פסוק|נחמיה|ז|ח}}	בְּנֵ֣י פַרְעֹ֔שׁ אַלְפַּ֕יִם מֵאָ֖ה וְשִׁבְעִ֥ים וּשְׁנָֽיִם׃
ספר עזרא/נחמיה ז	ט	{{ססס}}	{{מ:פסוק|נחמיה|ז|ט}}	בְּנֵ֣י שְׁפַטְיָ֔ה שְׁלֹ֥שׁ מֵא֖וֹת שִׁבְעִ֥ים וּשְׁנָֽיִם׃
ספר עזרא/נחמיה ז	י	{{ססס}}	{{מ:פסוק|נחמיה|ז|י}}	בְּנֵ֣י אָרַ֔ח שֵׁ֥שׁ מֵא֖וֹת חֲמִשִּׁ֥ים וּשְׁנָֽיִם׃
ספר עזרא/נחמיה ז	יא	{{ססס}}	{{מ:פסוק|נחמיה|ז|יא}}	בְּנֵֽי־פַחַ֥ת מוֹאָ֛ב לִבְנֵ֥י יֵשׁ֖וּעַ וְיוֹאָ֑ב אַלְפַּ֕יִם וּשְׁמֹנֶ֥ה מֵא֖וֹת שְׁמֹנָ֥ה עָשָֽׂר׃
ספר עזרא/נחמיה ז	יב	{{ססס}}	{{מ:פסוק|נחמיה|ז|יב}}	בְּנֵ֣י עֵילָ֔ם אֶ֕לֶף מָאתַ֖יִם חֲמִשִּׁ֥ים וְאַרְבָּעָֽה׃
ספר עזרא/נחמיה ז	יג	{{ססס}}	{{מ:פסוק|נחמיה|ז|יג}}	בְּנֵ֣י זַתּ֔וּא שְׁמֹנֶ֥ה מֵא֖וֹת אַרְבָּעִ֥ים וַחֲמִשָּֽׁה׃
ספר עזרא/נחמיה ז	יד	{{ססס}}	{{מ:פסוק|נחמיה|ז|יד}}	בְּנֵ֣י זַכָּ֔י שְׁבַ֥ע מֵא֖וֹת וְשִׁשִּֽׁים׃
ספר עזרא/נחמיה ז	טו	{{ססס}}	{{מ:פסוק|נחמיה|ז|טו}}	בְּנֵ֣י בִנּ֔וּי שֵׁ֥שׁ מֵא֖וֹת אַרְבָּעִ֥ים וּשְׁמֹנָֽה׃
ספר עזרא/נחמיה ז	טז	{{ססס}}	{{מ:פסוק|נחמיה|ז|טז}}	בְּנֵ֣י בֵבָ֔י שֵׁ֥שׁ מֵא֖וֹת עֶשְׂרִ֥ים וּשְׁמֹנָֽה׃
ספר עזרא/נחמיה ז	יז	{{ססס}}	{{מ:פסוק|נחמיה|ז|יז}}	בְּנֵ֣י עַזְגָּ֔ד אַלְפַּ֕יִם שְׁלֹ֥שׁ מֵא֖וֹת עֶשְׂרִ֥ים וּשְׁנָֽיִם׃
ספר עזרא/נחמיה ז	יח	{{ססס}}	{{מ:פסוק|נחמיה|ז|יח}}	בְּנֵי֙ אֲדֹ֣נִיקָ֔ם שֵׁ֥שׁ מֵא֖וֹת שִׁשִּׁ֥ים וְשִׁבְעָֽה׃
ספר עזרא/נחמיה ז	יט	{{ססס}}	{{מ:פסוק|נחמיה|ז|יט}}	בְּנֵ֣י בִגְוָ֔י אַלְפַּ֖יִם שִׁשִּׁ֥ים וְשִׁבְעָֽה׃
ספר עזרא/נחמיה ז	כ	{{ססס}}	{{מ:פסוק|נחמיה|ז|כ}}	בְּנֵ֣י עָדִ֔ין שֵׁ֥שׁ מֵא֖וֹת חֲמִשִּׁ֥ים וַחֲמִשָּֽׁה׃
ספר עזרא/נחמיה ז	כא	{{ססס}}	{{מ:פסוק|נחמיה|ז|כא}}	בְּנֵֽי־אָטֵ֥ר לְחִזְקִיָּ֖ה תִּשְׁעִ֥ים וּשְׁמֹנָֽה׃
ספר עזרא/נחמיה ז	כב	{{ססס}}	{{מ:פסוק|נחמיה|ז|כב}}	בְּנֵ֣י חָשֻׁ֔ם שְׁלֹ֥שׁ מֵא֖וֹת עֶשְׂרִ֥ים וּשְׁמֹנָֽה׃
ספר עזרא/נחמיה ז	כג	{{ססס}}	{{מ:פסוק|נחמיה|ז|כג}}	בְּנֵ֣י בֵצָ֔י שְׁלֹ֥שׁ מֵא֖וֹת עֶשְׂרִ֥ים וְאַרְבָּעָֽה׃
ספר עזרא/נחמיה ז	כד	{{ססס}}	{{מ:פסוק|נחמיה|ז|כד}}	בְּנֵ֣י חָרִ֔יף מֵאָ֖ה שְׁנֵ֥ים עָשָֽׂר׃
ספר עזרא/נחמיה ז	כה	{{ססס}}	{{מ:פסוק|נחמיה|ז|כה}}	בְּנֵ֥י גִבְע֖וֹן תִּשְׁעִ֥ים וַחֲמִשָּֽׁה׃
ספר עזרא/נחמיה ז	כו	{{ססס}}	{{מ:פסוק|נחמיה|ז|כו}}	אַנְשֵׁ֤י בֵֽית־לֶ֙חֶם֙ וּנְטֹפָ֔ה מֵאָ֖ה שְׁמֹנִ֥ים וּשְׁמֹנָֽה׃
ספר עזרא/נחמיה ז	כז	{{ססס}}	{{מ:פסוק|נחמיה|ז|כז}}	אַנְשֵׁ֣י עֲנָת֔וֹת מֵאָ֖ה עֶשְׂרִ֥ים וּשְׁמֹנָֽה׃
ספר עזרא/נחמיה ז	כח	{{ססס}}	{{מ:פסוק|נחמיה|ז|כח}}	אַנְשֵׁ֥י בֵית־עַזְמָ֖וֶת אַרְבָּעִ֥ים וּשְׁנָֽיִם׃
ספר עזרא/נחמיה ז	כט	{{ססס}}	{{מ:פסוק|נחמיה|ז|כט}}	אַנְשֵׁ֨י קִרְיַ֤ת יְעָרִים֙ כְּפִירָ֣ה וּבְאֵר֔וֹת שְׁבַ֥ע מֵא֖וֹת אַרְבָּעִ֥ים וּשְׁלֹשָֽׁה׃
ספר עזרא/נחמיה ז	ל	{{ססס}}	{{מ:פסוק|נחמיה|ז|ל}}	אַנְשֵׁ֤י הָֽרָמָה֙ וָגָ֔בַע שֵׁ֥שׁ מֵא֖וֹת עֶשְׂרִ֥ים וְאֶחָֽד׃
ספר עזרא/נחמיה ז	לא	{{ססס}}	{{מ:פסוק|נחמיה|ז|לא}}	אַנְשֵׁ֣י מִכְמָ֔ס מֵאָ֖ה וְעֶשְׂרִ֥ים וּשְׁנָֽיִם׃
ספר עזרא/נחמיה ז	לב	{{ססס}}	{{מ:פסוק|נחמיה|ז|לב}}	אַנְשֵׁ֤י בֵֽית־אֵל֙ וְהָעָ֔י מֵאָ֖ה עֶשְׂרִ֥ים וּשְׁלֹשָֽׁה׃
ספר עזרא/נחמיה ז	לג	{{ססס}}	{{מ:פסוק|נחמיה|ז|לג}}	אַנְשֵׁ֥י נְב֛וֹ אַחֵ֖ר חֲמִשִּׁ֥ים וּשְׁנָֽיִם׃
ספר עזרא/נחמיה ז	לד	{{ססס}}	{{מ:פסוק|נחמיה|ז|לד}}	בְּנֵי֙ עֵילָ֣ם אַחֵ֔ר אֶ֕לֶף מָאתַ֖יִם חֲמִשִּׁ֥ים וְאַרְבָּעָֽה׃
ספר עזרא/נחמיה ז	לה	{{ססס}}	{{מ:פסוק|נחמיה|ז|לה}}	בְּנֵ֣י חָרִ֔ם שְׁלֹ֥שׁ מֵא֖וֹת וְעֶשְׂרִֽים׃
ספר עזרא/נחמיה ז	לו	{{ססס}}	{{מ:פסוק|נחמיה|ז|לו}}	בְּנֵ֣י יְרֵח֔וֹ שְׁלֹ֥שׁ מֵא֖וֹת אַרְבָּעִ֥ים וַחֲמִשָּֽׁה׃
ספר עזרא/נחמיה ז	לז	{{ססס}}	{{מ:פסוק|נחמיה|ז|לז}}	"בְּנֵי־לֹד֙ חָדִ֣יד {{נוסח|וְאֹנ֔וֹ|=ת ומסורת-ל וטברנית|ל=וְאוֹנ֔וֹ (כתיב מלא וי""ו)|הערת ברויאר|קורן, סימנים, מכון ממרא}} שְׁבַ֥ע מֵא֖וֹת וְעֶשְׂרִ֥ים וְאֶחָֽד׃"
ספר עזרא/נחמיה ז	לח	{{ססס}}	{{מ:פסוק|נחמיה|ז|לח}}	בְּנֵ֣י סְנָאָ֔ה שְׁלֹ֣שֶׁת אֲלָפִ֔ים תְּשַׁ֥ע מֵא֖וֹת וּשְׁלֹשִֽׁים׃
ספר עזרא/נחמיה ז	לט	//{{פפ}}//	{{מ:פסוק|נחמיה|ז|לט}}	הַֽכֹּהֲנִ֑ים בְּנֵ֤י יְדַֽעְיָה֙ לְבֵ֣ית יֵשׁ֔וּעַ תְּשַׁ֥ע מֵא֖וֹת שִׁבְעִ֥ים וּשְׁלֹשָֽׁה׃
ספר עזרא/נחמיה ז	מ	{{ססס}}	{{מ:פסוק|נחמיה|ז|מ}}	בְּנֵ֣י אִמֵּ֔ר אֶ֖לֶף חֲמִשִּׁ֥ים וּשְׁנָֽיִם׃
ספר עזרא/נחמיה ז	מא	{{ססס}}	{{מ:פסוק|נחמיה|ז|מא}}	בְּנֵ֣י פַשְׁח֔וּר אֶ֕לֶף מָאתַ֖יִם אַרְבָּעִ֥ים וְשִׁבְעָֽה׃
ספר עזרא/נחמיה ז	מב	{{ססס}}	{{מ:פסוק|נחמיה|ז|מב}}	בְּנֵ֣י חָרִ֔ם אֶ֖לֶף שִׁבְעָ֥ה עָשָֽׂר׃
ספר עזרא/נחמיה ז	מג	//{{נוסח|{{סס}}|ל=פרשה פתוחה|ראויה כאן צורה זו של פרשה לעניין חדש; והשוו את צורת הרווח בעזרא פרק ב'.}}	{{מ:פסוק|נחמיה|ז|מג}}	הַלְוִיִּ֑ם {{נוסח|בְּנֵֽי־יֵשׁ֧וּעַ|=דפוסים|ל=בְּנֵֽי־יֵשׁ֧וּע (חסר פתח גנוב)|הערות ברויאר ודותן}} לְקַדְמִיאֵ֛ל לִבְנֵ֥י לְהוֹדְוָ֖ה שִׁבְעִ֥ים וְאַרְבָּעָֽה׃
ספר עזרא/נחמיה ז	מד	{{ססס}}	{{מ:פסוק|נחמיה|ז|מד}}	הַֽמְשֹׁרְרִ֑ים בְּנֵ֣י אָסָ֔ף מֵאָ֖ה אַרְבָּעִ֥ים וּשְׁמֹנָֽה׃
ספר עזרא/נחמיה ז	מה	{{ססס}}	{{מ:פסוק|נחמיה|ז|מה}}	"הַשֹּֽׁעֲרִ֗ים בְּנֵֽי־{{נוסח|שַׁלֻּ֤ם|=ת ומסורת-ל|ל=שַׁלּ֤וּם (כתיב מלא וי""ו)|הערת ברויאר|קורן, סימנים, מכון ממרא}} בְּנֵֽי־אָטֵר֙ בְּנֵֽי־טַלְמֹ֣ן בְּנֵֽי־עַקּ֔וּב בְּנֵ֥י חֲטִיטָ֖א בְּנֵ֣י שֹׁבָ֑י מֵאָ֖ה שְׁלֹשִׁ֥ים וּשְׁמֹנָֽה׃"
ספר עזרא/נחמיה ז	מו	//{{נוסח|{{פפ}}|ל=פרשה סתומה}}//	{{מ:פסוק|נחמיה|ז|מו}}	הַנְּתִינִ֑ים בְּנֵי־צִחָ֥א בְנֵי־חֲשֻׂפָ֖א בְּנֵ֥י טַבָּעֽוֹת׃
ספר עזרא/נחמיה ז	מז	"{{נוסח|{{ססס}}|בכתי""ל אין פרשות בכל רשימת הנתינים, וכולם נכתבים ברציפות אחת; אבל הסופר הקפיד שהמילה ""בני"" תופיע בסוף השורה החל מהשמות שנכתבו מראש הטור השלישי (מ""חֲקוּפָ֖א"" בפסוק נ""ג והלאה).}}"	{{מ:פסוק|נחמיה|ז|מז}}	בְּנֵי־קֵירֹ֥ס בְּנֵי־סִיעָ֖א בְּנֵ֥י פָדֽוֹן׃
ספר עזרא/נחמיה ז	מח	{{ססס}}	{{מ:פסוק|נחמיה|ז|מח}}	"בְּנֵי־לְבָנָ֥ה בְנֵי־{{נוסח|חֲגָבָ֖א|=ת ומסורת טברנית|ל=חֲגָבָ֖ה (כתיב ה""א)|הערת ברויאר|קורן, סימנים, מכון ממרא}} בְּנֵ֥י שַׁלְמָֽי׃"
ספר עזרא/נחמיה ז	מט	{{ססס}}	{{מ:פסוק|נחמיה|ז|מט}}	בְּנֵי־חָנָ֥ן בְּנֵי־גִדֵּ֖ל בְּנֵי־גָֽחַר׃
ספר עזרא/נחמיה ז	נ	{{ססס}}	{{מ:פסוק|נחמיה|ז|נ}}	בְּנֵי־רְאָיָ֥ה בְנֵי־רְצִ֖ין בְּנֵ֥י נְקוֹדָֽא׃
ספר עזרא/נחמיה ז	נא	{{ססס}}	{{מ:פסוק|נחמיה|ז|נא}}	בְּנֵי־גַזָּ֥ם בְּנֵי־עֻזָּ֖א בְּנֵ֥י פָסֵֽחַ׃
ספר עזרא/נחמיה ז	נב	{{ססס}}	{{מ:פסוק|נחמיה|ז|נב}}	"בְּנֵי־בֵסַ֥י בְּנֵי־מְעוּנִ֖ים בְּנֵ֥י {{כו""ק|נפושסים|נְפִֽישְׁסִֽים}}׃"
ספר עזרא/נחמיה ז	נג	{{ססס}}	{{מ:פסוק|נחמיה|ז|נג}}	בְּנֵי־בַקְבּ֥וּק בְּנֵֽי־חֲקוּפָ֖א בְּנֵ֥י חַרְחֽוּר׃
ספר עזרא/נחמיה ז	נד	{{ססס}}	{{מ:פסוק|נחמיה|ז|נד}}	בְּנֵי־בַצְלִ֥ית בְּנֵֽי־מְחִידָ֖א בְּנֵ֥י חַרְשָֽׁא׃
ספר עזרא/נחמיה ז	נה	{{ססס}}	{{מ:פסוק|נחמיה|ז|נה}}	בְּנֵי־בַרְק֥וֹס בְּֽנֵי־סִֽיסְרָ֖א בְּנֵי־תָֽמַח׃
ספר עזרא/נחמיה ז	נו	{{ססס}}	{{מ:פסוק|נחמיה|ז|נו}}	בְּנֵ֥י נְצִ֖יחַ בְּנֵ֥י חֲטִיפָֽא׃
ספר עזרא/נחמיה ז	נז	{{ססס}}	{{מ:פסוק|נחמיה|ז|נז}}	"בְּנֵ֖י עַבְדֵ֣י שְׁלֹמֹ֑ה בְּנֵי־סוֹטַ֥י בְּנֵי־{{נוסח|סֹפֶ֖רֶת|=ת ומסורת טברנית|ל=סוֹפֶ֖רֶת (כתיב מלא וי""ו)|הערת ברויאר|קורן, סימנים, מכון ממרא}} בְּנֵ֥י פְרִידָֽא׃"
ספר עזרא/נחמיה ז	נח	{{ססס}}	{{מ:פסוק|נחמיה|ז|נח}}	בְּנֵי־יַעְלָ֥א בְנֵי־דַרְק֖וֹן בְּנֵ֥י גִדֵּֽל׃
ספר עזרא/נחמיה ז	נט	{{ססס}}	{{מ:פסוק|נחמיה|ז|נט}}	בְּנֵ֧י שְׁפַטְיָ֣ה בְנֵֽי־חַטִּ֗יל{{פסקא באמצע פסוק|{{ססס}}|נחמיה ז נט}}בְּנֵ֛י פֹּכֶ֥רֶת הַצְּבָיִ֖ים בְּנֵ֥י אָמֽוֹן׃
ספר עזרא/נחמיה ז	ס	{{ססס}}	{{מ:פסוק|נחמיה|ז|ס}}	{{נוסח|כׇּ֨ל־הַנְּתִינִ֔ים|=שיטת-א ובדפוסים|ל=כָּל־הַ֨נְּתִינִ֔ים (מקום המתיגה)|הערת ברויאר}} וּבְנֵ֖י עַבְדֵ֣י שְׁלֹמֹ֑ה שְׁלֹ֥שׁ מֵא֖וֹת תִּשְׁעִ֥ים וּשְׁנָֽיִם׃
ספר עזרא/נחמיה ז	סא	//{{פפ}}//	{{מ:פסוק|נחמיה|ז|סא}}	"וְאֵ֗לֶּה הָֽעוֹלִים֙ מִתֵּ֥ל מֶ֙לַח֙ תֵּ֣ל חַרְשָׁ֔א כְּר֥וּב אַדּ֖וֹן וְאִמֵּ֑ר וְלֹ֣א יָכְל֗וּ לְהַגִּ֤יד בֵּית־{{נוסח|אֲבֹתָם֙|=ת ומסורת-ל וטברנית|ל=אֲבוֹתָם֙ (כתיב מלא וי""ו)|הערת ברויאר|קורן, סימנים, מכון ממרא}} וְזַרְעָ֔ם אִ֥ם מִיִּשְׂרָאֵ֖ל הֵֽם׃"
ספר עזרא/נחמיה ז	סב	{{נוסח|{{ססס}}|ל=אין פרשה}}	{{מ:פסוק|נחמיה|ז|סב}}	בְּנֵי־דְלָיָ֥ה בְנֵֽי־טוֹבִיָּ֖ה בְּנֵ֣י נְקוֹדָ֑א שֵׁ֥שׁ מֵא֖וֹת וְאַרְבָּעִ֥ים וּשְׁנָֽיִם׃
ספר עזרא/נחמיה ז	סג	//{{נוסח|{{פפ}}|ל=פרשה סתומה}}//	{{מ:פסוק|נחמיה|ז|סג}}	וּמִן־הַכֹּ֣הֲנִ֔ים בְּנֵ֥י חֳבַיָּ֖ה בְּנֵ֣י הַקּ֑וֹץ בְּנֵ֣י בַרְזִלַּ֗י אֲשֶׁ֣ר לָ֠קַ֠ח מִבְּנ֞וֹת בַּרְזִלַּ֤י הַגִּלְעָדִי֙ אִשָּׁ֔ה וַיִּקָּרֵ֖א עַל־שְׁמָֽם׃
ספר עזרא/נחמיה ז	סד	__	{{מ:פסוק|נחמיה|ז|סד}}	אֵ֗לֶּה בִּקְשׁ֧וּ כְתָבָ֛ם הַמִּתְיַחְשִׂ֖ים וְלֹ֣א נִמְצָ֑א וַיְגֹֽאֲל֖וּ מִן־הַכְּהֻנָּֽה׃
ספר עזרא/נחמיה ז	סה	__	{{מ:פסוק|נחמיה|ז|סה}}	"וַיֹּ֤אמֶר הַתִּרְשָׁ֙תָא֙ לָהֶ֔ם אֲשֶׁ֥ר לֹא־יֹאכְל֖וּ מִקֹּ֣דֶשׁ הַקֳּדָשִׁ֑ים עַ֛ד עֲמֹ֥ד הַכֹּהֵ֖ן לְאוּרִ֥ים {{נוסח|וְתֻמִּֽים|=ש1ת ובדפוסים|ל=וְתוּמִּֽים (כתיב מלא וי""ו)|קורן, סימנים, מכון ממרא}}׃"
ספר עזרא/נחמיה ז	סו	__	{{מ:פסוק|נחמיה|ז|סו}}	כׇּל־הַקָּהָ֖ל כְּאֶחָ֑ד אַרְבַּ֣ע רִבּ֔וֹא אַלְפַּ֖יִם שְׁלֹשׁ־מֵא֥וֹת וְשִׁשִּֽׁים׃
ספר עזרא/נחמיה ז	סז	__	{{מ:פסוק|נחמיה|ז|סז}}	מִ֠לְּבַ֠ד עַבְדֵיהֶ֤ם וְאַמְהֹֽתֵיהֶם֙ אֵ֔לֶּה שִׁבְעַ֣ת אֲלָפִ֔ים שְׁלֹ֥שׁ מֵא֖וֹת שְׁלֹשִׁ֣ים וְשִׁבְעָ֑ה וְלָהֶ֗ם {{נוסח|מְשֹֽׁרְרִים֙|=ש1 ובדפוסים|ל=מְשֹֽׁרֲרִים֙ (חטף)|הערת ברויאר}} {{נוסח|וּמְשֹׁ֣רְר֔וֹת|=ש1 ובדפוסים|ל=וּמְשֹׁ֣רֲר֔וֹת (חטף)|הערת ברויאר}} מָאתַ֖יִם וְאַרְבָּעִ֥ים וַחֲמִשָּֽׁה׃
ספר עזרא/נחמיה ז	סח	{{ססס}}	{{מ:פסוק|נחמיה|ז|סח}}	גְּמַלִּ֕ים אַרְבַּ֥ע מֵא֖וֹת שְׁלֹשִׁ֣ים וַחֲמִשָּׁ֑ה {{נוסח||ל=פרשה סתומה (פסקא באמצע פסוק)}}חֲמֹרִ֕ים שֵׁ֣שֶׁת אֲלָפִ֔ים שְׁבַ֥ע מֵא֖וֹת וְעֶשְׂרִֽים׃
ספר עזרא/נחמיה ז	סט	__	{{מ:פסוק|נחמיה|ז|סט}}	וּמִקְצָת֙ רָאשֵׁ֣י {{נוסח|הָֽאָב֔וֹת|ל=הָֽאָב֔וֹת בגעיה ימנית}} נָתְנ֖וּ לַמְּלָאכָ֑ה הַתִּרְשָׁ֜תָא נָתַ֣ן לָאוֹצָ֗ר זָהָ֞ב דַּרְכְּמֹנִ֥ים אֶ֙לֶף֙ מִזְרָק֣וֹת חֲמִשִּׁ֔ים כׇּתְנוֹת֙ כֹּֽהֲנִ֔ים שְׁלֹשִׁ֖ים וַחֲמֵ֥שׁ מֵאֽוֹת׃
ספר עזרא/נחמיה ז	ע	__	{{מ:פסוק|נחמיה|ז|ע}}	וּמֵֽרָאשֵׁ֣י הָֽאָב֗וֹת נָֽתְנוּ֙ לְאוֹצַ֣ר הַמְּלָאכָ֔ה זָהָ֕ב דַּרְכְּמוֹנִ֖ים שְׁתֵּ֣י רִבּ֑וֹת וְכֶ֕סֶף מָנִ֖ים אַלְפַּ֥יִם וּמָאתָֽיִם׃
ספר עזרא/נחמיה ז	עא	__	{{מ:פסוק|נחמיה|ז|עא}}	"וַאֲשֶׁ֣ר נָתְנוּ֮ שְׁאֵרִ֣ית הָעָם֒ זָהָ֗ב {{נוסח|דַּרְכְּמֹנִים֙|=ש1ת ומסורת-ל וטבנריות|ל=דַּרְכְּמוֹנִים֙ (כתיב מלא וי""ו)|הערת ברויאר|קורן, סימנים, מכון ממרא}} שְׁתֵּ֣י רִבּ֔וֹא וְכֶ֖סֶף מָנִ֣ים אַלְפָּ֑יִם וְכׇתְנֹ֥ת כֹּֽהֲנִ֖ים שִׁשִּׁ֥ים וְשִׁבְעָֽה׃"
ספר עזרא/נחמיה ז	עב	{{נוסח|__|ל=פרשה פתוחה}}	{{מ:פסוק|נחמיה|ז|עב}}	וַיֵּשְׁב֣וּ הַכֹּהֲנִ֣ים וְהַלְוִיִּ֡ם וְהַשּׁוֹעֲרִים֩ וְהַמְשֹׁרְרִ֨ים וּמִן־הָעָ֧ם וְהַנְּתִינִ֛ים וְכׇל־יִשְׂרָאֵ֖ל בְּעָרֵיהֶ֑ם{{פסקא באמצע פסוק|{{סס}}|נחמיה ז עב|ל=אין פרשה (אבל יש קצת רווח שמִלא אותו הסופר בשתי נקודות}}וַיִּגַּע֙ הַחֹ֣דֶשׁ הַשְּׁבִיעִ֔י וּבְנֵ֥י יִשְׂרָאֵ֖ל בְּעָרֵיהֶֽם׃
ספר עזרא/נחמיה ז	תתת	<noinclude>//{{תבנית:משתמש:Dovi/טעמי המקרא-סוף}}//{{מ:שוליים-סוף}}//==הפרק בלי מספרים==//{{תבנית:משתמש:Dovi/טעמי המקרא}}//{{#בלי קטע:{{שם הדף המלא}}|סימן}}//{{תבנית:משתמש:Dovi/טעמי המקרא-סוף}}//////{{בסיס-משתמש|שם=משתמש:Dovi/תורה על פי המסורה/ספר עזרא}}//</noinclude>		
ספר עזרא/נחמיה ח	0	<noinclude>{{תבנית:טעמי המקרא באינטרנט}}//{{מ:שוליים|5}}//{{תבנית:משתמש:Dovi/טעמי המקרא}}//</noinclude>		
ספר עזרא/נחמיה ח	א	{{מ:אין פרשה בתחילת פרק}}	{{מ:פסוק|נחמיה|ח|א}}	וַיֵּאָסְפ֤וּ כׇל־הָעָם֙ כְּאִ֣ישׁ אֶחָ֔ד אֶל־הָ֣רְח֔וֹב אֲשֶׁ֖ר לִפְנֵ֣י שַֽׁעַר־הַמָּ֑יִם וַיֹּֽאמְרוּ֙ לְעֶזְרָ֣א הַסֹּפֵ֔ר לְהָבִ֗יא אֶת־סֵ֙פֶר֙ תּוֹרַ֣ת מֹשֶׁ֔ה אֲשֶׁר־צִוָּ֥ה יְהֹוָ֖ה אֶת־יִשְׂרָאֵֽל׃
ספר עזרא/נחמיה ח	ב	__	{{מ:פסוק|נחמיה|ח|ב}}	וַיָּבִ֣יא עֶזְרָ֣א הַ֠כֹּהֵ֠ן אֶֽת־הַתּוֹרָ֞ה לִפְנֵ֤י הַקָּהָל֙ מֵאִ֣ישׁ וְעַד־אִשָּׁ֔ה וְכֹ֖ל מֵבִ֣ין לִשְׁמֹ֑עַ בְּי֥וֹם אֶחָ֖ד לַחֹ֥דֶשׁ הַשְּׁבִיעִֽי׃
ספר עזרא/נחמיה ח	ג	__	{{מ:פסוק|נחמיה|ח|ג}}	וַיִּקְרָא־בוֹ֩ לִפְנֵ֨י הָרְח֜וֹב אֲשֶׁ֣ר{{מ:לגרמיה}}לִפְנֵ֣י שַֽׁעַר־הַמַּ֗יִם מִן־הָאוֹר֙ עַד־מַחֲצִ֣ית הַיּ֔וֹם נֶ֛גֶד הָאֲנָשִׁ֥ים וְהַנָּשִׁ֖ים וְהַמְּבִינִ֑ים וְאׇזְנֵ֥י כׇל־הָעָ֖ם אֶל־סֵ֥פֶר הַתּוֹרָֽה׃
ספר עזרא/נחמיה ח	ד	__	{{מ:פסוק|נחמיה|ח|ד}}	{{נוסח|וַֽיַּעֲמֹ֞ד|ל=וַֽיַּעֲמֹ֞ד בגעיה ימנית}} עֶזְרָ֣א הַסֹּפֵ֗ר עַֽל־מִגְדַּל־עֵץ֮ אֲשֶׁ֣ר עָשׂ֣וּ לַדָּבָר֒ וַיַּֽעֲמֹ֣ד אֶצְל֡וֹ מַתִּתְיָ֡ה וְשֶׁ֡מַע וַ֠עֲנָיָ֠ה וְאוּרִיָּ֧ה וְחִלְקִיָּ֛ה וּמַעֲשֵׂיָ֖ה עַל־יְמִינ֑וֹ וּמִשְּׂמֹאל֗וֹ פְּ֠דָיָ֠ה וּמִֽישָׁאֵ֧ל וּמַלְכִּיָּ֛ה וְחָשֻׁ֥ם וְחַשְׁבַּדָּ֖נָה זְכַרְיָ֥ה מְשֻׁלָּֽם׃
ספר עזרא/נחמיה ח	ה	//{{פפ}}//	{{מ:פסוק|נחמיה|ח|ה}}	וַיִּפְתַּ֨ח עֶזְרָ֤א הַסֵּ֙פֶר֙ לְעֵינֵ֣י כׇל־הָעָ֔ם כִּֽי־מֵעַ֥ל כׇּל־הָעָ֖ם הָיָ֑ה וּכְפִתְח֖וֹ עָֽמְד֥וּ כׇל־הָעָֽם׃
ספר עזרא/נחמיה ח	ו	__	{{מ:פסוק|נחמיה|ח|ו}}	"וַיְבָ֣רֶךְ עֶזְרָ֔א אֶת־יְהֹוָ֥ה הָאֱלֹהִ֖ים הַגָּד֑וֹל וַיַּֽעֲנ֨וּ כׇל־הָעָ֜ם אָמֵ֤ן{{מ:פסק}}אָמֵן֙ בְּמֹ֣עַל יְדֵיהֶ֔ם וַיִּקְּד֧וּ {{נוסח|וַיִּֽשְׁתַּחֲו֛וּ|=ש1ת ומסורה ובדפוסים|ל=וַיִּֽשְׁתַּחֲוֻּ֛ (חסרה וי""ו!)|הערות ברויאר ודותן}} לַיהֹוָ֖ה אַפַּ֥יִם אָֽרְצָה׃"
ספר עזרא/נחמיה ח	ז	__	{{מ:פסוק|נחמיה|ח|ז}}	וְיֵשׁ֡וּעַ וּבָנִ֡י {{נוסח|וְשֵׁרֵ֥בְיָ֣ה{{מ:לגרמיה}}יָמִ֡ין|על קו לגרמיה ביחידה פשוטה המסתיימת בפזר ראו ברויאר, טעמי המקרא, ד.19 (עמ' 118); ו.12 (עמ' 141); והשוו דניאל ג,ב.}} עַקּ֡וּב שַׁבְּתַ֣י{{מ:פסק}}הֽוֹדִיָּ֡ה מַעֲשֵׂיָ֡ה קְלִיטָ֣א עֲזַרְיָה֩ יוֹזָבָ֨ד חָנָ֤ן פְּלָאיָה֙ וְהַלְוִיִּ֔ם מְבִינִ֥ים אֶת־הָעָ֖ם לַתּוֹרָ֑ה וְהָעָ֖ם עַל־עׇמְדָֽם׃
ספר עזרא/נחמיה ח	ח	__	{{מ:פסוק|נחמיה|ח|ח}}	וַֽיִּקְרְא֥וּ בַסֵּ֛פֶר בְּתוֹרַ֥ת הָאֱלֹהִ֖ים מְפֹרָ֑שׁ וְשׂ֣וֹם שֶׂ֔כֶל וַיָּבִ֖ינוּ בַּמִּקְרָֽא׃
ספר עזרא/נחמיה ח	ט	//{{נוסח|{{פפ}}|ל=פרשה סתומה}}//	{{מ:פסוק|נחמיה|ח|ט}}	וַיֹּ֣אמֶר נְחֶמְיָ֣ה ה֣וּא הַתִּרְשָׁ֡תָא וְעֶזְרָ֣א הַכֹּהֵ֣ן{{מ:פסק}}הַסֹּפֵ֡ר וְהַלְוִיִּם֩ הַמְּבִינִ֨ים אֶת־הָעָ֜ם לְכׇל־הָעָ֗ם הַיּ֤וֹם קָדֹֽשׁ־הוּא֙ לַיהֹוָ֣ה אֱלֹהֵיכֶ֔ם אַל־תִּֽתְאַבְּל֖וּ וְאַל־תִּבְכּ֑וּ כִּ֤י בוֹכִים֙ כׇּל־הָעָ֔ם כְּשׇׁמְעָ֖ם אֶת־דִּבְרֵ֥י הַתּוֹרָֽה׃
ספר עזרא/נחמיה ח	י	__	{{מ:פסוק|נחמיה|ח|י|סדר=ח}}	וַיֹּ֣אמֶר לָהֶ֡ם לְכוּ֩ אִכְל֨וּ מַשְׁמַנִּ֜ים וּשְׁת֣וּ מַֽמְתַקִּ֗ים וְשִׁלְח֤וּ מָנוֹת֙ לְאֵ֣ין נָכ֣וֹן ל֔וֹ כִּֽי־קָד֥וֹשׁ הַיּ֖וֹם לַאֲדֹנֵ֑ינוּ וְאַל־תֵּ֣עָצֵ֔בוּ כִּֽי־חֶדְוַ֥ת יְהֹוָ֖ה הִ֥יא מָֽעֻזְּכֶֽם׃
ספר עזרא/נחמיה ח	יא	__	{{מ:פסוק|נחמיה|ח|יא}}	וְהַלְוִיִּ֞ם מַחְשִׁ֤ים לְכׇל־הָעָם֙ לֵאמֹ֣ר הַ֔סּוּ כִּ֥י הַיּ֖וֹם קָדֹ֑שׁ וְאַל־תֵּעָצֵֽבוּ׃
ספר עזרא/נחמיה ח	יב	__	{{מ:פסוק|נחמיה|ח|יב}}	וַיֵּלְכ֨וּ כׇל־הָעָ֜ם לֶאֱכֹ֤ל וְלִשְׁתּוֹת֙ וּלְשַׁלַּ֣ח מָנ֔וֹת וְלַעֲשׂ֖וֹת שִׂמְחָ֣ה גְדוֹלָ֑ה כִּ֤י הֵבִ֙ינוּ֙ בַּדְּבָרִ֔ים אֲשֶׁ֥ר הוֹדִ֖יעוּ לָהֶֽם׃
ספר עזרא/נחמיה ח	יג	//{{נוסח|{{פפ}}|ל=פרשה סתומה}}//	{{מ:פסוק|נחמיה|ח|יג}}	וּבַיּ֣וֹם הַשֵּׁנִ֡י נֶאֶסְפוּ֩ רָאשֵׁ֨י הָאָב֜וֹת לְכׇל־הָעָ֗ם הַכֹּֽהֲנִים֙ וְהַלְוִיִּ֔ם אֶל־עֶזְרָ֖א הַסֹּפֵ֑ר וּלְהַשְׂכִּ֖יל אֶל־דִּבְרֵ֥י הַתּוֹרָֽה׃
ספר עזרא/נחמיה ח	יד	__	{{מ:פסוק|נחמיה|ח|יד}}	וַֽיִּמְצְא֖וּ כָּת֣וּב בַּתּוֹרָ֑ה אֲשֶׁ֨ר צִוָּ֤ה יְהֹוָה֙ בְּיַד־מֹשֶׁ֔ה אֲשֶׁר֩ יֵשְׁב֨וּ בְנֵֽי־יִשְׂרָאֵ֧ל בַּסֻּכּ֛וֹת בֶּחָ֖ג בַּחֹ֥דֶשׁ הַשְּׁבִיעִֽי׃
ספר עזרא/נחמיה ח	טו	__	{{מ:פסוק|נחמיה|ח|טו}}	וַאֲשֶׁ֣ר יַשְׁמִ֗יעוּ וְיַעֲבִ֨ירוּ ק֥וֹל בְּכׇל־עָרֵיהֶם֮ וּבִירוּשָׁל{{מ:ירושלם|ַ|֣}}ם לֵאמֹר֒ צְא֣וּ הָהָ֗ר וְהָבִ֙יאוּ֙ עֲלֵי־זַ֙יִת֙ וַעֲלֵי־עֵ֣ץ שֶׁ֔מֶן וַעֲלֵ֤י הֲדַס֙ וַעֲלֵ֣י תְמָרִ֔ים וַעֲלֵ֖י עֵ֣ץ עָבֹ֑ת לַעֲשֹׂ֥ת סֻכֹּ֖ת כַּכָּתֽוּב׃
ספר עזרא/נחמיה ח	טז	//{{נוסח|{{סס}}|ל=פרשה פתוחה}}	{{מ:פסוק|נחמיה|ח|טז}}	וַיֵּצְא֣וּ הָעָם֮ וַיָּבִ֒יאוּ֒ וַיַּעֲשׂוּ֩ לָהֶ֨ם סֻכּ֜וֹת אִ֤ישׁ עַל־גַּגּוֹ֙ וּבְחַצְרֹ֣תֵיהֶ֔ם וּבְחַצְר֖וֹת בֵּ֣ית הָאֱלֹהִ֑ים וּבִרְחוֹב֙ שַׁ֣עַר הַמַּ֔יִם וּבִרְח֖וֹב שַׁ֥עַר אֶפְרָֽיִם׃
ספר עזרא/נחמיה ח	יז	//{{נוסח|{{סס}}|ל=אין פרשה}}	{{מ:פסוק|נחמיה|ח|יז}}	וַיַּֽעֲשׂ֣וּ כׇֽל־הַ֠קָּהָ֠ל הַשָּׁבִ֨ים מִן־הַשְּׁבִ֥י{{מ:פסק}}סֻכּוֹת֮ וַיֵּשְׁב֣וּ בַסֻּכּוֹת֒ כִּ֣י לֹֽא־עָשׂ֡וּ מִימֵי֩ יֵשׁ֨וּעַ בִּן־נ֥וּן כֵּן֙ בְּנֵ֣י יִשְׂרָאֵ֔ל עַ֖ד הַיּ֣וֹם הַה֑וּא וַתְּהִ֥י שִׂמְחָ֖ה גְּדוֹלָ֥ה מְאֹֽד׃
ספר עזרא/נחמיה ח	יח	__	{{מ:פסוק|נחמיה|ח|יח}}	וַ֠יִּקְרָ֠א בְּסֵ֨פֶר תּוֹרַ֤ת הָאֱלֹהִים֙ י֣וֹם{{מ:פסק}}בְּי֔וֹם מִן־הַיּוֹם֙ הָֽרִאשׁ֔וֹן עַ֖ד הַיּ֣וֹם הָאַחֲר֑וֹן וַיַּֽעֲשׂוּ־חָג֙ שִׁבְעַ֣ת יָמִ֔ים וּבַיּ֧וֹם הַשְּׁמִינִ֛י עֲצֶ֖רֶת כַּמִּשְׁפָּֽט׃
ספר עזרא/נחמיה ח	תתת	<noinclude>//{{תבנית:משתמש:Dovi/טעמי המקרא-סוף}}//{{מ:שוליים-סוף}}//==הפרק בלי מספרים==//{{תבנית:משתמש:Dovi/טעמי המקרא}}//{{#בלי קטע:{{שם הדף המלא}}|סימן}}//{{תבנית:משתמש:Dovi/טעמי המקרא-סוף}}//////{{בסיס-משתמש|שם=משתמש:Dovi/תורה על פי המסורה/ספר עזרא}}//</noinclude>		
ספר עזרא/נחמיה ט	0	<noinclude>{{תבנית:טעמי המקרא באינטרנט}}//{{מ:שוליים|5}}//{{תבנית:משתמש:Dovi/טעמי המקרא}}//</noinclude>		
ספר עזרא/נחמיה ט	א	{{פפ}}//	{{מ:פסוק|נחמיה|ט|א}}	וּבְיוֹם֩ עֶשְׂרִ֨ים וְאַרְבָּעָ֜ה לַחֹ֣דֶשׁ הַזֶּ֗ה נֶאֶסְפ֤וּ בְנֵֽי־יִשְׂרָאֵל֙ בְּצ֣וֹם וּבְשַׂקִּ֔ים וַאֲדָמָ֖ה עֲלֵיהֶֽם׃
ספר עזרא/נחמיה ט	ב	__	{{מ:פסוק|נחמיה|ט|ב}}	וַיִּבָּֽדְלוּ֙ זֶ֣רַע יִשְׂרָאֵ֔ל מִכֹּ֖ל בְּנֵ֣י נֵכָ֑ר וַיַּעַמְד֗וּ וַיִּתְוַדּוּ֙ עַל־חַטֹּ֣אתֵיהֶ֔ם וַעֲוֺנ֖וֹת אֲבֹתֵיהֶֽם׃
ספר עזרא/נחמיה ט	ג	__	{{מ:פסוק|נחמיה|ט|ג}}	וַיָּק֙וּמוּ֙ עַל־עׇמְדָ֔ם וַֽיִּקְרְא֗וּ בְּסֵ֨פֶר תּוֹרַ֧ת יְהֹוָ֛ה אֱלֹהֵיהֶ֖ם רְבִעִ֣ית הַיּ֑וֹם וּרְבִעִית֙ מִתְוַדִּ֣ים וּמִֽשְׁתַּחֲוִ֔ים לַיהֹוָ֖ה אֱלֹהֵיהֶֽם׃
ספר עזרא/נחמיה ט	ד	//{{פפ}}//	{{מ:פסוק|נחמיה|ט|ד}}	וַיָּ֜קׇם עַֽל־מַֽעֲלֵ֣ה הַלְוִיִּ֗ם יֵשׁ֨וּעַ וּבָנִ֜י קַדְמִיאֵ֧ל שְׁבַנְיָ֛ה בֻּנִּ֥י שֵׁרֵבְיָ֖ה בָּנִ֣י כְנָ֑נִי וַֽיִּזְעֲקוּ֙ בְּק֣וֹל גָּד֔וֹל אֶל־יְהֹוָ֖ה אֱלֹהֵיהֶֽם׃
ספר עזרא/נחמיה ט	ה	__	{{מ:פסוק|נחמיה|ט|ה}}	"וַיֹּאמְר֣וּ הַלְוִיִּ֡ם יֵשׁ֣וּעַ וְ֠קַדְמִיאֵ֠ל בָּנִ֨י חֲשַׁבְנְיָ֜ה שֵׁרֵֽבְיָ֤ה הֽוֹדִיָּה֙ שְׁבַנְיָ֣ה פְתַֽחְיָ֔ה ק֗וּמוּ {{נוסח|בָּרְכוּ֙|=דפוסים|ל=בָּרֲכוּ֙ (חטף)}} אֶת־יְהֹוָ֣ה אֱלֹֽהֵיכֶ֔ם מִן־הָעוֹלָ֖ם עַד־הָעוֹלָ֑ם וִיבָֽרְכוּ֙ שֵׁ֣ם {{נוסח|כְּבֹדֶ֔ךָ|=ת ומסורת-ל וטברנית|ל=כְּבוֹדֶ֔ךָ (כתיב מלא וי""ו)}} וּמְרוֹמַ֥ם עַל־כׇּל־בְּרָכָ֖ה וּתְהִלָּֽה׃"
ספר עזרא/נחמיה ט	ו	__	{{מ:פסוק|נחמיה|ט|ו}}	"אַתָּה־ה֣וּא יְהֹוָה֮ לְבַדֶּ֒ךָ֒ {{כו""ק|את|אַתָּ֣ה}} עָשִׂ֡יתָ אֶֽת־הַשָּׁמַ֩יִם֩ שְׁמֵ֨י הַשָּׁמַ֜יִם וְכׇל־צְבָאָ֗ם הָאָ֜רֶץ וְכׇל־אֲשֶׁ֤ר עָלֶ֙יהָ֙ הַיַּמִּים֙ וְכׇל־אֲשֶׁ֣ר בָּהֶ֔ם וְאַתָּ֖ה מְחַיֶּ֣ה אֶת־כֻּלָּ֑ם וּצְבָ֥א הַשָּׁמַ֖יִם לְךָ֥ מִשְׁתַּחֲוִֽים׃"
ספר עזרא/נחמיה ט	ז	__	{{מ:פסוק|נחמיה|ט|ז}}	אַתָּה־הוּא֙ יְהֹוָ֣ה הָאֱלֹהִ֔ים אֲשֶׁ֤ר בָּחַ֙רְתָּ֙ בְּאַבְרָ֔ם וְהוֹצֵאת֖וֹ מֵא֣וּר כַּשְׂדִּ֑ים וְשַׂ֥מְתָּ שְּׁמ֖וֹ אַבְרָהָֽם׃
ספר עזרא/נחמיה ט	ח	__	{{מ:פסוק|נחמיה|ט|ח}}	וּמָצָ֣אתָ אֶת־לְבָבוֹ֮ נֶאֱמָ֣ן לְפָנֶ֒יךָ֒ וְכָר֨וֹת עִמּ֜וֹ הַבְּרִ֗ית לָתֵ֡ת אֶת־אֶ֩רֶץ֩ הַכְּנַעֲנִ֨י הַחִתִּ֜י הָאֱמֹרִ֧י וְהַפְּרִזִּ֛י וְהַיְבוּסִ֥י וְהַגִּרְגָּשִׁ֖י לָתֵ֣ת לְזַרְע֑וֹ וַתָּ֙קֶם֙ אֶת־דְּבָרֶ֔יךָ כִּ֥י צַדִּ֖יק אָֽתָּה׃
ספר עזרא/נחמיה ט	ט	__	{{מ:פסוק|נחמיה|ט|ט}}	וַתֵּ֛רֶא אֶת־עֳנִ֥י אֲבֹתֵ֖ינוּ בְּמִצְרָ֑יִם וְאֶת־זַעֲקָתָ֥ם שָׁמַ֖עְתָּ עַל־יַם־סֽוּף׃
ספר עזרא/נחמיה ט	י	__	{{מ:פסוק|נחמיה|ט|י}}	וַ֠תִּתֵּ֠ן אֹתֹ֨ת וּמֹֽפְתִ֜ים בְּפַרְעֹ֤ה וּבְכׇל־עֲבָדָיו֙ וּבְכׇל־עַ֣ם אַרְצ֔וֹ כִּ֣י יָדַ֔עְתָּ כִּ֥י הֵזִ֖ידוּ עֲלֵיהֶ֑ם וַתַּֽעַשׂ־לְךָ֥ שֵׁ֖ם כְּהַיּ֥וֹם הַזֶּֽה׃
ספר עזרא/נחמיה ט	יא	__	{{מ:פסוק|נחמיה|ט|יא}}	וְהַיָּם֙ בָּקַ֣עְתָּ לִפְנֵיהֶ֔ם וַיַּֽעַבְר֥וּ בְתוֹךְ־הַיָּ֖ם בַּיַּבָּשָׁ֑ה וְֽאֶת־רֹ֨דְפֵיהֶ֜ם הִשְׁלַ֧כְתָּ בִמְצוֹלֹ֛ת כְּמוֹ־אֶ֖בֶן בְּמַ֥יִם עַזִּֽים׃
ספר עזרא/נחמיה ט	יב	__	{{מ:פסוק|נחמיה|ט|יב}}	וּבְעַמּ֣וּד עָנָ֔ן הִנְחִיתָ֖ם יוֹמָ֑ם וּבְעַמּ֥וּד אֵשׁ֙ לַ֔יְלָה לְהָאִ֣יר לָהֶ֔ם אֶת־הַדֶּ֖רֶךְ אֲשֶׁ֥ר יֵֽלְכוּ־בָֽהּ׃
ספר עזרא/נחמיה ט	יג	__	{{מ:פסוק|נחמיה|ט|יג}}	וְעַ֤ל הַר־סִינַי֙ יָרַ֔דְתָּ וְדַבֵּ֥ר עִמָּהֶ֖ם מִשָּׁמָ֑יִם וַתִּתֵּ֨ן לָהֶ֜ם מִשְׁפָּטִ֤ים יְשָׁרִים֙ וְתוֹר֣וֹת אֱמֶ֔ת חֻקִּ֥ים וּמִצְוֺ֖ת טוֹבִֽים׃
ספר עזרא/נחמיה ט	יד	__	{{מ:פסוק|נחמיה|ט|יד}}	"וְאֶת־שַׁבַּ֥ת קׇדְשְׁךָ֖ {{נוסח|הוֹדַ֣עְתָּ|=ש1 ובדפוסים|ל=הוֹדַ֣עַתָּ (עי""ן פתוחה!)|לפי המקליד הוֹדַ֣עַתָ, אבל בהגדלה רואים שהדגש בתי""ו מטושטש אבל כנראה קיים|הערות ברויאר ודותן והמקליד}} לָהֶ֑ם וּמִצְו֤וֹת וְחֻקִּים֙ וְתוֹרָ֔ה צִוִּ֣יתָ לָהֶ֔ם בְּיַ֖ד מֹשֶׁ֥ה עַבְדֶּֽךָ׃"
ספר עזרא/נחמיה ט	טו	__	{{מ:פסוק|נחמיה|ט|טו}}	וְ֠לֶ֠חֶם מִשָּׁמַ֜יִם נָתַ֤תָּה לָהֶם֙ לִרְעָבָ֔ם וּמַ֗יִם מִסֶּ֛לַע הוֹצֵ֥אתָ לָהֶ֖ם לִצְמָאָ֑ם וַתֹּ֣אמֶר לָהֶ֗ם לָבוֹא֙ לָרֶ֣שֶׁת אֶת־הָאָ֔רֶץ אֲשֶׁר־נָשָׂ֥אתָ אֶת־יָדְךָ֖ לָתֵ֥ת לָהֶֽם׃
ספר עזרא/נחמיה ט	טז	__	{{מ:פסוק|נחמיה|ט|טז}}	וְהֵ֥ם וַאֲבֹתֵ֖ינוּ הֵזִ֑ידוּ וַיַּקְשׁוּ֙ אֶת־עׇרְפָּ֔ם וְלֹ֥א שָׁמְע֖וּ אֶל־מִצְוֺתֶֽיךָ׃
ספר עזרא/נחמיה ט	יז	__	{{מ:פסוק|נחמיה|ט|יז}}	"וַיְמָאֲנ֣וּ לִשְׁמֹ֗עַ וְלֹא־זָכְר֤וּ נִפְלְאֹתֶ֙יךָ֙ אֲשֶׁ֣ר עָשִׂ֣יתָ עִמָּהֶ֔ם וַיַּקְשׁוּ֙ אֶת־עׇרְפָּ֔ם וַיִּתְּנוּ־רֹ֛אשׁ לָשׁ֥וּב לְעַבְדֻתָ֖ם בְּמִרְיָ֑ם וְאַתָּה֩ אֱל֨וֹהַּ סְלִיח֜וֹת חַנּ֧וּן וְרַח֛וּם אֶֽרֶךְ־אַפַּ֥יִם וְרַב־{{נוסח|{{קו""כ|וחסד|חֶ֖סֶד}}|ל=יתיר ו'}} וְלֹ֥א עֲזַבְתָּֽם׃"
ספר עזרא/נחמיה ט	יח	__	{{מ:פסוק|נחמיה|ט|יח}}	אַ֗ף כִּֽי־עָשׂ֤וּ לָהֶם֙ עֵ֣גֶל מַסֵּכָ֔ה וַיֹּ֣אמְר֔וּ זֶ֣ה אֱלֹהֶ֔יךָ אֲשֶׁ֥ר הֶעֶלְךָ֖ מִמִּצְרָ֑יִם {{נוסח|וַֽיַּעֲשׂ֔וּ|ל=וַֽיַּעֲשׂ֔וּ בגעיה ימנית}} נֶאָצ֖וֹת גְּדֹלֽוֹת׃
ספר עזרא/נחמיה ט	יט	__	{{מ:פסוק|נחמיה|ט|יט}}	וְאַתָּה֙ בְּרַחֲמֶ֣יךָ הָֽרַבִּ֔ים לֹ֥א עֲזַבְתָּ֖ם בַּמִּדְבָּ֑ר אֶת־עַמּ֣וּד הֶ֠עָנָ֠ן לֹא־סָ֨ר מֵעֲלֵיהֶ֤ם בְּיוֹמָם֙ לְהַנְחֹתָ֣ם בְּהַדֶּ֔רֶךְ וְאֶת־עַמּ֨וּד הָאֵ֤שׁ בְּלַ֙יְלָה֙ לְהָאִ֣יר לָהֶ֔ם וְאֶת־הַדֶּ֖רֶךְ אֲשֶׁ֥ר יֵֽלְכוּ־בָֽהּ׃
ספר עזרא/נחמיה ט	כ	__	{{מ:פסוק|נחמיה|ט|כ}}	{{נוסח|וְרוּחֲךָ֙|=ל ובדפוסים|הקלדה=וְרוּחֲךָ֨ (בטעם קדמא) בטעות בעקבות BHS.}} הַטּוֹבָ֔ה נָתַ֖תָּ לְהַשְׂכִּילָ֑ם וּמַנְךָ֙ לֹא־מָנַ֣עְתָּ מִפִּיהֶ֔ם וּמַ֛יִם נָתַ֥תָּה לָהֶ֖ם לִצְמָאָֽם׃
ספר עזרא/נחמיה ט	כא	__	{{מ:פסוק|נחמיה|ט|כא}}	וְאַרְבָּעִ֥ים שָׁנָ֛ה כִּלְכַּלְתָּ֥ם בַּמִּדְבָּ֖ר לֹ֣א חָסֵ֑רוּ שַׂלְמֹֽתֵיהֶם֙ לֹ֣א בָל֔וּ וְרַגְלֵיהֶ֖ם לֹ֥א בָצֵֽקוּ׃
ספר עזרא/נחמיה ט	כב	__	{{מ:פסוק|נחמיה|ט|כב}}	וַתִּתֵּ֨ן לָהֶ֤ם מַמְלָכוֹת֙ וַעֲמָמִ֔ים וַֽתַּחְלְקֵ֖ם לְפֵאָ֑ה וַיִּֽירְשׁ֞וּ אֶת־אֶ֣רֶץ סִיח֗וֹן וְאֶת־אֶ֙רֶץ֙ מֶ֣לֶךְ חֶשְׁבּ֔וֹן וְאֶת־אֶ֖רֶץ ע֥וֹג מֶֽלֶךְ־הַבָּשָֽׁן׃
ספר עזרא/נחמיה ט	כג	__	{{מ:פסוק|נחמיה|ט|כג}}	וּבְנֵיהֶ֣ם הִרְבִּ֔יתָ כְּכֹכְבֵ֖י הַשָּׁמָ֑יִם וַתְּבִיאֵם֙ אֶל־הָאָ֔רֶץ אֲשֶׁר־אָמַ֥רְתָּ לַאֲבֹתֵיהֶ֖ם לָב֥וֹא לָרָֽשֶׁת׃
ספר עזרא/נחמיה ט	כד	__	{{מ:פסוק|נחמיה|ט|כד}}	וַיָּבֹ֤אוּ הַבָּנִים֙ וַיִּֽירְשׁ֣וּ אֶת־הָאָ֔רֶץ וַתַּכְנַ֨ע לִפְנֵיהֶ֜ם אֶת־יֹשְׁבֵ֤י הָאָ֙רֶץ֙ הַכְּנַ֣עֲנִ֔ים וַֽתִּתְּנֵ֖ם בְּיָדָ֑ם וְאֶת־מַלְכֵיהֶם֙ וְאֶת־עַֽמְמֵ֣י הָאָ֔רֶץ לַעֲשׂ֥וֹת בָּהֶ֖ם כִּרְצוֹנָֽם׃
ספר עזרא/נחמיה ט	כה	__	{{מ:פסוק|נחמיה|ט|כה}}	"וַֽיִּלְכְּד֞וּ עָרִ֣ים {{נוסח|בְּצוּרֹת֮|=ש1ת ומסורת-ל וטברנית|ל=בְּצֻרוֹת֮ (כתיב חסר וי""ו בראש ומלא וי""ו בסוף)}} וַאֲדָמָ֣ה שְׁמֵנָה֒ וַיִּֽירְשׁ֡וּ בָּתִּ֣ים מְלֵֽאִים־כׇּל־ט֠וּב בֹּר֨וֹת חֲצוּבִ֜ים כְּרָמִ֧ים וְזֵיתִ֛ים וְעֵ֥ץ מַאֲכָ֖ל לָרֹ֑ב וַיֹּאכְל֤וּ וַֽיִּשְׂבְּעוּ֙ וַיַּשְׁמִ֔ינוּ וַיִּֽתְעַדְּנ֖וּ בְּטוּבְךָ֥ הַגָּדֽוֹל׃"
ספר עזרא/נחמיה ט	כו	__	{{מ:פסוק|נחמיה|ט|כו}}	וַיַּמְר֨וּ וַֽיִּמְרְד֜וּ בָּ֗ךְ וַיַּשְׁלִ֤כוּ אֶת־תּוֹרָֽתְךָ֙ אַחֲרֵ֣י גַוָּ֔ם וְאֶת־נְבִיאֶ֣יךָ הָרָ֔גוּ אֲשֶׁר־הֵעִ֥ידוּ בָ֖ם לַהֲשִׁיבָ֣ם אֵלֶ֑יךָ {{נוסח|וַֽיַּעֲשׂ֔וּ|ל=וַֽיַּעֲשׂ֔וּ בגעיה ימנית}} נֶאָצ֖וֹת גְּדוֹלֹֽת׃
ספר עזרא/נחמיה ט	כז	__	{{מ:פסוק|נחמיה|ט|כז}}	וַֽתִּתְּנֵם֙ בְּיַ֣ד צָֽרֵיהֶ֔ם וַיָּצֵ֖רוּ לָהֶ֑ם וּבְעֵ֤ת צָֽרָתָם֙ יִצְעֲק֣וּ אֵלֶ֔יךָ וְאַתָּה֙ מִשָּׁמַ֣יִם תִּשְׁמָ֔ע וּֽכְרַחֲמֶ֣יךָ הָֽרַבִּ֗ים תִּתֵּ֤ן לָהֶם֙ מֽוֹשִׁיעִ֔ים וְיוֹשִׁיע֖וּם מִיַּ֥ד צָרֵיהֶֽם׃
ספר עזרא/נחמיה ט	כח	__	{{מ:פסוק|נחמיה|ט|כח}}	וּכְנ֣וֹחַ לָהֶ֔ם יָשׁ֕וּבוּ לַעֲשׂ֥וֹת רַ֖ע לְפָנֶ֑יךָ וַתַּֽעַזְבֵ֞ם בְּיַ֤ד אֹֽיְבֵיהֶם֙ וַיִּרְדּ֣וּ בָהֶ֔ם וַיָּשׁ֙וּבוּ֙ וַיִּזְעָק֔וּךָ וְאַתָּ֞ה מִשָּׁמַ֧יִם תִּשְׁמַ֛ע וְתַצִּילֵ֥ם כְּֽרַחֲמֶ֖יךָ רַבּ֥וֹת עִתִּֽים׃
ספר עזרא/נחמיה ט	כט	__	{{מ:פסוק|נחמיה|ט|כט}}	וַתָּ֨עַד בָּהֶ֜ם לַהֲשִׁיבָ֣ם אֶל־תּוֹרָתֶ֗ךָ וְהֵ֨מָּה הֵזִ֜ידוּ וְלֹא־שָׁמְע֤וּ לְמִצְוֺתֶ֙יךָ֙ וּבְמִשְׁפָּטֶ֣יךָ חָֽטְאוּ־בָ֔ם אֲשֶׁר־יַעֲשֶׂ֥ה אָדָ֖ם וְחָיָ֣ה בָהֶ֑ם וַיִּתְּנ֤וּ כָתֵף֙ סוֹרֶ֔רֶת וְעׇרְפָּ֥ם הִקְשׁ֖וּ וְלֹ֥א שָׁמֵֽעוּ׃
ספר עזרא/נחמיה ט	ל	__	{{מ:פסוק|נחמיה|ט|ל}}	וַתִּמְשֹׁ֤ךְ עֲלֵיהֶם֙ שָׁנִ֣ים רַבּ֔וֹת וַתָּ֨עַד בָּ֧ם בְּרוּחֲךָ֛ בְּיַד־נְבִיאֶ֖יךָ וְלֹ֣א הֶאֱזִ֑ינוּ וַֽתִּתְּנֵ֔ם בְּיַ֖ד עַמֵּ֥י הָאֲרָצֹֽת׃
ספר עזרא/נחמיה ט	לא	__	{{מ:פסוק|נחמיה|ט|לא}}	וּֽבְרַחֲמֶ֧יךָ הָרַבִּ֛ים לֹֽא־עֲשִׂיתָ֥ם כָּלָ֖ה וְלֹ֣א עֲזַבְתָּ֑ם כִּ֛י אֵֽל־חַנּ֥וּן וְרַח֖וּם אָֽתָּה׃
ספר עזרא/נחמיה ט	לב	__	{{מ:פסוק|נחמיה|ט|לב}}	"וְעַתָּ֣ה אֱ֠לֹהֵ֠ינוּ הָאֵ֨ל הַגָּד֜וֹל הַגִּבּ֣וֹר וְהַנּוֹרָא֮ שׁוֹמֵ֣ר הַבְּרִ֣ית וְהַחֶ֒סֶד֒ אַל־יִמְעַ֣ט לְפָנֶ֡יךָ אֵ֣ת כׇּל־הַתְּלָאָ֣ה אֲֽשֶׁר־מְ֠צָאַ֠תְנוּ לִמְלָכֵ֨ינוּ לְשָׂרֵ֧ינוּ וּלְכֹהֲנֵ֛ינוּ {{נוסח|וְלִנְבִיאֵ֥ינוּ|=ת ובדפוסים|כתי""ת מדוייק ביותר בענייני כתיב, וברויאר הוסיף לציין עוד שני כתבי־יד טברנים שתומכים בגירסה זו בספרו ""נוסח המקרא בכתר ירושלים"".|לש1=וְלִנְבִיאֵ֥נוּ (כתיב חסר יו""ד בסוף)|קורן, ברויאר, מג""ה, סימנים, מכון ממרא}} וְלַאֲבֹתֵ֖ינוּ וּלְכׇל־עַמֶּ֑ךָ מִימֵי֙ מַלְכֵ֣י אַשּׁ֔וּר עַ֖ד הַיּ֥וֹם הַזֶּֽה׃"
ספר עזרא/נחמיה ט	לג	__	{{מ:פסוק|נחמיה|ט|לג}}	וְאַתָּ֣ה צַדִּ֔יק עַ֖ל כׇּל־הַבָּ֣א עָלֵ֑ינוּ כִּֽי־אֱמֶ֥ת עָשִׂ֖יתָ וַאֲנַ֥חְנוּ הִרְשָֽׁעְנוּ׃
ספר עזרא/נחמיה ט	לד	__	{{מ:פסוק|נחמיה|ט|לד}}	וְאֶת־מְלָכֵ֤ינוּ שָׂרֵ֙ינוּ֙ כֹּהֲנֵ֣ינוּ וַאֲבֹתֵ֔ינוּ לֹ֥א עָשׂ֖וּ תּוֹרָתֶ֑ךָ וְלֹ֤א הִקְשִׁ֙יבוּ֙ אֶל־מִצְוֺתֶ֔יךָ וּלְעֵ֣דְוֺתֶ֔יךָ אֲשֶׁ֥ר הַעִידֹ֖תָ בָּהֶֽם׃
ספר עזרא/נחמיה ט	לה	__	{{מ:פסוק|נחמיה|ט|לה}}	וְהֵ֣ם בְּמַלְכוּתָם֩ וּבְטוּבְךָ֨ הָרָ֜ב אֲשֶׁר־נָתַ֣תָּ לָהֶ֗ם וּבְאֶ֨רֶץ הָרְחָבָ֧ה וְהַשְּׁמֵנָ֛ה אֲשֶׁר־נָתַ֥תָּ לִפְנֵיהֶ֖ם לֹ֣א עֲבָד֑וּךָ וְֽלֹא־שָׁ֔בוּ מִמַּֽעַלְלֵיהֶ֖ם הָרָעִֽים׃
ספר עזרא/נחמיה ט	לו	__	{{מ:פסוק|נחמיה|ט|לו}}	הִנֵּ֛ה אֲנַ֥חְנוּ הַיּ֖וֹם עֲבָדִ֑ים וְהָאָ֜רֶץ אֲשֶׁר־נָתַ֣תָּה לַאֲבֹתֵ֗ינוּ לֶאֱכֹ֤ל אֶת־פִּרְיָהּ֙ וְאֶת־טוּבָ֔הּ הִנֵּ֛ה אֲנַ֥חְנוּ עֲבָדִ֖ים עָלֶֽיהָ׃
ספר עזרא/נחמיה ט	לז	__	{{מ:פסוק|נחמיה|ט|לז}}	"וּתְבוּאָתָ֣הּ מַרְבָּ֗ה לַמְּלָכִ֛ים אֲשֶׁר־נָתַ֥תָּה עָלֵ֖ינוּ בְּחַטֹּאותֵ֑ינוּ וְעַ֣ל {{נוסח|גְּ֠וִיֹּתֵינוּ|=לש1 ומסורת-ל וטברנית (כתיב מלא יו""ד) וכן הוא בשתי מהדורותיו האחרונות של ברויאר (ובסימנים).|ת=גְּ֠וִיֹּתֵנוּ (כתיב חסר יו""ד) ובדפוסים (וכן בקורן, ובמהדורתו הראשונה של ברויאר, ובמכון ממרא)}} מֹשְׁלִ֤ים וּבִבְהֶמְתֵּ֙נוּ֙ כִּרְצוֹנָ֔ם וּבְצָרָ֥ה {{נוסח|גְדֹלָ֖ה|=ש1ת ומסורת-ל וטברנית ובדפוסים|ל=גְדוֹלָ֖ה (כתיב מלא וי""ו)}} אֲנָֽחְנוּ׃"
ספר עזרא/נחמיה ט	תתת	<noinclude>//{{תבנית:משתמש:Dovi/טעמי המקרא-סוף}}//{{מ:שוליים-סוף}}//==הפרק בלי מספרים==//{{תבנית:משתמש:Dovi/טעמי המקרא}}//{{#בלי קטע:{{שם הדף המלא}}|סימן}}//{{תבנית:משתמש:Dovi/טעמי המקרא-סוף}}//////{{בסיס-משתמש|שם=משתמש:Dovi/תורה על פי המסורה/ספר עזרא}}//</noinclude>		
ספר עזרא/נחמיה י	0	<noinclude>{{תבנית:טעמי המקרא באינטרנט}}//{{מ:שוליים|5}}//{{תבנית:משתמש:Dovi/טעמי המקרא}}//</noinclude>		
ספר עזרא/נחמיה י	א	{{פפ}}//	{{מ:פסוק|נחמיה|י|א|סדר=ט}}	וּבְכׇל־זֹ֕את אֲנַ֛חְנוּ כֹּרְתִ֥ים אֲמָנָ֖ה וְכֹתְבִ֑ים וְעַל֙ הֶֽחָת֔וּם שָׂרֵ֥ינוּ לְוִיֵּ֖נוּ כֹּהֲנֵֽינוּ׃
ספר עזרא/נחמיה י	ב	__	{{מ:פסוק|נחמיה|י|ב}}	וְעַ֖ל הַחֲתוּמִ֑ים נְחֶמְיָ֧ה הַתִּרְשָׁ֛תָא בֶּן־חֲכַלְיָ֖ה וְצִדְקִיָּֽה׃
ספר עזרא/נחמיה י	ג	__	{{מ:פסוק|נחמיה|י|ג}}	שְׂרָיָ֥ה עֲזַרְיָ֖ה יִרְמְיָֽה׃
ספר עזרא/נחמיה י	ד	__	{{מ:פסוק|נחמיה|י|ד}}	פַּשְׁח֥וּר אֲמַרְיָ֖ה מַלְכִּיָּֽה׃
ספר עזרא/נחמיה י	ה	__	{{מ:פסוק|נחמיה|י|ה}}	חַטּ֥וּשׁ שְׁבַנְיָ֖ה מַלּֽוּךְ׃
ספר עזרא/נחמיה י	ו	__	{{מ:פסוק|נחמיה|י|ו}}	חָרִ֥ם מְרֵמ֖וֹת עֹֽבַדְיָֽה׃
ספר עזרא/נחמיה י	ז	__	{{מ:פסוק|נחמיה|י|ז}}	דָּנִיֵּ֥אל גִּנְּת֖וֹן בָּרֽוּךְ׃
ספר עזרא/נחמיה י	ח	__	{{מ:פסוק|נחמיה|י|ח}}	מְשֻׁלָּ֥ם אֲבִיָּ֖ה מִיָּמִֽן׃
ספר עזרא/נחמיה י	ט	__	{{מ:פסוק|נחמיה|י|ט}}	מַֽעַזְיָ֥ה בִלְגַּ֖י שְׁמַֽעְיָ֑ה אֵ֖לֶּה הַכֹּהֲנִֽים׃
ספר עזרא/נחמיה י	י	{{נוסח|__|ל=פרשה סתומה}}	{{מ:פסוק|נחמיה|י|י}}	וְֽהַלְוִיִּ֑ם וְיֵשׁ֙וּעַ֙ בֶּן־אֲזַנְיָ֔ה בִּנּ֕וּי מִבְּנֵ֥י חֵנָדָ֖ד קַדְמִיאֵֽל׃
ספר עזרא/נחמיה י	יא	__	{{מ:פסוק|נחמיה|י|יא}}	וַאֲחֵיהֶ֑ם שְׁבַנְיָ֧ה הֽוֹדִיָּ֛ה קְלִיטָ֖א פְּלָאיָ֥ה חָנָֽן׃
ספר עזרא/נחמיה י	יב	__	{{מ:פסוק|נחמיה|י|יב}}	מִיכָ֥א רְח֖וֹב חֲשַׁבְיָֽה׃
ספר עזרא/נחמיה י	יג	__	{{מ:פסוק|נחמיה|י|יג}}	"זַכּ֥וּר שֵׁרֵֽבְיָ֖ה {{נוסח|שְׁבַנְיָֽה|=ש1 ומסורת-א וטברנית ומ""ש|ל=שְׁכַנְיָֽה? (בכ""ף?)|ברויאר ציין בי""ת בספק, אבל בהגדלה האות נראית כ""ף ודאית בכתי""ל; אף אחד מהמעתיקים האחרים של כתי""ל העיר לגבי האות וכולם ראו בה כ""ף.}}׃"
ספר עזרא/נחמיה י	יד	__	{{מ:פסוק|נחמיה|י|יד}}	הוֹדִיָּ֥ה בָנִ֖י בְּנִֽינוּ׃
ספר עזרא/נחמיה י	טו	//{{סס}}	{{מ:פסוק|נחמיה|י|טו}}	רָאשֵׁ֖י הָעָ֑ם פַּרְעֹשׁ֙ פַּחַ֣ת מוֹאָ֔ב עֵילָ֥ם זַתּ֖וּא בָּנִֽי׃
ספר עזרא/נחמיה י	טז	__	{{מ:פסוק|נחמיה|י|טז}}	בֻּנִּ֥י עַזְגָּ֖ד בֵּבָֽי׃
ספר עזרא/נחמיה י	יז	__	{{מ:פסוק|נחמיה|י|יז}}	אֲדֹנִיָּ֥ה בִגְוַ֖י עָדִֽין׃
ספר עזרא/נחמיה י	יח	__	{{מ:פסוק|נחמיה|י|יח}}	אָטֵ֥ר חִזְקִיָּ֖ה עַזּֽוּר׃
ספר עזרא/נחמיה י	יט	__	{{מ:פסוק|נחמיה|י|יט}}	הוֹדִיָּ֥ה חָשֻׁ֖ם בֵּצָֽי׃
ספר עזרא/נחמיה י	כ	__	{{מ:פסוק|נחמיה|י|כ}}	"חָרִ֥יף עֲנָת֖וֹת {{כו""ק|נובי|נֵיבָֽי}}׃"
ספר עזרא/נחמיה י	כא	__	{{מ:פסוק|נחמיה|י|כא}}	מַגְפִּיעָ֥שׁ מְשֻׁלָּ֖ם חֵזִֽיר׃
ספר עזרא/נחמיה י	כב	__	{{מ:פסוק|נחמיה|י|כב}}	מְשֵׁיזַבְאֵ֥ל צָד֖וֹק יַדּֽוּעַ׃
ספר עזרא/נחמיה י	כג	__	{{מ:פסוק|נחמיה|י|כג}}	פְּלַטְיָ֥ה חָנָ֖ן עֲנָיָֽה׃
ספר עזרא/נחמיה י	כד	__	{{מ:פסוק|נחמיה|י|כד}}	הוֹשֵׁ֥עַ חֲנַנְיָ֖ה חַשּֽׁוּב׃
ספר עזרא/נחמיה י	כה	__	{{מ:פסוק|נחמיה|י|כה}}	הַלּוֹחֵ֥שׁ פִּלְחָ֖א שׁוֹבֵֽק׃
ספר עזרא/נחמיה י	כו	__	{{מ:פסוק|נחמיה|י|כו}}	רְח֥וּם חֲשַׁבְנָ֖ה מַעֲשֵׂיָֽה׃
ספר עזרא/נחמיה י	כז	__	{{מ:פסוק|נחמיה|י|כז}}	וַאֲחִיָּ֥ה חָנָ֖ן עָנָֽן׃
ספר עזרא/נחמיה י	כח	__	{{מ:פסוק|נחמיה|י|כח}}	מַלּ֥וּךְ חָרִ֖ם בַּעֲנָֽה׃
ספר עזרא/נחמיה י	כט	__	{{מ:פסוק|נחמיה|י|כט}}	וּשְׁאָ֣ר הָעָ֡ם הַכֹּהֲנִ֣ים הַ֠לְוִיִּ֠ם הַשּׁוֹעֲרִ֨ים הַמְשֹׁרְרִ֜ים הַנְּתִינִ֗ים וְֽכׇל־הַנִּבְדָּ֞ל מֵעַמֵּ֤י הָאֲרָצוֹת֙ אֶל־תּוֹרַ֣ת הָאֱלֹהִ֔ים נְשֵׁיהֶ֖ם בְּנֵיהֶ֣ם וּבְנֹתֵיהֶ֑ם כֹּ֖ל יוֹדֵ֥עַ מֵבִֽין׃
ספר עזרא/נחמיה י	ל	__	{{מ:פסוק|נחמיה|י|ל}}	מַחֲזִיקִ֣ים עַל־אֲחֵיהֶם֮ אַדִּירֵיהֶם֒ וּבָאִ֞ים בְּאָלָ֣ה וּבִשְׁבוּעָ֗ה לָלֶ֙כֶת֙ בְּתוֹרַ֣ת הָאֱלֹהִ֔ים אֲשֶׁ֣ר נִתְּנָ֔ה בְּיַ֖ד מֹשֶׁ֣ה {{נוסח|עֶֽבֶד־הָֽאֱלֹהִ֑ים|ל=עֶֽבֶד־הָֽאֱלֹהִ֑ים בגעיה ימנית}} וְלִשְׁמ֣וֹר וְלַעֲשׂ֗וֹת אֶת־כׇּל־מִצְוֺת֙ יְהֹוָ֣ה אֲדֹנֵ֔ינוּ וּמִשְׁפָּטָ֖יו וְחֻקָּֽיו׃
ספר עזרא/נחמיה י	לא	__	{{מ:פסוק|נחמיה|י|לא}}	וַאֲשֶׁ֛ר לֹא־נִתֵּ֥ן בְּנֹתֵ֖ינוּ לְעַמֵּ֣י הָאָ֑רֶץ וְאֶת־בְּנֹ֣תֵיהֶ֔ם לֹ֥א נִקַּ֖ח לְבָנֵֽינוּ׃
ספר עזרא/נחמיה י	לב	__	{{מ:פסוק|נחמיה|י|לב}}	וְעַמֵּ֣י הָאָ֡רֶץ הַֽמְבִיאִים֩ אֶת־הַמַּקָּח֨וֹת וְכׇל־שֶׁ֜בֶר בְּי֤וֹם הַשַּׁבָּת֙ לִמְכּ֔וֹר לֹא־נִקַּ֥ח מֵהֶ֛ם בַּשַּׁבָּ֖ת וּבְי֣וֹם קֹ֑דֶשׁ וְנִטֹּ֛שׁ אֶת־הַשָּׁנָ֥ה הַשְּׁבִיעִ֖ית וּמַשָּׁ֥א כׇל־יָֽד׃
ספר עזרא/נחמיה י	לג	__	{{מ:פסוק|נחמיה|י|לג}}	"וְהֶעֱמַ֤דְנוּ עָלֵ֙ינוּ֙ מִצְוֺ֔ת לָתֵ֥ת עָלֵ֛ינוּ {{נוסח|שְׁלִישִׁ֥ית|=ת ומסורת-ל וטברנית|שְׁלִשִׁ֥ית (כתיב חסר יו""ד בראש ומלא יו""ד בסוף)}} הַשֶּׁ֖קֶל בַּשָּׁנָ֑ה לַעֲבֹדַ֖ת בֵּ֥ית אֱלֹהֵֽינוּ׃"
ספר עזרא/נחמיה י	לד	__	{{מ:פסוק|נחמיה|י|לד}}	לְלֶ֣חֶם הַֽמַּעֲרֶ֡כֶת וּמִנְחַ֣ת הַתָּמִ֣יד וּלְעוֹלַ֣ת הַ֠תָּמִ֠יד הַשַּׁבָּת֨וֹת הֶחֳדָשִׁ֜ים לַמּוֹעֲדִ֗ים וְלַקֳּדָשִׁים֙ וְלַ֣חַטָּא֔וֹת לְכַפֵּ֖ר עַל־יִשְׂרָאֵ֑ל וְכֹ֖ל מְלֶ֥אכֶת בֵּית־אֱלֹהֵֽינוּ׃
ספר עזרא/נחמיה י	לה	//{{סס}}	{{מ:פסוק|נחמיה|י|לה}}	וְהַגּוֹרָל֨וֹת הִפַּ֜לְנוּ עַל־קֻרְבַּ֣ן הָעֵצִ֗ים הַכֹּהֲנִ֣ים הַלְוִיִּם֮ וְהָעָם֒ לְ֠הָבִ֠יא לְבֵ֨ית אֱלֹהֵ֧ינוּ לְבֵית־אֲבֹתֵ֛ינוּ לְעִתִּ֥ים מְזֻמָּנִ֖ים שָׁנָ֣ה בְשָׁנָ֑ה לְבַעֵ֗ר עַל־מִזְבַּח֙ יְהֹוָ֣ה אֱלֹהֵ֔ינוּ כַּכָּת֖וּב בַּתּוֹרָֽה׃
ספר עזרא/נחמיה י	לו	__	{{מ:פסוק|נחמיה|י|לו}}	וּלְהָבִ֞יא אֶת־בִּכּוּרֵ֣י אַדְמָתֵ֗נוּ וּבִכּוּרֵ֛י כׇּל־פְּרִ֥י כׇל־עֵ֖ץ שָׁנָ֣ה בְשָׁנָ֑ה לְבֵ֖ית יְהֹוָֽה׃
ספר עזרא/נחמיה י	לז	__	{{מ:פסוק|נחמיה|י|לז}}	"וְאֶת־בְּכֹר֤וֹת בָּנֵ֙ינוּ֙ {{נוסח|וּבְהֶמְתֵּ֔נוּ|=ש1ת ובדפוסים|ל=וּבְהֶמְתֵּ֔ינוּ (כתיב מלא יו""ד)}} כַּכָּת֖וּב בַּתּוֹרָ֑ה וְאֶת־בְּכוֹרֵ֨י בְקָרֵ֜ינוּ וְצֹאנֵ֗ינוּ לְהָבִיא֙ לְבֵ֣ית אֱלֹהֵ֔ינוּ לַכֹּ֣הֲנִ֔ים הַמְשָׁרְתִ֖ים בְּבֵ֥ית אֱלֹהֵֽינוּ׃"
ספר עזרא/נחמיה י	לח	__	{{מ:פסוק|נחמיה|י|לח}}	וְאֶת־רֵאשִׁ֣ית עֲרִיסֹתֵ֣ינוּ וּ֠תְרוּמֹתֵ֠ינוּ וּפְרִ֨י כׇל־עֵ֜ץ תִּיר֣וֹשׁ וְיִצְהָ֗ר נָבִ֤יא לַכֹּהֲנִים֙ אֶל־לִשְׁכ֣וֹת בֵּית־אֱלֹהֵ֔ינוּ וּמַעְשַׂ֥ר אַדְמָתֵ֖נוּ לַלְוִיִּ֑ם וְהֵם֙ הַלְוִיִּ֔ם הַֽמְעַשְּׂרִ֔ים בְּכֹ֖ל עָרֵ֥י עֲבֹדָתֵֽנוּ׃
ספר עזרא/נחמיה י	לט	__	{{מ:פסוק|נחמיה|י|לט}}	וְהָיָ֨ה הַכֹּהֵ֧ן בֶּֽן־אַהֲרֹ֛ן עִם־הַלְוִיִּ֖ם בַּעְשֵׂ֣ר הַלְוִיִּ֑ם וְהַלְוִיִּ֞ם יַעֲל֨וּ אֶת־מַעֲשַׂ֤ר הַֽמַּעֲשֵׂר֙ לְבֵ֣ית אֱלֹהֵ֔ינוּ אֶל־הַלְּשָׁכ֖וֹת לְבֵ֥ית הָאוֹצָֽר׃
ספר עזרא/נחמיה י	מ	__	{{מ:פסוק|נחמיה|י|מ}}	כִּ֣י אֶל־הַ֠לְּשָׁכ֠וֹת יָבִ֨יאוּ בְנֵי־יִשְׂרָאֵ֜ל וּבְנֵ֣י הַלֵּוִ֗י אֶת־תְּרוּמַ֣ת הַדָּגָן֮ הַתִּיר֣וֹשׁ וְהַיִּצְהָר֒ וְשָׁם֙ כְּלֵ֣י הַמִּקְדָּ֔שׁ וְהַכֹּהֲנִים֙ הַמְשָׁ֣רְתִ֔ים וְהַשּׁוֹעֲרִ֖ים וְהַמְשֹׁרְרִ֑ים וְלֹ֥א נַעֲזֹ֖ב אֶת־בֵּ֥ית אֱלֹהֵֽינוּ׃
ספר עזרא/נחמיה י	תתת	<noinclude>//{{תבנית:משתמש:Dovi/טעמי המקרא-סוף}}//{{מ:שוליים-סוף}}//==הפרק בלי מספרים==//{{תבנית:משתמש:Dovi/טעמי המקרא}}//{{#בלי קטע:{{שם הדף המלא}}|סימן}}//{{תבנית:משתמש:Dovi/טעמי המקרא-סוף}}//////{{בסיס-משתמש|שם=משתמש:Dovi/תורה על פי המסורה/ספר עזרא}}//</noinclude>		
ספר עזרא/נחמיה יא	0	<noinclude>{{תבנית:טעמי המקרא באינטרנט}}//{{מ:שוליים|5}}//{{תבנית:משתמש:Dovi/טעמי המקרא}}//</noinclude>		
ספר עזרא/נחמיה יא	א	{{מ:אין פרשה בתחילת פרק}}	{{מ:פסוק|נחמיה|יא|א}}	וַיֵּשְׁב֥וּ שָׂרֵֽי־הָעָ֖ם בִּירוּשָׁל{{מ:ירושלם|ָ|֑}}ם וּשְׁאָ֣ר הָ֠עָ֠ם הִפִּ֨ילוּ גוֹרָל֜וֹת לְהָבִ֣יא{{מ:לגרמיה}}אֶחָ֣ד מִן־הָעֲשָׂרָ֗ה לָשֶׁ֙בֶת֙ בִּֽירוּשָׁל{{מ:ירושלם|ַ|֙}}ם֙ עִ֣יר הַקֹּ֔דֶשׁ וְתֵ֥שַׁע הַיָּד֖וֹת בֶּעָרִֽים׃
ספר עזרא/נחמיה יא	ב	__	{{מ:פסוק|נחמיה|יא|ב}}	{{נוסח|וַֽיְבָרְכ֖וּ|=ש1 ובדפוסים|ל=וַֽיְבָרֲכ֖וּ (חטף)}} הָעָ֑ם לְכֹל֙ {{נוסח|הָֽאֲנָשִׁ֔ים|ל=הָֽאֲנָשִׁ֔ים בגעיה ימנית}} הַמִּֽתְנַדְּבִ֔ים לָשֶׁ֖בֶת בִּירוּשָׁל{{מ:ירושלם|ָ|ֽ}}ם׃
ספר עזרא/נחמיה יא	ג	//{{פפ}}//	{{מ:פסוק|נחמיה|יא|ג}}	וְאֵ֙לֶּה֙ רָאשֵׁ֣י הַמְּדִינָ֔ה אֲשֶׁ֥ר יָשְׁב֖וּ בִּירוּשָׁל{{מ:ירושלם|ָ|֑}}ם וּבְעָרֵ֣י יְהוּדָ֗ה יָֽשְׁב֞וּ אִ֤ישׁ בַּאֲחֻזָּתוֹ֙ בְּעָ֣רֵיהֶ֔ם יִשְׂרָאֵ֤ל הַכֹּהֲנִים֙ וְהַלְוִיִּ֣ם וְהַנְּתִינִ֔ים וּבְנֵ֖י עַבְדֵ֥י שְׁלֹמֹֽה׃
ספר עזרא/נחמיה יא	ד	__	{{מ:פסוק|נחמיה|יא|ד}}	וּבִֽירוּשָׁל{{מ:ירושלם|ַ|֙}}ם֙ יָֽשְׁב֔וּ מִבְּנֵ֥י יְהוּדָ֖ה וּמִבְּנֵ֣י בִנְיָמִ֑ן מִבְּנֵ֣י יְ֠הוּדָ֠ה עֲתָיָ֨ה בֶן־עֻזִּיָּ֜ה בֶּן־זְכַרְיָ֧ה בֶן־אֲמַרְיָ֛ה בֶּן־שְׁפַטְיָ֥ה בֶן־מַהֲלַלְאֵ֖ל מִבְּנֵי־פָֽרֶץ׃
ספר עזרא/נחמיה יא	ה	__	{{מ:פסוק|נחמיה|יא|ה}}	וּמַעֲשֵׂיָ֣ה בֶן־בָּר֣וּךְ בֶּן־כׇּל־חֹ֠זֶ֠ה בֶּן־חֲזָיָ֨ה בֶן־עֲדָיָ֧ה בֶן־יוֹיָרִ֛יב בֶּן־זְכַרְיָ֖ה בֶּן־הַשִּׁלֹנִֽי׃
ספר עזרא/נחמיה יא	ו	__	{{מ:פסוק|נחמיה|יא|ו}}	כׇּל־בְּנֵי־פֶ֕רֶץ הַיֹּשְׁבִ֖ים בִּירוּשָׁל{{מ:ירושלם|ָ|֑}}ם אַרְבַּ֥ע מֵא֛וֹת שִׁשִּׁ֥ים וּשְׁמֹנָ֖ה אַנְשֵׁי־חָֽיִל׃
ספר עזרא/נחמיה יא	ז	//{{נוסח|{{פפ}}|ל=פרשה סתומה}}//	{{מ:פסוק|נחמיה|יא|ז}}	וְאֵ֖לֶּה בְּנֵ֣י בִנְיָמִ֑ן סַלֻּ֡א בֶּן־מְשֻׁלָּ֡ם בֶּן־יוֹעֵ֡ד בֶּן־פְּדָיָה֩ בֶן־ק֨וֹלָיָ֧ה בֶן־מַעֲשֵׂיָ֛ה בֶּן־אִֽיתִיאֵ֖ל בֶּן־יְשַֽׁעְיָֽה׃
ספר עזרא/נחמיה יא	ח	__	{{מ:פסוק|נחמיה|יא|ח}}	וְאַחֲרָ֖יו גַּבַּ֣י סַלָּ֑י תְּשַׁ֥ע מֵא֖וֹת עֶשְׂרִ֥ים וּשְׁמֹנָֽה׃
ספר עזרא/נחמיה יא	ט	__	{{מ:פסוק|נחמיה|יא|ט}}	וְיוֹאֵ֥ל בֶּן־זִכְרִ֖י פָּקִ֣יד עֲלֵיהֶ֑ם וִיהוּדָ֧ה בֶן־הַסְּנוּאָ֛ה עַל־הָעִ֖יר מִשְׁנֶֽה׃
ספר עזרא/נחמיה יא	י	//{{פפ}}//	{{מ:פסוק|נחמיה|יא|י}}	מִן־הַֽכֹּהֲנִ֑ים יְדַֽעְיָ֥ה בֶן־יוֹיָרִ֖יב יָכִֽין׃
ספר עזרא/נחמיה יא	יא	__	{{מ:פסוק|נחמיה|יא|יא}}	שְׂרָיָ֨ה בֶן־חִלְקִיָּ֜ה בֶּן־מְשֻׁלָּ֣ם בֶּן־צָד֗וֹק בֶּן־מְרָיוֹת֙ בֶּן־אֲחִיט֔וּב נְגִ֖ד בֵּ֥ית הָאֱלֹהִֽים׃
ספר עזרא/נחמיה יא	יב	__	{{מ:פסוק|נחמיה|יא|יב}}	"וַאֲחֵיהֶ֗ם {{נוסח|עֹשֵׂ֤ה|=ש1ת ומסורת-ל ומ""ש|ל=עֹשֵׂ֤י (כתיב יו""ד)|קורן, סימנים, מכון ממרא}} הַמְּלָאכָה֙ לַבַּ֔יִת שְׁמֹנֶ֥ה מֵא֖וֹת עֶשְׂרִ֣ים וּשְׁנָ֑יִם וַ֠עֲדָיָ֠ה בֶּן־יְרֹחָ֤ם בֶּן־פְּלַלְיָה֙ בֶּן־אַמְצִ֣י בֶן־זְכַרְיָ֔ה בֶּן־פַּשְׁח֖וּר בֶּן־מַלְכִּיָּֽה׃"
ספר עזרא/נחמיה יא	יג	__	{{מ:פסוק|נחמיה|יא|יג}}	וְאֶחָיו֙ רָאשִׁ֣ים לְאָב֔וֹת מָאתַ֖יִם אַרְבָּעִ֣ים וּשְׁנָ֑יִם וַעֲמַשְׁסַ֧י בֶּן־עֲזַרְאֵ֛ל בֶּן־אַחְזַ֥י בֶּן־מְשִׁלֵּמ֖וֹת בֶּן־אִמֵּֽר׃
ספר עזרא/נחמיה יא	יד	__	{{מ:פסוק|נחמיה|יא|יד}}	"וַאֲחֵיהֶם֙ {{נוסח|גִּבֹּ֣רֵי|=ש1ת ומסורת-א וטברנית|ל=גִּבּ֣וֹרֵי (כתיב מלא וי""ו)|קורן, סימנים, מכון ממרא}} חַ֔יִל מֵאָ֖ה עֶשְׂרִ֣ים וּשְׁמֹנָ֑ה וּפָקִ֣יד עֲלֵיהֶ֔ם זַבְדִּיאֵ֖ל בֶּן־הַגְּדוֹלִֽים׃"
ספר עזרא/נחמיה יא	טו	//{{סס}}	{{מ:פסוק|נחמיה|יא|טו}}	וּמִֽן־הַלְוִיִּ֑ם שְׁמַעְיָ֧ה בֶן־חַשּׁ֛וּב בֶּן־עַזְרִיקָ֥ם בֶּן־חֲשַׁבְיָ֖ה בֶּן־בּוּנִּֽי׃
ספר עזרא/נחמיה יא	טז	__	{{מ:פסוק|נחמיה|יא|טז}}	וְשַׁבְּתַ֨י וְיוֹזָבָ֜ד עַל־הַמְּלָאכָ֤ה הַחִֽיצֹנָה֙ לְבֵ֣ית הָאֱלֹהִ֔ים מֵרָאשֵׁ֖י הַלְוִיִּֽם׃
ספר עזרא/נחמיה יא	יז	__	{{מ:פסוק|נחמיה|יא|יז}}	"וּמַתַּנְיָ֣ה בֶן־{{נוסח|מִ֠יכָ֠א|=ש1ת ומסורת-א וטברנית|ל=מִ֠יכָה (כתיב ה""א)|קורן, סימנים, מכון ממרא}} בֶּן־זַבְדִּ֨י בֶן־אָסָ֜ף רֹ֗אשׁ הַתְּחִלָּה֙ יְהוֹדֶ֣ה לַתְּפִלָּ֔ה וּבַקְבֻּקְיָ֖ה מִשְׁנֶ֣ה מֵאֶחָ֑יו וְעַבְדָּא֙ בֶּן־שַׁמּ֔וּעַ בֶּן־גָּלָ֖ל בֶּן־{{קו""כ|ידיתון|יְדוּתֽוּן}}׃"
ספר עזרא/נחמיה יא	יח	__	{{מ:פסוק|נחמיה|יא|יח}}	כׇּל־הַלְוִיִּם֙ בְּעִ֣יר הַקֹּ֔דֶשׁ מָאתַ֖יִם שְׁמֹנִ֥ים וְאַרְבָּעָֽה׃
ספר עזרא/נחמיה יא	יט	//{{פפ}}//	{{מ:פסוק|נחמיה|יא|יט}}	וְהַשּֽׁוֹעֲרִים֙ עַקּ֣וּב טַלְמ֔וֹן וַאֲחֵיהֶ֖ם הַשֹּׁמְרִ֣ים בַּשְּׁעָרִ֑ים מֵאָ֖ה שִׁבְעִ֥ים וּשְׁנָֽיִם׃
ספר עזרא/נחמיה יא	כ	__	{{מ:פסוק|נחמיה|יא|כ}}	וּשְׁאָ֨ר יִשְׂרָאֵ֜ל הַכֹּהֲנִ֤ים הַלְוִיִּם֙ בְּכׇל־עָרֵ֣י יְהוּדָ֔ה אִ֖ישׁ בְּנַחֲלָתֽוֹ׃
ספר עזרא/נחמיה יא	כא	__	{{מ:פסוק|נחמיה|יא|כא}}	וְהַנְּתִינִ֖ים יֹשְׁבִ֣ים בָּעֹ֑פֶל וְצִיחָ֥א וְגִשְׁפָּ֖א עַל־הַנְּתִינִֽים׃
ספר עזרא/נחמיה יא	כב	//{{פפ}}//	{{מ:פסוק|נחמיה|יא|כב}}	וּפְקִ֤יד הַלְוִיִּם֙ בִּיר֣וּשָׁל{{מ:ירושלם|ַ|֔}}ם עֻזִּ֤י בֶן־בָּנִי֙ בֶּן־חֲשַׁבְיָ֔ה בֶּן־מַתַּנְיָ֖ה בֶּן־מִיכָ֑א מִבְּנֵ֤י אָסָף֙ הַמְשֹׁ֣רְרִ֔ים לְנֶ֖גֶד מְלֶ֥אכֶת בֵּית־הָאֱלֹהִֽים׃
ספר עזרא/נחמיה יא	כג	__	{{מ:פסוק|נחמיה|יא|כג}}	כִּֽי־מִצְוַ֥ת הַמֶּ֖לֶךְ עֲלֵיהֶ֑ם וַאֲמָנָ֥ה עַל־הַמְשֹׁרְרִ֖ים דְּבַר־י֥וֹם בְּיוֹמֽוֹ׃
ספר עזרא/נחמיה יא	כד	__	{{מ:פסוק|נחמיה|יא|כד}}	"{{נוסח|וּפְתַֽחְיָ֨ה בֶן־מְשֵֽׁיזַבְאֵ֜ל|=דפוסים|ל=וּפְתַֽחְיָ֨ה בֶּן־מְשֵֽׁיזַבְאֵ֜ל (בי""ת דגושה)}} מִבְּנֵי־זֶ֤רַח בֶּן־יְהוּדָה֙ לְיַ֣ד הַמֶּ֔לֶךְ לְכׇל־דָּבָ֖ר לָעָֽם׃"
ספר עזרא/נחמיה יא	כה	__	{{מ:פסוק|נחמיה|יא|כה}}	וְאֶל־הַחֲצֵרִ֖ים בִּשְׂדֹתָ֑ם מִבְּנֵ֣י יְהוּדָ֗ה יָֽשְׁב֞וּ בְּקִרְיַ֤ת הָֽאַרְבַּע֙ וּבְנֹתֶ֔יהָ וּבְדִיבֹן֙ וּבְנֹתֶ֔יהָ וּבִֽיקַּבְצְאֵ֖ל וַחֲצֵרֶֽיהָ׃
ספר עזרא/נחמיה יא	כו	__	{{מ:פסוק|נחמיה|יא|כו}}	"וּבְיֵשׁ֥וּעַ {{נוסח|וּבְמֹלָדָ֖ה|=ש1ת ומסורת-ל וטברניות|ל=וּבְמוֹלָדָ֖ה (כתיב מלא וי""ו)|קורן, סימנים, מכון ממרא}} וּבְבֵ֥ית פָּֽלֶט׃"
ספר עזרא/נחמיה יא	כז	__	{{מ:פסוק|נחמיה|יא|כז}}	וּבַחֲצַ֥ר שׁוּעָ֛ל וּבִבְאֵ֥ר שֶׁ֖בַע וּבְנֹתֶֽיהָ׃
ספר עזרא/נחמיה יא	כח	__	{{מ:פסוק|נחמיה|יא|כח}}	וּבְצִֽקְלַ֥ג וּבִמְכֹנָ֖ה וּבִבְנֹתֶֽיהָ׃
ספר עזרא/נחמיה יא	כט	__	{{מ:פסוק|נחמיה|יא|כט}}	וּבְעֵ֥ין רִמּ֛וֹן וּבְצׇרְעָ֖ה וּבְיַרְמֽוּת׃
ספר עזרא/נחמיה יא	ל	__	{{מ:פסוק|נחמיה|יא|ל}}	"זָנֹ֤חַ עֲדֻלָּם֙ וְחַצְרֵיהֶ֔ם לָכִישׁ֙ וּשְׂדֹתֶ֔יהָ עֲזֵקָ֖ה וּבְנֹתֶ֑יהָ וַיַּחֲנ֥וּ מִבְּאֵֽר־שֶׁ֖בַע {{נוסח|עַד־גֵּ֥יא הִנֹּֽם|=ש1 ובדפוסים (""גיא"" בטעם מרכא בלי מקף)|ל=עַד־גֵּֽיא־הִנֹּֽם (""גיא"" בגעיה בתיבה מוקפת)}}׃"
ספר עזרא/נחמיה יא	לא	__	{{מ:פסוק|נחמיה|יא|לא}}	וּבְנֵ֥י בִנְיָמִ֖ן מִגָּ֑בַע מִכְמָ֣שׂ וְעַיָּ֔ה וּבֵֽית־אֵ֖ל וּבְנֹתֶֽיהָ׃
ספר עזרא/נחמיה יא	לב	__	{{מ:פסוק|נחמיה|יא|לב}}	עֲנָת֥וֹת נֹ֖ב עֲנָֽנְיָֽה׃
ספר עזרא/נחמיה יא	לג	__	{{מ:פסוק|נחמיה|יא|לג}}	חָצ֥וֹר{{מ:פסק}}רָמָ֖ה גִּתָּֽיִם׃
ספר עזרא/נחמיה יא	לד	__	{{מ:פסוק|נחמיה|יא|לד}}	חָדִ֥יד צְבֹעִ֖ים נְבַלָּֽט׃
ספר עזרא/נחמיה יא	לה	__	{{מ:פסוק|נחמיה|יא|לה}}	לֹ֥ד וְאוֹנ֖וֹ גֵּ֥י הַחֲרָשִֽׁים׃
ספר עזרא/נחמיה יא	לו	__	{{מ:פסוק|נחמיה|יא|לו}}	{{נוסח|וּמִ֨ן־הַלְוִיִּ֔ם|=שיטת-א|ל=וּמִן־הַלְוִיִּ֔ם (אין מתיגה)}} מַחְלְק֥וֹת יְהוּדָ֖ה לְבִנְיָמִֽין׃
ספר עזרא/נחמיה יא	תתת	<noinclude>//{{תבנית:משתמש:Dovi/טעמי המקרא-סוף}}//{{מ:שוליים-סוף}}//==הפרק בלי מספרים==//{{תבנית:משתמש:Dovi/טעמי המקרא}}//{{#בלי קטע:{{שם הדף המלא}}|סימן}}//{{תבנית:משתמש:Dovi/טעמי המקרא-סוף}}//////{{בסיס-משתמש|שם=משתמש:Dovi/תורה על פי המסורה/ספר עזרא}}//</noinclude>		
ספר עזרא/נחמיה יב	0	<noinclude>{{תבנית:טעמי המקרא באינטרנט}}//{{מ:שוליים|5}}//{{תבנית:משתמש:Dovi/טעמי המקרא}}//</noinclude>		
ספר עזרא/נחמיה יב	א	{{פפ}}//	{{מ:פסוק|נחמיה|יב|א}}	וְאֵ֙לֶּה֙ הַכֹּהֲנִ֣ים וְהַלְוִיִּ֔ם אֲשֶׁ֥ר עָל֛וּ עִם־זְרֻבָּבֶ֥ל בֶּן־שְׁאַלְתִּיאֵ֖ל וְיֵשׁ֑וּעַ שְׂרָיָ֥ה יִרְמְיָ֖ה עֶזְרָֽא׃
ספר עזרא/נחמיה יב	ב	__	{{מ:פסוק|נחמיה|יב|ב}}	אֲמַרְיָ֥ה מַלּ֖וּךְ חַטּֽוּשׁ׃
ספר עזרא/נחמיה יב	ג	__	{{מ:פסוק|נחמיה|יב|ג}}	שְׁכַנְיָ֥ה רְחֻ֖ם מְרֵמֹֽת׃
ספר עזרא/נחמיה יב	ד	__	{{מ:פסוק|נחמיה|יב|ד}}	עִדּ֥וֹא גִנְּת֖וֹי אֲבִיָּֽה׃
ספר עזרא/נחמיה יב	ה	__	{{מ:פסוק|נחמיה|יב|ה}}	מִיָּמִ֥ין מַֽעַדְיָ֖ה בִּלְגָּֽה׃
ספר עזרא/נחמיה יב	ו	__	{{מ:פסוק|נחמיה|יב|ו}}	שְׁמַֽעְיָ֥ה וְיוֹיָרִ֖יב יְדַֽעְיָֽה׃
ספר עזרא/נחמיה יב	ז	__	{{מ:פסוק|נחמיה|יב|ז}}	סַלּ֣וּ עָמ֔וֹק חִלְקִיָּ֖ה יְדַֽעְיָ֑ה אֵ֣לֶּה רָאשֵׁ֧י הַכֹּהֲנִ֛ים וַאֲחֵיהֶ֖ם בִּימֵ֥י יֵשֽׁוּעַ׃
ספר עזרא/נחמיה יב	ח	//{{פפ}}//	{{מ:פסוק|נחמיה|יב|ח}}	וְהַלְוִיִּ֗ם יֵשׁ֧וּעַ בִּנּ֛וּי קַדְמִיאֵ֥ל שֵׁרֵבְיָ֖ה יְהוּדָ֣ה מַתַּנְיָ֑ה עַֽל־הֻיְּד֖וֹת ה֥וּא וְאֶחָֽיו׃
ספר עזרא/נחמיה יב	ט	__	{{מ:פסוק|נחמיה|יב|ט}}	"וּבַקְבֻּֽקְיָ֨ה {{כו""ק|וענו|וְעֻנִּ֧י}} אֲחֵיהֶ֛ם לְנֶגְדָּ֖ם לְמִשְׁמָרֽוֹת׃"
ספר עזרא/נחמיה יב	י	__	{{מ:פסוק|נחמיה|יב|י}}	וְיֵשׁ֖וּעַ הוֹלִ֣יד אֶת־יֽוֹיָקִ֑ים וְיֽוֹיָקִים֙ הוֹלִ֣יד אֶת־אֶלְיָשִׁ֔יב וְאֶלְיָשִׁ֖יב אֶת־יוֹיָדָֽע׃
ספר עזרא/נחמיה יב	יא	__	{{מ:פסוק|נחמיה|יב|יא}}	וְיוֹיָדָע֙ הוֹלִ֣יד אֶת־יוֹנָתָ֔ן וְיוֹנָתָ֖ן הוֹלִ֥יד אֶת־יַדּֽוּעַ׃
ספר עזרא/נחמיה יב	יב	__	{{מ:פסוק|נחמיה|יב|יב}}	וּבִימֵי֙ יֽוֹיָקִ֔ים הָי֥וּ כֹהֲנִ֖ים רָאשֵׁ֣י הָאָב֑וֹת לִשְׂרָיָ֣ה מְרָיָ֔ה לְיִרְמְיָ֖ה חֲנַנְיָֽה׃
ספר עזרא/נחמיה יב	יג	__	{{מ:פסוק|נחמיה|יב|יג}}	לְעֶזְרָ֣א מְשֻׁלָּ֔ם לַאֲמַרְיָ֖ה יְהוֹחָנָֽן׃
ספר עזרא/נחמיה יב	יד	__	{{מ:פסוק|נחמיה|יב|יד}}	"{{כו""ק|למלוכי|לִמְלִ֙יכוּ֙}} יֽוֹנָתָ֔ן לִשְׁבַנְיָ֖ה יוֹסֵֽף׃"
ספר עזרא/נחמיה יב	טו	__	{{מ:פסוק|נחמיה|יב|טו}}	לְחָרִ֣ם עַדְנָ֔א לִמְרָי֖וֹת חֶלְקָֽי׃
ספר עזרא/נחמיה יב	טז	__	{{מ:פסוק|נחמיה|יב|טז}}	"{{כו""ק|לעדיא|לְעִדּ֥וֹא}} זְכַרְיָ֖ה לְגִנְּת֥וֹן מְשֻׁלָּֽם׃"
ספר עזרא/נחמיה יב	יז	__	{{מ:פסוק|נחמיה|יב|יז}}	לַאֲבִיָּ֖ה זִכְרִ֑י לְמִ֨נְיָמִ֔ין לְמוֹעַדְיָ֖ה פִּלְטָֽי׃
ספר עזרא/נחמיה יב	יח	__	{{מ:פסוק|נחמיה|יב|יח}}	לְבִלְגָּ֣ה שַׁמּ֔וּעַ לִֽשְׁמַעְיָ֖ה יְהוֹנָתָֽן׃
ספר עזרא/נחמיה יב	יט	__	{{מ:פסוק|נחמיה|יב|יט}}	וּלְיוֹיָרִ֣יב מַתְּנַ֔י לִֽידַֽעְיָ֖ה עֻזִּֽי׃
ספר עזרא/נחמיה יב	כ	__	{{מ:פסוק|נחמיה|יב|כ}}	לְסַלַּ֥י קַלָּ֖י לְעָמ֥וֹק עֵֽבֶר׃
ספר עזרא/נחמיה יב	כא	__	{{מ:פסוק|נחמיה|יב|כא}}	לְחִלְקִיָּ֣ה חֲשַׁבְיָ֔ה לִֽידַֽעְיָ֖ה נְתַנְאֵֽל׃
ספר עזרא/נחמיה יב	כב	__	{{מ:פסוק|נחמיה|יב|כב}}	הַלְוִיִּם֩ בִּימֵ֨י אֶלְיָשִׁ֜יב יוֹיָדָ֤ע וְיוֹחָנָן֙ וְיַדּ֔וּעַ כְּתוּבִ֖ים רָאשֵׁ֣י אָב֑וֹת וְהַכֹּ֣הֲנִ֔ים עַל־מַלְכ֖וּת דָּרְיָ֥וֶשׁ הַפָּֽרְסִֽי׃
ספר עזרא/נחמיה יב	כג	//{{פפ}}//	{{מ:פסוק|נחמיה|יב|כג}}	בְּנֵ֤י לֵוִי֙ רָאשֵׁ֣י הָֽאָב֔וֹת כְּתוּבִ֕ים עַל־סֵ֖פֶר דִּבְרֵ֣י הַיָּמִ֑ים וְעַד־יְמֵ֖י יֽוֹחָנָ֥ן בֶּן־אֶלְיָשִֽׁיב׃
ספר עזרא/נחמיה יב	כד	__	{{מ:פסוק|נחמיה|יב|כד}}	וְרָאשֵׁ֣י הַ֠לְוִיִּ֠ם חֲשַׁבְיָ֨ה שֵֽׁרֵבְיָ֜ה וְיֵשׁ֤וּעַ בֶּן־קַדְמִיאֵל֙ וַאֲחֵיהֶ֣ם לְנֶגְדָּ֔ם לְהַלֵּ֣ל לְהוֹד֔וֹת בְּמִצְוַ֖ת דָּוִ֣יד אִישׁ־הָאֱלֹהִ֑ים מִשְׁמָ֖ר לְעֻמַּ֥ת מִשְׁמָֽר׃
ספר עזרא/נחמיה יב	כה	__	{{מ:פסוק|נחמיה|יב|כה}}	מַתַּנְיָ֧ה וּבַקְבֻּֽקְיָ֛ה עֹבַדְיָ֥ה מְשֻׁלָּ֖ם טַלְמ֣וֹן עַקּ֑וּב שֹׁמְרִ֤ים שֽׁוֹעֲרִים֙ מִשְׁמָ֔ר בַּאֲסֻפֵּ֖י הַשְּׁעָרִֽים׃
ספר עזרא/נחמיה יב	כו	__	{{מ:פסוק|נחמיה|יב|כו}}	אֵ֕לֶּה בִּימֵ֛י יוֹיָקִ֥ים בֶּן־יֵשׁ֖וּעַ בֶּן־יוֹצָדָ֑ק וּבִימֵי֙ נְחֶמְיָ֣ה הַפֶּחָ֔ה וְעֶזְרָ֥א הַכֹּהֵ֖ן הַסּוֹפֵֽר׃
ספר עזרא/נחמיה יב	כז	//{{פפ}}//	{{מ:פסוק|נחמיה|יב|כז|סדר=י}}	וּבַחֲנֻכַּ֞ת חוֹמַ֣ת יְרוּשָׁל{{מ:ירושלם|ַ|֗}}ם בִּקְשׁ֤וּ אֶת־הַלְוִיִּם֙ מִכׇּל־מְק֣וֹמֹתָ֔ם לַהֲבִיאָ֖ם לִֽירוּשָׁל{{מ:ירושלם|ָ|֑}}ם לַעֲשֹׂ֨ת חֲנֻכָּ֤ה וְשִׂמְחָה֙ וּבְתוֹד֣וֹת וּבְשִׁ֔יר מְצִלְתַּ֖יִם נְבָלִ֥ים וּבְכִנֹּרֽוֹת׃
ספר עזרא/נחמיה יב	כח	__	{{מ:פסוק|נחמיה|יב|כח}}	וַיֵּאָ֣סְפ֔וּ בְּנֵ֖י הַמְשֹׁרְרִ֑ים וּמִן־הַכִּכָּר֙ סְבִיב֣וֹת יְרוּשָׁל{{מ:ירושלם|ַ|֔}}ם וּמִן־חַצְרֵ֖י נְטֹפָתִֽי׃
ספר עזרא/נחמיה יב	כט	__	{{מ:פסוק|נחמיה|יב|כט}}	וּמִבֵּית֙ הַגִּלְגָּ֔ל וּמִשְּׂד֥וֹת גֶּ֖בַע וְעַזְמָ֑וֶת כִּ֣י חֲצֵרִ֗ים בָּנ֤וּ לָהֶם֙ {{נוסח|הַמְשֹׁ֣רְרִ֔ים|=ש1 ובדפוסים|ל=הַמְשֹׁ֣רֲרִ֔ים (חטף)}} סְבִיב֖וֹת יְרוּשָׁל{{מ:ירושלם|ָ|ֽ}}ם׃
ספר עזרא/נחמיה יב	ל	__	{{מ:פסוק|נחמיה|יב|ל}}	"וַיִּֽטַּהֲר֔וּ הַכֹּהֲנִ֖ים וְהַלְוִיִּ֑ם וַֽיְטַהֲרוּ֙ אֶת־הָעָ֔ם וְאֶת־הַשְּׁעָרִ֖ים {{נוסח|וְאֶֽת־הַחוֹמָֽה|=ל|הגעיה קצת מטושטשת אבל קיימת. ברויאר העיר על געיה זו במהדורתו הראשונה (בספק) והוריד אותה בנוסח הפנים, אבל כל מעתיקי כתי""ל האחרים הביאו אותה.}}׃"
ספר עזרא/נחמיה יב	לא	__	{{מ:פסוק|נחמיה|יב|לא}}	וָאַעֲלֶה֙ אֶת־שָׂרֵ֣י יְהוּדָ֔ה מֵעַ֖ל לַחוֹמָ֑ה וָאַעֲמִ֡ידָה שְׁתֵּ֣י תוֹדֹת֩ גְּדוֹלֹ֨ת וְתַהֲלֻכֹ֤ת לַיָּמִין֙ מֵעַ֣ל לַחוֹמָ֔ה לְשַׁ֖עַר הָאַשְׁפֹּֽת׃
ספר עזרא/נחמיה יב	לב	__	{{מ:פסוק|נחמיה|יב|לב}}	וַיֵּ֤לֶךְ אַחֲרֵיהֶם֙ הוֹשַׁ֣עְיָ֔ה וַחֲצִ֖י שָׂרֵ֥י יְהוּדָֽה׃
ספר עזרא/נחמיה יב	לג	__	{{מ:פסוק|נחמיה|יב|לג}}	וַעֲזַרְיָ֥ה עֶזְרָ֖א וּמְשֻׁלָּֽם׃
ספר עזרא/נחמיה יב	לד	__	{{מ:פסוק|נחמיה|יב|לד}}	יְהוּדָה֙ וּבִנְיָמִ֔ן וּֽשְׁמַֽעְיָ֖ה וְיִרְמְיָֽה׃
ספר עזרא/נחמיה יב	לה	//{{נוסח|{{פפ}}|ל=פרשה סתומה}}//	{{מ:פסוק|נחמיה|יב|לה}}	וּמִבְּנֵ֥י הַכֹּהֲנִ֖ים בַּחֲצֹצְר֑וֹת זְכַרְיָ֨ה בֶן־יֽוֹנָתָ֜ן בֶּן־שְׁמַֽעְיָ֗ה בֶּן־מַתַּנְיָה֙ בֶּן־מִ֣יכָיָ֔ה בֶּן־זַכּ֖וּר בֶּן־אָסָֽף׃
ספר עזרא/נחמיה יב	לו	__	{{מ:פסוק|נחמיה|יב|לו}}	וְֽאֶחָ֡יו שְֽׁמַעְיָ֡ה וַעֲזַרְאֵ֡ל {{נוסח|מִֽלְלַ֡י גִּֽלְלַ֡י|=ש1|ל=מִֽלֲלַ֡י גִּֽלֲלַ֡י (חטפים)}} מָעַ֞י נְתַנְאֵ֤ל וִֽיהוּדָה֙ חֲנָ֔נִי בִּכְלֵי־שִׁ֥יר דָּוִ֖יד אִ֣ישׁ הָאֱלֹהִ֑ים וְעֶזְרָ֥א הַסּוֹפֵ֖ר לִפְנֵיהֶֽם׃
ספר עזרא/נחמיה יב	לז	__	{{מ:פסוק|נחמיה|יב|לז}}	וְעַל֩ שַׁ֨עַר הָעַ֜יִן וְנֶגְדָּ֗ם עָלוּ֙ עַֽל־מַעֲלוֹת֙ עִ֣יר דָּוִ֔יד בַּֽמַּעֲלֶ֖ה לַחוֹמָ֑ה מֵעַל֙ לְבֵ֣ית דָּוִ֔יד וְעַ֛ד שַׁ֥עַר הַמַּ֖יִם מִזְרָֽח׃
ספר עזרא/נחמיה יב	לח	__	{{מ:פסוק|נחמיה|יב|לח}}	וְהַתּוֹדָ֧ה הַשֵּׁנִ֛ית הַהוֹלֶ֥כֶת לְמ֖וֹאל וַאֲנִ֣י אַחֲרֶ֑יהָ וַחֲצִ֨י הָעָ֜ם מֵעַ֣ל לְהַחוֹמָ֗ה מֵעַל֙ לְמִגְדַּ֣ל הַתַּנּוּרִ֔ים וְעַ֖ד הַחוֹמָ֥ה הָרְחָבָֽה׃
ספר עזרא/נחמיה יב	לט	__	{{מ:פסוק|נחמיה|יב|לט}}	וּמֵעַ֣ל לְשַֽׁעַר־אֶ֠פְרַ֠יִם וְעַל־שַׁ֨עַר הַיְשָׁנָ֜ה וְעַל־שַׁ֣עַר הַדָּגִ֗ים וּמִגְדַּ֤ל חֲנַנְאֵל֙ וּמִגְדַּ֣ל הַמֵּאָ֔ה וְעַ֖ד שַׁ֣עַר הַצֹּ֑אן וְעָ֣מְד֔וּ בְּשַׁ֖עַר הַמַּטָּרָֽה׃
ספר עזרא/נחמיה יב	מ	__	{{מ:פסוק|נחמיה|יב|מ}}	וַֽתַּעֲמֹ֛דְנָה שְׁתֵּ֥י הַתּוֹדֹ֖ת בְּבֵ֣ית הָאֱלֹהִ֑ים וַאֲנִ֕י וַחֲצִ֥י הַסְּגָנִ֖ים עִמִּֽי׃
ספר עזרא/נחמיה יב	מא	__	{{מ:פסוק|נחמיה|יב|מא}}	וְהַכֹּהֲנִ֡ים אֶלְיָקִ֡ים מַעֲשֵׂיָ֡ה מִ֠נְיָמִ֠ין מִיכָיָ֧ה אֶלְיוֹעֵינַ֛י זְכַרְיָ֥ה חֲנַנְיָ֖ה בַּחֲצֹצְרֽוֹת׃
ספר עזרא/נחמיה יב	מב	__	{{מ:פסוק|נחמיה|יב|מב}}	וּמַעֲשֵׂיָ֨ה וּֽשְׁמַֽעְיָ֜ה וְאֶלְעָזָ֧ר וְעֻזִּ֛י וִֽיהוֹחָנָ֥ן וּמַלְכִּיָּ֖ה וְעֵילָ֣ם וָעָ֑זֶר וַיַּשְׁמִ֙יעוּ֙ הַמְשֹׁ֣רְרִ֔ים וְיִֽזְרַחְיָ֖ה הַפָּקִֽיד׃
ספר עזרא/נחמיה יב	מג	__	{{מ:פסוק|נחמיה|יב|מג}}	וַיִּזְבְּח֣וּ בַיּוֹם־הַ֠ה֠וּא זְבָחִ֨ים גְּדוֹלִ֜ים וַיִּשְׂמָ֗חוּ כִּ֤י הָאֱלֹהִים֙ שִׂמְּחָם֙ שִׂמְחָ֣ה גְדוֹלָ֔ה וְגַ֧ם הַנָּשִׁ֛ים וְהַיְלָדִ֖ים שָׂמֵ֑חוּ וַתִּשָּׁמַ֛ע שִׂמְחַ֥ת יְרוּשָׁל{{מ:ירושלם|ַ|֖}}ם מֵרָחֽוֹק׃
ספר עזרא/נחמיה יב	מד	__	{{מ:פסוק|נחמיה|יב|מד}}	וַיִּפָּקְד֣וּ בַיּוֹם֩ הַה֨וּא אֲנָשִׁ֜ים עַל־הַנְּשָׁכ֗וֹת לָא֨וֹצָר֥וֹת לַתְּרוּמוֹת֮ לָרֵאשִׁ֣ית וְלַמַּֽעַשְׂרוֹת֒ לִכְנ֨וֹס בָּהֶ֜ם לִשְׂדֵ֤י הֶעָרִים֙ מְנָא֣וֹת הַתּוֹרָ֔ה לַכֹּהֲנִ֖ים וְלַלְוִיִּ֑ם כִּ֚י שִׂמְחַ֣ת יְהוּדָ֔ה עַל־הַכֹּהֲנִ֥ים וְעַל־הַלְוִיִּ֖ם הָעֹמְדִֽים׃
ספר עזרא/נחמיה יב	מה	__	{{מ:פסוק|נחמיה|יב|מה}}	וַֽיִּשְׁמְר֞וּ מִשְׁמֶ֤רֶת אֱלֹֽהֵיהֶם֙ וּמִשְׁמֶ֣רֶת {{מ:קמץ|ד=הַֽטׇּהֳרָ֔ה|ס=הַֽטָּהֳרָ֔ה}} וְהַמְשֹׁרְרִ֖ים וְהַשֹּׁעֲרִ֑ים כְּמִצְוַ֥ת דָּוִ֖יד שְׁלֹמֹ֥ה בְנֽוֹ׃
ספר עזרא/נחמיה יב	מו	__	{{מ:פסוק|נחמיה|יב|מו}}	"כִּֽי־בִימֵ֥י דָוִ֛יד וְאָסָ֖ף מִקֶּ֑דֶם {{כו""ק|ראש|רָאשֵׁי֙}} הַמְשֹׁ֣רְרִ֔ים וְשִׁיר־תְּהִלָּ֥ה וְהֹד֖וֹת לֵֽאלֹהִֽים׃"
ספר עזרא/נחמיה יב	מז	__	{{מ:פסוק|נחמיה|יב|מז}}	וְכׇל־יִשְׂרָאֵל֩ בִּימֵ֨י זְרֻבָּבֶ֜ל וּבִימֵ֣י נְחֶמְיָ֗ה {{נוסח|נֹ֥תְנִ֛ים|=שיטת-א (מרכא בתיבת תביר)|הקלדה=נֹֽתְנִ֛ים}} מְנָי֛וֹת הַמְשֹׁרְרִ֥ים וְהַשֹּׁעֲרִ֖ים דְּבַר־י֣וֹם בְּיוֹמ֑וֹ וּמַקְדִּשִׁים֙ לַלְוִיִּ֔ם וְהַלְוִיִּ֔ם מַקְדִּשִׁ֖ים לִבְנֵ֥י אַהֲרֹֽן׃
ספר עזרא/נחמיה יב	תתת	<noinclude>//{{תבנית:משתמש:Dovi/טעמי המקרא-סוף}}//{{מ:שוליים-סוף}}//==הפרק בלי מספרים==//{{תבנית:משתמש:Dovi/טעמי המקרא}}//{{#בלי קטע:{{שם הדף המלא}}|סימן}}//{{תבנית:משתמש:Dovi/טעמי המקרא-סוף}}//////{{בסיס-משתמש|שם=משתמש:Dovi/תורה על פי המסורה/ספר עזרא}}//</noinclude>		
ספר עזרא/נחמיה יג	0	<noinclude>{{תבנית:טעמי המקרא באינטרנט}}//{{מ:שוליים|5}}//{{תבנית:משתמש:Dovi/טעמי המקרא}}//</noinclude>		
ספר עזרא/נחמיה יג	א	{{פפ}}//	{{מ:פסוק|נחמיה|יג|א}}	"בַּיּ֣וֹם הַה֗וּא נִקְרָ֛א בְּסֵ֥פֶר מֹשֶׁ֖ה בְּאׇזְנֵ֣י הָעָ֑ם וְנִמְצָא֙ כָּת֣וּב בּ֔וֹ אֲ֠שֶׁ֠ר לֹא־יָב֨וֹא עַמֹּנִ֧י {{נוסח|וּמוֹאָבִ֛י|=ש1ת ומסורת טברנית|ל=וּמֹאָבִ֛י (כתיב חסר וי""ו) וכן בקורן|הערת ברויאר|סימנים, מכון ממרא}} בִּקְהַ֥ל הָאֱלֹהִ֖ים עַד־עוֹלָֽם׃"
ספר עזרא/נחמיה יג	ב	__	{{מ:פסוק|נחמיה|יג|ב}}	כִּ֣י לֹ֧א קִדְּמ֛וּ אֶת־בְּנֵ֥י יִשְׂרָאֵ֖ל בַּלֶּ֣חֶם וּבַמָּ֑יִם וַיִּשְׂכֹּ֨ר עָלָ֤יו אֶת־בִּלְעָם֙ לְקַֽלְל֔וֹ וַיַּהֲפֹ֧ךְ אֱלֹהֵ֛ינוּ הַקְּלָלָ֖ה לִבְרָכָֽה׃
ספר עזרא/נחמיה יג	ג	__	{{מ:פסוק|נחמיה|יג|ג}}	וַיְהִ֖י כְּשׇׁמְעָ֣ם אֶת־הַתּוֹרָ֑ה וַיַּבְדִּ֥ילוּ כׇל־עֵ֖רֶב {{נוסח|מִיִּשְׂרָאֵֽל|=דפוסים|ל=מִיּשְׂרָאֵֽל (חסר חיריק!) אבל המקליד השלים את הניקוד בלי להעיר.|הערות ברויאר ודותן}}׃
ספר עזרא/נחמיה יג	ד	__	{{מ:פסוק|נחמיה|יג|ד}}	וְלִפְנֵ֣י מִזֶּ֔ה אֶלְיָשִׁיב֙ הַכֹּהֵ֔ן נָת֖וּן בְּלִשְׁכַּ֣ת בֵּית־אֱלֹהֵ֑ינוּ קָר֖וֹב לְטוֹבִיָּֽה׃
ספר עזרא/נחמיה יג	ה	__	{{מ:פסוק|נחמיה|יג|ה}}	"וַיַּ֨עַשׂ ל֜וֹ לִשְׁכָּ֣ה גְדוֹלָ֗ה וְשָׁ֣ם הָי{{ירח בן יומו}}וּ לְפָנִ֟ים נֹ֠תְנִ֠ים אֶת־הַמִּנְחָ֨ה הַלְּבוֹנָ֜ה וְהַכֵּלִ֗ים וּמַעְשַׂ֤ר הַדָּגָן֙ הַתִּיר֣וֹשׁ וְהַיִּצְהָ֔ר מִצְוַת֙ הַלְוִיִּ֔ם וְהַמְשֹׁרְרִ֖ים {{נוסח|וְהַשּׁוֹעֲרִ֑ים|=ש1ת ומסורת-ל וטברית|ל=וְהַשֹּׁעֲרִ֑ים (כתיב חסר וי""ו)|קורן, סימנים, מכון ממרא}} וּתְרוּמַ֖ת הַכֹּהֲנִֽים׃"
ספר עזרא/נחמיה יג	ו	__	{{מ:פסוק|נחמיה|יג|ו}}	וּבְכׇל־זֶ֕ה לֹ֥א הָיִ֖יתִי בִּֽירוּשָׁל{{מ:ירושלם|ָ|֑}}ם כִּ֡י בִּשְׁנַת֩ שְׁלֹשִׁ֨ים וּשְׁתַּ֜יִם לְאַרְתַּחְשַׁ֤סְתְּא מֶֽלֶךְ־בָּבֶל֙ בָּ֣אתִי אֶל־הַמֶּ֔לֶךְ וּלְקֵ֥ץ יָמִ֖ים נִשְׁאַ֥לְתִּי מִן־הַמֶּֽלֶךְ׃
ספר עזרא/נחמיה יג	ז	__	{{מ:פסוק|נחמיה|יג|ז}}	וָאָב֖וֹא לִֽירוּשָׁל{{מ:ירושלם|ָ|֑}}ם וָאָבִ֣ינָה בָרָעָ֗ה אֲשֶׁ֨ר עָשָׂ֤ה אֶלְיָשִׁיב֙ לְט֣וֹבִיָּ֔ה לַעֲשׂ֥וֹת לוֹ֙ נִשְׁכָּ֔ה בְּחַצְרֵ֖י בֵּ֥ית הָאֱלֹהִֽים׃
ספר עזרא/נחמיה יג	ח	__	{{מ:פסוק|נחמיה|יג|ח}}	וַיֵּ֥רַֽע לִ֖י מְאֹ֑ד {{נוסח|וָֽאַשְׁלִ֜יכָה|ל=וָֽאַשְׁלִ֜יכָה בגעיה ימנית}} אֶֽת־כׇּל־כְּלֵ֧י בֵית־טוֹבִיָּ֛ה הַח֖וּץ מִן־הַלִּשְׁכָּֽה׃
ספר עזרא/נחמיה יג	ט	__	{{מ:פסוק|נחמיה|יג|ט}}	וָאֹ֣מְרָ֔ה וַֽיְטַהֲר֖וּ הַלְּשָׁכ֑וֹת וָאָשִׁ֣יבָה שָּׁ֗ם כְּלֵי֙ בֵּ֣ית הָאֱלֹהִ֔ים אֶת־הַמִּנְחָ֖ה וְהַלְּבוֹנָֽה׃
ספר עזרא/נחמיה יג	י	//{{פפ}}//	{{מ:פסוק|נחמיה|יג|י}}	וָאֵ֣דְעָ֔ה כִּֽי־מְנָי֥וֹת הַלְוִיִּ֖ם לֹ֣א נִתָּ֑נָה וַיִּבְרְח֧וּ אִישׁ־לְשָׂדֵ֛הוּ הַלְוִיִּ֥ם וְהַמְשֹׁרְרִ֖ים עֹשֵׂ֥י הַמְּלָאכָֽה׃
ספר עזרא/נחמיה יג	יא	__	{{מ:פסוק|נחמיה|יג|יא}}	"וָאָרִ֙יבָה֙ אֶת־הַסְּגָנִ֔ים וָאֹ֣מְרָ֔ה מַדּ֖וּעַ נֶעֱזַ֣ב בֵּית־הָאֱלֹהִ֑ים {{נוסח|וָֽאֶקְבְּצֵ֔ם|=ל? (לאחר תיקון?) ובדפוסים (וכן בקורן), וכך צריך להיות לפי שיטת-א.|ל?=<וָֽאֶ֨קְבְּצֵ֔ם> (געיה ומתיגה?) וכך בדותן ובהקלדת וסטמינסטר.|ייבין, כתר (כב 25 הערה 14) שיער שיד מאוחרת ניסה לתקן כאן את המתיגה <וָאֶ֨קְבְּצֵ֔ם> לגעיה <וָֽאֶקְבְּצֵ֔ם> אבל לא מחק את המתיגה לגמרי. בעקבותיו קבעו ברויאר ומג""ה <וָֽאֶקְבְּצֵ֔ם> (וכך גם ב-BHS).|הערות ייבין וברויאר והמקליד}} וָֽאַעֲמִדֵ֖ם עַל־עׇמְדָֽם׃"
ספר עזרא/נחמיה יג	יב	__	{{מ:פסוק|נחמיה|יג|יב}}	וְכׇל־יְהוּדָ֗ה הֵבִ֜יאוּ מַעְשַׂ֧ר הַדָּגָ֛ן וְהַתִּיר֥וֹשׁ וְהַיִּצְהָ֖ר לָאוֹצָרֽוֹת׃
ספר עזרא/נחמיה יג	יג	__	{{מ:פסוק|נחמיה|יג|יג}}	וָאוֹצְרָ֣ה עַל־א֠וֹצָר֠וֹת שֶׁלֶמְיָ֨ה הַכֹּהֵ֜ן וְצָד֣וֹק הַסּוֹפֵ֗ר וּפְדָיָה֙ מִן־הַלְוִיִּ֔ם {{נוסח|וְעַ֨ל־יָדָ֔ם|=ש1 ושיטת-א ובדפוסים|ל=וְעַל־יָדָ֔ם (אין מתיגה)}} חָנָ֥ן בֶּן־זַכּ֖וּר בֶּן־מַתַּנְיָ֑ה כִּ֤י נֶאֱמָנִים֙ נֶחְשָׁ֔בוּ וַעֲלֵיהֶ֖ם לַחֲלֹ֥ק לַאֲחֵיהֶֽם׃
ספר עזרא/נחמיה יג	יד	//{{פפ}}//	{{מ:פסוק|נחמיה|יג|יד}}	זׇכְרָה־לִּ֥י אֱלֹהַ֖י עַל־זֹ֑את וְאַל־תֶּ֣מַח חֲסָדַ֗י אֲשֶׁ֥ר עָשִׂ֛יתִי בְּבֵ֥ית אֱלֹהַ֖י וּבְמִשְׁמָרָֽיו׃
ספר עזרא/נחמיה יג	טו	__	{{מ:פסוק|נחמיה|יג|טו}}	בַּיָּמִ֣ים הָהֵ֡מָּה רָאִ֣יתִי בִֽיהוּדָ֣ה{{מ:פסק}}דֹּֽרְכִֽים־גִּתּ֣וֹת{{מ:פסק}}בַּשַּׁבָּ֡ת וּמְבִיאִ֣ים הָעֲרֵמ֣וֹת וְֽעֹמְסִ{{ירח בן יומו}}ים עַל־הַחֲמֹרִ֟ים וְאַף־יַ֜יִן עֲנָבִ֤ים וּתְאֵנִים֙ וְכׇל־מַשָּׂ֔א וּמְבִיאִ֥ים יְרוּשָׁל{{מ:ירושלם|ַ|֖}}ם בְּי֣וֹם הַשַּׁבָּ֑ת וָאָעִ֕יד בְּי֖וֹם מִכְרָ֥ם צָֽיִד׃
ספר עזרא/נחמיה יג	טז	__	{{מ:פסוק|נחמיה|יג|טז}}	"וְהַצֹּרִים֙ יָ֣שְׁבוּ בָ֔הּ מְבִיאִ֥ים דָּ֖אג וְכׇל־מֶ֑כֶר {{נוסח|וּמוֹכְרִ֧ים|=ת ומסורת-א וטברנית|ל=וּמֹכְרִ֧ים (כתיב חסר וי""ו)|קורן, סימנים, מכון ממרא}} בַּשַּׁבָּ֛ת לִבְנֵ֥י יְהוּדָ֖ה וּבִירוּשָׁל{{מ:ירושלם|ָ|ֽ}}ם׃"
ספר עזרא/נחמיה יג	יז	__	{{מ:פסוק|נחמיה|יג|יז}}	"וָאָרִ֕יבָה אֵ֖ת חֹרֵ֣י יְהוּדָ֑ה וָאֹמְרָ֣ה לָהֶ֗ם מָֽה־הַדָּבָ֨ר הָרָ֤ע הַזֶּה֙ אֲשֶׁ֣ר אַתֶּ֣ם עֹשִׂ֔ים וּֽמְחַלְּלִ֖ים אֶת־י֥וֹם {{נוסח|הַשַּׁבָּֽת|ל=הַשַׁבָּֽת (חסר דגש)|הערות ברויאר ודותן, אבל המקליד הוסיף את הדגש בשי""ן בלי להעיר}}׃"
ספר עזרא/נחמיה יג	יח	__	{{מ:פסוק|נחמיה|יג|יח}}	הֲל֨וֹא כֹ֤ה עָשׂוּ֙ אֲבֹ֣תֵיכֶ֔ם וַיָּבֵ֨א אֱלֹהֵ֜ינוּ עָלֵ֗ינוּ אֵ֚ת כׇּל־הָרָעָ֣ה הַזֹּ֔את וְעַ֖ל הָעִ֣יר הַזֹּ֑את וְאַתֶּ֞ם מוֹסִיפִ֤ים חָרוֹן֙ עַל־יִשְׂרָאֵ֔ל לְחַלֵּ֖ל אֶת־הַשַּׁבָּֽת׃
ספר עזרא/נחמיה יג	יט	//{{פפ}}//	{{מ:פסוק|נחמיה|יג|יט}}	"וַיְהִ֡י כַּאֲשֶׁ֣ר {{נוסח|צָֽלְלוּ֩|=דפוסים|ל=צָֽלֲלוּ֩ (חטף)}} שַׁעֲרֵ֨י יְרוּשָׁל{{מ:ירושלם|ַ|֜}}ם לִפְנֵ֣י {{נוסח|הַשַּׁבָּ֗ת|ל=הַשַׁבָּ֗ת (חסר דגש)|הערות ברויאר ודותן (דותן בספק), והמקליד הוסיף את הדגש בשי""ן בלי להעיר}} וָאֹֽמְרָה֙ וַיִּסָּגְר֣וּ הַדְּלָת֔וֹת וָאֹ֣מְרָ֔ה אֲשֶׁר֙ לֹ֣א יִפְתָּח֔וּם עַ֖ד אַחַ֣ר הַשַּׁבָּ֑ת וּמִנְּעָרַ֗י הֶֽעֱמַ֙דְתִּי֙ עַל־הַשְּׁעָרִ֔ים לֹא־יָב֥וֹא מַשָּׂ֖א בְּי֥וֹם {{נוסח|הַשַּׁבָּֽת|ל=הַשַׁבָּֽת (חסר דגש)|הערת ברויאר ודותן אבל המקליד הוסיף את הדגש בשי""ן בלי להעיר}}׃"
ספר עזרא/נחמיה יג	כ	__	{{מ:פסוק|נחמיה|יג|כ}}	וַיָּלִ֨ינוּ הָרֹכְלִ֜ים וּמֹכְרֵ֧י כׇל־מִמְכָּ֛ר מִח֥וּץ לִירוּשָׁל{{מ:ירושלם|ָ|֖}}ם פַּ֥עַם וּשְׁתָּֽיִם׃
ספר עזרא/נחמיה יג	כא	__	{{מ:פסוק|נחמיה|יג|כא}}	"וָאָעִ֣ידָה בָהֶ֗ם וָאֹמְרָ֤ה אֲלֵיהֶם֙ מַדּ֜וּעַ אַתֶּ֤ם לֵנִים֙ נֶ֣גֶד הַחוֹמָ֔ה אִם־תִּשְׁנ֕וּ יָ֖ד אֶשְׁלַ֣ח בָּכֶ֑ם מִן־הָעֵ֣ת הַהִ֔יא לֹא־בָ֖אוּ {{נוסח|בַּשַּׁבָּֽת|ל=בַּשַׁבָּֽת (חסר דגש)|הערות ברויאר ודותן, והמקליד הוסיף את הדגש בשי""ן בלי להעיר}}׃"
ספר עזרא/נחמיה יג	כב	//{{נוסח|{{פפ}}|ל=פרשה סתומה}}//	{{מ:פסוק|נחמיה|יג|כב}}	"וָאֹמְרָ֣ה לַלְוִיִּ֗ם אֲשֶׁ֨ר יִֽהְי֤וּ מִֽטַּהֲרִים֙ וּבָאִים֙ שֹׁמְרִ֣ים הַשְּׁעָרִ֔ים לְקַדֵּ֖שׁ אֶת־י֣וֹם {{נוסח|הַשַּׁבָּ֑ת|ל=הַשַׁבָּ֑ת (חסר דגש)|הערות ברויאר ודותן, והמקליד הוסיף את הדגש בשי""ן בלי להעיר}} גַּם־זֹאת֙ זׇכְרָה־לִּ֣י אֱלֹהַ֔י וְח֥וּסָה עָלַ֖י כְּרֹ֥ב חַסְדֶּֽךָ׃"
ספר עזרא/נחמיה יג	כג	//{{פפ}}//	{{מ:פסוק|נחמיה|יג|כג}}	"גַּ֣ם{{מ:לגרמיה}}בַּיָּמִ֣ים הָהֵ֗ם רָאִ֤יתִי אֶת־הַיְּהוּדִים֙ הֹשִׁ֗יבוּ נָשִׁים֙ {{נוסח|{{כו""ק|אשדודיות|אַשְׁדֳּדִיּ֔וֹת}}|ל=יתיר ו'}} {{נוסח|{{כו""ק|עמוניות|עַמֳּנִיּ֖וֹת}}|ל=יתיר ו'}} מוֹאֲבִיּֽוֹת׃"
ספר עזרא/נחמיה יג	כד	__	{{מ:פסוק|נחמיה|יג|כד}}	וּבְנֵיהֶ֗ם חֲצִי֙ מְדַבֵּ֣ר אַשְׁדּוֹדִ֔ית וְאֵינָ֥ם מַכִּירִ֖ים לְדַבֵּ֣ר יְהוּדִ֑ית וְכִלְשׁ֖וֹן עַ֥ם וָעָֽם׃
ספר עזרא/נחמיה יג	כה	__	{{מ:פסוק|נחמיה|יג|כה}}	וָאָרִ֤יב עִמָּם֙ וָאֲקַֽלְלֵ֔ם וָאַכֶּ֥ה מֵהֶ֛ם אֲנָשִׁ֖ים וָֽאֶמְרְטֵ֑ם וָאַשְׁבִּיעֵ֣ם בֵּֽאלֹהִ֗ים אִם־תִּתְּנ֤וּ בְנֹֽתֵיכֶם֙ לִבְנֵיהֶ֔ם וְאִם־תִּשְׂאוּ֙ מִבְּנֹ֣תֵיהֶ֔ם לִבְנֵיכֶ֖ם וְלָכֶֽם׃
ספר עזרא/נחמיה יג	כו	__	{{מ:פסוק|נחמיה|יג|כו}}	הֲל֣וֹא עַל־אֵ֣לֶּה חָטָֽא־שְׁלֹמֹ֣ה מֶ֣לֶךְ יִשְׂרָאֵ֡ל וּבַגּוֹיִ֣ם הָרַבִּים֩ לֹֽא־הָיָ֨ה מֶ֜לֶךְ כָּמֹ֗הוּ וְאָה֤וּב לֵֽאלֹהָיו֙ הָיָ֔ה וַיִּתְּנֵ֣הוּ אֱלֹהִ֔ים מֶ֖לֶךְ עַל־כׇּל־יִשְׂרָאֵ֑ל גַּם־אוֹת֣וֹ הֶחֱטִ֔יאוּ הַנָּשִׁ֖ים הַנׇּכְרִיּֽוֹת׃
ספר עזרא/נחמיה יג	כז	__	{{מ:פסוק|נחמיה|יג|כז}}	וְלָכֶ֣ם הֲנִשְׁמַ֗ע לַעֲשֹׂת֙ אֵ֣ת כׇּל־הָרָעָ֤ה הַגְּדוֹלָה֙ {{נוסח|הַזֹּ֔את|ל=הזֹּ֔את (חסר פתח!)|הערת דותן}} לִמְעֹ֖ל בֵּֽאלֹהֵ֑ינוּ לְהֹשִׁ֖יב נָשִׁ֥ים נׇכְרִיּֽוֹת׃
ספר עזרא/נחמיה יג	כח	__	{{מ:פסוק|נחמיה|יג|כח}}	וּמִבְּנֵ֨י יוֹיָדָ֤ע בֶּן־אֶלְיָשִׁיב֙ הַכֹּהֵ֣ן הַגָּד֔וֹל חָתָ֖ן לְסַנְבַלַּ֣ט הַחֹרֹנִ֑י וָאַבְרִיחֵ֖הוּ מֵעָלָֽי׃
ספר עזרא/נחמיה יג	כט	__	{{מ:פסוק|נחמיה|יג|כט}}	זׇכְרָ֥ה לָהֶ֖ם אֱלֹהָ֑י עַ֚ל {{מ:קמץ|ד=גׇּאֳלֵ֣י|ס=גָּאֳלֵ֣י}} הַכְּהֻנָּ֔ה וּבְרִ֥ית הַכְּהֻנָּ֖ה וְהַלְוִיִּֽם׃
ספר עזרא/נחמיה יג	ל	__	{{מ:פסוק|נחמיה|יג|ל}}	וְטִֽהַרְתִּ֖ים מִכׇּל־נֵכָ֑ר{{פסקא באמצע פסוק|{{פפפ}}|נחמיה יג ל|ל=אין פרשה}}וָאַעֲמִ֧ידָה מִשְׁמָר֛וֹת לַכֹּהֲנִ֥ים וְלַלְוִיִּ֖ם אִ֥ישׁ בִּמְלַאכְתּֽוֹ׃
ספר עזרא/נחמיה יג	לא	__	{{מ:פסוק|נחמיה|יג|לא}}	וּלְקֻרְבַּ֧ן הָעֵצִ֛ים בְּעִתִּ֥ים מְזֻמָּנ֖וֹת וְלַבִּכּוּרִ֑ים זׇכְרָה־לִּ֥י אֱלֹהַ֖י לְטוֹבָֽה׃
ספר עזרא/נחמיה יג	תתת	<noinclude>//{{תבנית:משתמש:Dovi/טעמי המקרא-סוף}}//{{מ:שוליים-סוף}}//==הפרק בלי מספרים==//{{תבנית:משתמש:Dovi/טעמי המקרא}}//{{#בלי קטע:{{שם הדף המלא}}|סימן}}//{{תבנית:משתמש:Dovi/טעמי המקרא-סוף}}//////{{בסיס-משתמש|שם=משתמש:Dovi/תורה על פי המסורה/ספר עזרא}}//</noinclude>		
